{
  "id" : "08ab5da0-3ce0-11e9-a384-4d0969022ab9-0",
  "name" : "data1.txt",
  "createdDate" : 0,
  "version" : 3,
  "text" : "Dear Sir,bill id A1290 through software solutions which they are using in their organization \r\nMy name is mohan chauhan  simply dummy text of the printing and typesetting industry. Lorem Ipsum has been the industry's standard dummy\r\nmy email id is mohan@gmail.com\r\nI work at Reliance Industries\r\nmy date of birth is 18/07/1995\r\nmy employee id is 234989\r\n text ever since the 1500s, when an unknown printer took a galley of type and scrambled it to make a type specimen book. I\r\nmy bank account no is 0601230981\r\nmy mobile no is 9997868378\r\nmy aadhar no is 9568-4556-4344-4567\r\nmy pancard id is AAAPL1234C\r\nmy address is flat 34,sector-23,Boring road,Delhi\r\nI have bought a car of $80,038 \r\n\r\n \r\n",
  "docLength" : 0,
  "language" : "EN",
  "status" : "SUBMITTED",
  "modifiedDate" : 1551527970031,
  "documentSet" : [ ],
  "preannotation" : [ ],
  "sentences" : [ {
    "id" : "s0",
    "begin" : 0,
    "end" : 180,
    "text" : "Dear Sir,bill id A1290 through software solutions which they are using in their organization \r\nMy name is mohan chauhan  simply dummy text of the printing and typesetting industry.",
    "tokens" : [ {
      "id" : "s0-t0",
      "begin" : 0,
      "end" : 4,
      "text" : "Dear",
      "whiteSpace" : false
    }, {
      "id" : "s0-t1",
      "begin" : 5,
      "end" : 8,
      "text" : "Sir",
      "whiteSpace" : false
    }, {
      "id" : "s0-t2",
      "begin" : 8,
      "end" : 9,
      "text" : ",",
      "whiteSpace" : false
    }, {
      "id" : "s0-t3",
      "begin" : 9,
      "end" : 13,
      "text" : "bill",
      "whiteSpace" : false
    }, {
      "id" : "s0-t4",
      "begin" : 14,
      "end" : 16,
      "text" : "id",
      "whiteSpace" : false
    }, {
      "id" : "s0-t5",
      "begin" : 17,
      "end" : 22,
      "text" : "A1290",
      "whiteSpace" : false
    }, {
      "id" : "s0-t6",
      "begin" : 23,
      "end" : 30,
      "text" : "through",
      "whiteSpace" : false
    }, {
      "id" : "s0-t7",
      "begin" : 31,
      "end" : 39,
      "text" : "software",
      "whiteSpace" : false
    }, {
      "id" : "s0-t8",
      "begin" : 40,
      "end" : 49,
      "text" : "solutions",
      "whiteSpace" : false
    }, {
      "id" : "s0-t9",
      "begin" : 50,
      "end" : 55,
      "text" : "which",
      "whiteSpace" : false
    }, {
      "id" : "s0-t10",
      "begin" : 56,
      "end" : 60,
      "text" : "they",
      "whiteSpace" : false
    }, {
      "id" : "s0-t11",
      "begin" : 61,
      "end" : 64,
      "text" : "are",
      "whiteSpace" : false
    }, {
      "id" : "s0-t12",
      "begin" : 65,
      "end" : 70,
      "text" : "using",
      "whiteSpace" : false
    }, {
      "id" : "s0-t13",
      "begin" : 71,
      "end" : 73,
      "text" : "in",
      "whiteSpace" : false
    }, {
      "id" : "s0-t14",
      "begin" : 74,
      "end" : 79,
      "text" : "their",
      "whiteSpace" : false
    }, {
      "id" : "s0-t15",
      "begin" : 80,
      "end" : 92,
      "text" : "organization",
      "whiteSpace" : false
    }, {
      "id" : "s0-t16",
      "begin" : 95,
      "end" : 97,
      "text" : "My",
      "whiteSpace" : false
    }, {
      "id" : "s0-t17",
      "begin" : 98,
      "end" : 102,
      "text" : "name",
      "whiteSpace" : false
    }, {
      "id" : "s0-t18",
      "begin" : 103,
      "end" : 105,
      "text" : "is",
      "whiteSpace" : false
    }, {
      "id" : "s0-t19",
      "begin" : 106,
      "end" : 111,
      "text" : "mohan",
      "whiteSpace" : false
    }, {
      "id" : "s0-t20",
      "begin" : 112,
      "end" : 119,
      "text" : "chauhan",
      "whiteSpace" : false
    }, {
      "id" : "s0-t21",
      "begin" : 121,
      "end" : 127,
      "text" : "simply",
      "whiteSpace" : false
    }, {
      "id" : "s0-t22",
      "begin" : 128,
      "end" : 133,
      "text" : "dummy",
      "whiteSpace" : false
    }, {
      "id" : "s0-t23",
      "begin" : 134,
      "end" : 138,
      "text" : "text",
      "whiteSpace" : false
    }, {
      "id" : "s0-t24",
      "begin" : 139,
      "end" : 141,
      "text" : "of",
      "whiteSpace" : false
    }, {
      "id" : "s0-t25",
      "begin" : 142,
      "end" : 145,
      "text" : "the",
      "whiteSpace" : false
    }, {
      "id" : "s0-t26",
      "begin" : 146,
      "end" : 154,
      "text" : "printing",
      "whiteSpace" : false
    }, {
      "id" : "s0-t27",
      "begin" : 155,
      "end" : 158,
      "text" : "and",
      "whiteSpace" : false
    }, {
      "id" : "s0-t28",
      "begin" : 159,
      "end" : 170,
      "text" : "typesetting",
      "whiteSpace" : false
    }, {
      "id" : "s0-t29",
      "begin" : 171,
      "end" : 179,
      "text" : "industry",
      "whiteSpace" : false
    }, {
      "id" : "s0-t30",
      "begin" : 179,
      "end" : 180,
      "text" : ".",
      "whiteSpace" : false
    } ]
  }, {
    "id" : "s1",
    "begin" : 181,
    "end" : 474,
    "text" : "Lorem Ipsum has been the industry's standard dummy\r\nmy email id is mohan@gmail.com\r\nI work at Reliance Industries\r\nmy date of birth is 18/07/1995\r\nmy employee id is 234989\r\n text ever since the 1500s, when an unknown printer took a galley of type and scrambled it to make a type specimen book.",
    "tokens" : [ {
      "id" : "s1-t0",
      "begin" : 181,
      "end" : 186,
      "text" : "Lorem",
      "whiteSpace" : false
    }, {
      "id" : "s1-t1",
      "begin" : 187,
      "end" : 192,
      "text" : "Ipsum",
      "whiteSpace" : false
    }, {
      "id" : "s1-t2",
      "begin" : 193,
      "end" : 196,
      "text" : "has",
      "whiteSpace" : false
    }, {
      "id" : "s1-t3",
      "begin" : 197,
      "end" : 201,
      "text" : "been",
      "whiteSpace" : false
    }, {
      "id" : "s1-t4",
      "begin" : 202,
      "end" : 205,
      "text" : "the",
      "whiteSpace" : false
    }, {
      "id" : "s1-t5",
      "begin" : 206,
      "end" : 214,
      "text" : "industry",
      "whiteSpace" : false
    }, {
      "id" : "s1-t6",
      "begin" : 214,
      "end" : 216,
      "text" : "'s",
      "whiteSpace" : false
    }, {
      "id" : "s1-t7",
      "begin" : 217,
      "end" : 225,
      "text" : "standard",
      "whiteSpace" : false
    }, {
      "id" : "s1-t8",
      "begin" : 226,
      "end" : 231,
      "text" : "dummy",
      "whiteSpace" : false
    }, {
      "id" : "s1-t9",
      "begin" : 233,
      "end" : 235,
      "text" : "my",
      "whiteSpace" : false
    }, {
      "id" : "s1-t10",
      "begin" : 236,
      "end" : 241,
      "text" : "email",
      "whiteSpace" : false
    }, {
      "id" : "s1-t11",
      "begin" : 242,
      "end" : 244,
      "text" : "id",
      "whiteSpace" : false
    }, {
      "id" : "s1-t12",
      "begin" : 245,
      "end" : 247,
      "text" : "is",
      "whiteSpace" : false
    }, {
      "id" : "s1-t13",
      "begin" : 248,
      "end" : 263,
      "text" : "mohan@gmail.com",
      "whiteSpace" : false
    }, {
      "id" : "s1-t14",
      "begin" : 265,
      "end" : 266,
      "text" : "I",
      "whiteSpace" : false
    }, {
      "id" : "s1-t15",
      "begin" : 267,
      "end" : 271,
      "text" : "work",
      "whiteSpace" : false
    }, {
      "id" : "s1-t16",
      "begin" : 272,
      "end" : 274,
      "text" : "at",
      "whiteSpace" : false
    }, {
      "id" : "s1-t17",
      "begin" : 275,
      "end" : 283,
      "text" : "Reliance",
      "whiteSpace" : false
    }, {
      "id" : "s1-t18",
      "begin" : 284,
      "end" : 294,
      "text" : "Industries",
      "whiteSpace" : false
    }, {
      "id" : "s1-t19",
      "begin" : 296,
      "end" : 298,
      "text" : "my",
      "whiteSpace" : false
    }, {
      "id" : "s1-t20",
      "begin" : 299,
      "end" : 303,
      "text" : "date",
      "whiteSpace" : false
    }, {
      "id" : "s1-t21",
      "begin" : 304,
      "end" : 306,
      "text" : "of",
      "whiteSpace" : false
    }, {
      "id" : "s1-t22",
      "begin" : 307,
      "end" : 312,
      "text" : "birth",
      "whiteSpace" : false
    }, {
      "id" : "s1-t23",
      "begin" : 313,
      "end" : 315,
      "text" : "is",
      "whiteSpace" : false
    }, {
      "id" : "s1-t24",
      "begin" : 316,
      "end" : 326,
      "text" : "18/07/1995",
      "whiteSpace" : false
    }, {
      "id" : "s1-t25",
      "begin" : 328,
      "end" : 330,
      "text" : "my",
      "whiteSpace" : false
    }, {
      "id" : "s1-t26",
      "begin" : 331,
      "end" : 339,
      "text" : "employee",
      "whiteSpace" : false
    }, {
      "id" : "s1-t27",
      "begin" : 340,
      "end" : 342,
      "text" : "id",
      "whiteSpace" : false
    }, {
      "id" : "s1-t28",
      "begin" : 343,
      "end" : 345,
      "text" : "is",
      "whiteSpace" : false
    }, {
      "id" : "s1-t29",
      "begin" : 346,
      "end" : 352,
      "text" : "234989",
      "whiteSpace" : false
    }, {
      "id" : "s1-t30",
      "begin" : 355,
      "end" : 359,
      "text" : "text",
      "whiteSpace" : false
    }, {
      "id" : "s1-t31",
      "begin" : 360,
      "end" : 364,
      "text" : "ever",
      "whiteSpace" : false
    }, {
      "id" : "s1-t32",
      "begin" : 365,
      "end" : 370,
      "text" : "since",
      "whiteSpace" : false
    }, {
      "id" : "s1-t33",
      "begin" : 371,
      "end" : 374,
      "text" : "the",
      "whiteSpace" : false
    }, {
      "id" : "s1-t34",
      "begin" : 375,
      "end" : 380,
      "text" : "1500s",
      "whiteSpace" : false
    }, {
      "id" : "s1-t35",
      "begin" : 380,
      "end" : 381,
      "text" : ",",
      "whiteSpace" : false
    }, {
      "id" : "s1-t36",
      "begin" : 382,
      "end" : 386,
      "text" : "when",
      "whiteSpace" : false
    }, {
      "id" : "s1-t37",
      "begin" : 387,
      "end" : 389,
      "text" : "an",
      "whiteSpace" : false
    }, {
      "id" : "s1-t38",
      "begin" : 390,
      "end" : 397,
      "text" : "unknown",
      "whiteSpace" : false
    }, {
      "id" : "s1-t39",
      "begin" : 398,
      "end" : 405,
      "text" : "printer",
      "whiteSpace" : false
    }, {
      "id" : "s1-t40",
      "begin" : 406,
      "end" : 410,
      "text" : "took",
      "whiteSpace" : false
    }, {
      "id" : "s1-t41",
      "begin" : 411,
      "end" : 412,
      "text" : "a",
      "whiteSpace" : false
    }, {
      "id" : "s1-t42",
      "begin" : 413,
      "end" : 419,
      "text" : "galley",
      "whiteSpace" : false
    }, {
      "id" : "s1-t43",
      "begin" : 420,
      "end" : 422,
      "text" : "of",
      "whiteSpace" : false
    }, {
      "id" : "s1-t44",
      "begin" : 423,
      "end" : 427,
      "text" : "type",
      "whiteSpace" : false
    }, {
      "id" : "s1-t45",
      "begin" : 428,
      "end" : 431,
      "text" : "and",
      "whiteSpace" : false
    }, {
      "id" : "s1-t46",
      "begin" : 432,
      "end" : 441,
      "text" : "scrambled",
      "whiteSpace" : false
    }, {
      "id" : "s1-t47",
      "begin" : 442,
      "end" : 444,
      "text" : "it",
      "whiteSpace" : false
    }, {
      "id" : "s1-t48",
      "begin" : 445,
      "end" : 447,
      "text" : "to",
      "whiteSpace" : false
    }, {
      "id" : "s1-t49",
      "begin" : 448,
      "end" : 452,
      "text" : "make",
      "whiteSpace" : false
    }, {
      "id" : "s1-t50",
      "begin" : 453,
      "end" : 454,
      "text" : "a",
      "whiteSpace" : false
    }, {
      "id" : "s1-t51",
      "begin" : 455,
      "end" : 459,
      "text" : "type",
      "whiteSpace" : false
    }, {
      "id" : "s1-t52",
      "begin" : 460,
      "end" : 468,
      "text" : "specimen",
      "whiteSpace" : false
    }, {
      "id" : "s1-t53",
      "begin" : 469,
      "end" : 473,
      "text" : "book",
      "whiteSpace" : false
    }, {
      "id" : "s1-t54",
      "begin" : 473,
      "end" : 474,
      "text" : ".",
      "whiteSpace" : false
    } ]
  }, {
    "id" : "s2",
    "begin" : 475,
    "end" : 687,
    "text" : "I\r\nmy bank account no is 0601230981\r\nmy mobile no is 9997868378\r\nmy aadhar no is 9568-4556-4344-4567\r\nmy pancard id is AAAPL1234C\r\nmy address is flat 34,sector-23,Boring road,Delhi\r\nI have bought a car of $80,038",
    "tokens" : [ {
      "id" : "s2-t0",
      "begin" : 475,
      "end" : 476,
      "text" : "I",
      "whiteSpace" : false
    }, {
      "id" : "s2-t1",
      "begin" : 478,
      "end" : 480,
      "text" : "my",
      "whiteSpace" : false
    }, {
      "id" : "s2-t2",
      "begin" : 481,
      "end" : 485,
      "text" : "bank",
      "whiteSpace" : false
    }, {
      "id" : "s2-t3",
      "begin" : 486,
      "end" : 493,
      "text" : "account",
      "whiteSpace" : false
    }, {
      "id" : "s2-t4",
      "begin" : 494,
      "end" : 496,
      "text" : "no",
      "whiteSpace" : false
    }, {
      "id" : "s2-t5",
      "begin" : 497,
      "end" : 499,
      "text" : "is",
      "whiteSpace" : false
    }, {
      "id" : "s2-t6",
      "begin" : 500,
      "end" : 510,
      "text" : "0601230981",
      "whiteSpace" : false
    }, {
      "id" : "s2-t7",
      "begin" : 512,
      "end" : 514,
      "text" : "my",
      "whiteSpace" : false
    }, {
      "id" : "s2-t8",
      "begin" : 515,
      "end" : 521,
      "text" : "mobile",
      "whiteSpace" : false
    }, {
      "id" : "s2-t9",
      "begin" : 522,
      "end" : 524,
      "text" : "no",
      "whiteSpace" : false
    }, {
      "id" : "s2-t10",
      "begin" : 525,
      "end" : 527,
      "text" : "is",
      "whiteSpace" : false
    }, {
      "id" : "s2-t11",
      "begin" : 528,
      "end" : 538,
      "text" : "9997868378",
      "whiteSpace" : false
    }, {
      "id" : "s2-t12",
      "begin" : 540,
      "end" : 542,
      "text" : "my",
      "whiteSpace" : false
    }, {
      "id" : "s2-t13",
      "begin" : 543,
      "end" : 549,
      "text" : "aadhar",
      "whiteSpace" : false
    }, {
      "id" : "s2-t14",
      "begin" : 550,
      "end" : 552,
      "text" : "no",
      "whiteSpace" : false
    }, {
      "id" : "s2-t15",
      "begin" : 553,
      "end" : 555,
      "text" : "is",
      "whiteSpace" : false
    }, {
      "id" : "s2-t16",
      "begin" : 556,
      "end" : 575,
      "text" : "9568-4556-4344-4567",
      "whiteSpace" : false
    }, {
      "id" : "s2-t17",
      "begin" : 577,
      "end" : 579,
      "text" : "my",
      "whiteSpace" : false
    }, {
      "id" : "s2-t18",
      "begin" : 580,
      "end" : 587,
      "text" : "pancard",
      "whiteSpace" : false
    }, {
      "id" : "s2-t19",
      "begin" : 588,
      "end" : 590,
      "text" : "id",
      "whiteSpace" : false
    }, {
      "id" : "s2-t20",
      "begin" : 591,
      "end" : 593,
      "text" : "is",
      "whiteSpace" : false
    }, {
      "id" : "s2-t21",
      "begin" : 594,
      "end" : 604,
      "text" : "AAAPL1234C",
      "whiteSpace" : false
    }, {
      "id" : "s2-t22",
      "begin" : 606,
      "end" : 608,
      "text" : "my",
      "whiteSpace" : false
    }, {
      "id" : "s2-t23",
      "begin" : 609,
      "end" : 616,
      "text" : "address",
      "whiteSpace" : false
    }, {
      "id" : "s2-t24",
      "begin" : 617,
      "end" : 619,
      "text" : "is",
      "whiteSpace" : false
    }, {
      "id" : "s2-t25",
      "begin" : 620,
      "end" : 624,
      "text" : "flat",
      "whiteSpace" : false
    }, {
      "id" : "s2-t26",
      "begin" : 625,
      "end" : 627,
      "text" : "34",
      "whiteSpace" : false
    }, {
      "id" : "s2-t27",
      "begin" : 627,
      "end" : 637,
      "text" : ",sector-23",
      "whiteSpace" : false
    }, {
      "id" : "s2-t28",
      "begin" : 637,
      "end" : 638,
      "text" : ",",
      "whiteSpace" : false
    }, {
      "id" : "s2-t29",
      "begin" : 638,
      "end" : 644,
      "text" : "Boring",
      "whiteSpace" : false
    }, {
      "id" : "s2-t30",
      "begin" : 645,
      "end" : 649,
      "text" : "road",
      "whiteSpace" : false
    }, {
      "id" : "s2-t31",
      "begin" : 649,
      "end" : 650,
      "text" : ",",
      "whiteSpace" : false
    }, {
      "id" : "s2-t32",
      "begin" : 650,
      "end" : 655,
      "text" : "Delhi",
      "whiteSpace" : false
    }, {
      "id" : "s2-t33",
      "begin" : 657,
      "end" : 658,
      "text" : "I",
      "whiteSpace" : false
    }, {
      "id" : "s2-t34",
      "begin" : 659,
      "end" : 663,
      "text" : "have",
      "whiteSpace" : false
    }, {
      "id" : "s2-t35",
      "begin" : 664,
      "end" : 670,
      "text" : "bought",
      "whiteSpace" : false
    }, {
      "id" : "s2-t36",
      "begin" : 671,
      "end" : 672,
      "text" : "a",
      "whiteSpace" : false
    }, {
      "id" : "s2-t37",
      "begin" : 673,
      "end" : 676,
      "text" : "car",
      "whiteSpace" : false
    }, {
      "id" : "s2-t38",
      "begin" : 677,
      "end" : 679,
      "text" : "of",
      "whiteSpace" : false
    }, {
      "id" : "s2-t39",
      "begin" : 680,
      "end" : 681,
      "text" : "$",
      "whiteSpace" : false
    }, {
      "id" : "s2-t40",
      "begin" : 681,
      "end" : 687,
      "text" : "80,038",
      "whiteSpace" : false
    } ]
  } ],
  "mentions" : [ {
    "id" : "s0-m1",
    "properties" : {
      "SIRE_MENTION_ROLE" : "BillNo",
      "SIRE_ENTITY_SUBTYPE" : "NONE",
      "SIRE_MENTION_TYPE" : "NONE",
      "SIRE_MENTION_CLASS" : "SPC"
    },
    "type" : "BillNo",
    "begin" : 17,
    "end" : 22,
    "inCoref" : false
  }, {
    "id" : "s0-m2",
    "properties" : {
      "SIRE_MENTION_ROLE" : "Name",
      "SIRE_ENTITY_SUBTYPE" : "NONE",
      "SIRE_MENTION_TYPE" : "NONE",
      "SIRE_MENTION_CLASS" : "SPC"
    },
    "type" : "Name",
    "begin" : 106,
    "end" : 119,
    "inCoref" : false
  }, {
    "id" : "s1-m1",
    "properties" : {
      "SIRE_MENTION_ROLE" : "Company",
      "SIRE_ENTITY_SUBTYPE" : "NONE",
      "SIRE_MENTION_TYPE" : "NONE",
      "SIRE_MENTION_CLASS" : "SPC"
    },
    "type" : "Company",
    "begin" : 181,
    "end" : 192,
    "inCoref" : false
  }, {
    "id" : "s1-m2",
    "properties" : {
      "SIRE_MENTION_ROLE" : "EmailId",
      "SIRE_ENTITY_SUBTYPE" : "NONE",
      "SIRE_MENTION_TYPE" : "NONE",
      "SIRE_MENTION_CLASS" : "SPC"
    },
    "type" : "EmailId",
    "begin" : 248,
    "end" : 263,
    "inCoref" : false
  }, {
    "id" : "s1-m3",
    "properties" : {
      "SIRE_MENTION_ROLE" : "Company",
      "SIRE_ENTITY_SUBTYPE" : "NONE",
      "SIRE_MENTION_TYPE" : "NONE",
      "SIRE_MENTION_CLASS" : "SPC"
    },
    "type" : "Company",
    "begin" : 275,
    "end" : 294,
    "inCoref" : false
  }, {
    "id" : "s1-m4",
    "properties" : {
      "SIRE_MENTION_ROLE" : "DOB",
      "SIRE_ENTITY_SUBTYPE" : "NONE",
      "SIRE_MENTION_TYPE" : "NONE",
      "SIRE_MENTION_CLASS" : "SPC"
    },
    "type" : "DOB",
    "begin" : 316,
    "end" : 326,
    "inCoref" : false
  }, {
    "id" : "s1-m5",
    "properties" : {
      "SIRE_MENTION_ROLE" : "EmailId",
      "SIRE_ENTITY_SUBTYPE" : "NONE",
      "SIRE_MENTION_TYPE" : "NONE",
      "SIRE_MENTION_CLASS" : "SPC"
    },
    "type" : "EmailId",
    "begin" : 346,
    "end" : 352,
    "inCoref" : false
  }, {
    "id" : "s2-m1",
    "properties" : {
      "SIRE_MENTION_ROLE" : "AccountNo",
      "SIRE_ENTITY_SUBTYPE" : "NONE",
      "SIRE_MENTION_TYPE" : "NONE",
      "SIRE_MENTION_CLASS" : "SPC"
    },
    "type" : "AccountNo",
    "begin" : 500,
    "end" : 510,
    "inCoref" : false
  }, {
    "id" : "s2-m2",
    "properties" : {
      "SIRE_MENTION_ROLE" : "MobileNo",
      "SIRE_ENTITY_SUBTYPE" : "NONE",
      "SIRE_MENTION_TYPE" : "NONE",
      "SIRE_MENTION_CLASS" : "SPC"
    },
    "type" : "MobileNo",
    "begin" : 528,
    "end" : 538,
    "inCoref" : false
  }, {
    "id" : "s2-m3",
    "properties" : {
      "SIRE_MENTION_ROLE" : "AccountNo",
      "SIRE_ENTITY_SUBTYPE" : "NONE",
      "SIRE_MENTION_TYPE" : "NONE",
      "SIRE_MENTION_CLASS" : "SPC"
    },
    "type" : "AccountNo",
    "begin" : 556,
    "end" : 575,
    "inCoref" : false
  }, {
    "id" : "s2-m4",
    "properties" : {
      "SIRE_MENTION_ROLE" : "PanCard",
      "SIRE_ENTITY_SUBTYPE" : "NONE",
      "SIRE_MENTION_TYPE" : "NONE",
      "SIRE_MENTION_CLASS" : "SPC"
    },
    "type" : "PanCard",
    "begin" : 594,
    "end" : 604,
    "inCoref" : false
  }, {
    "id" : "s2-m5",
    "properties" : {
      "SIRE_MENTION_ROLE" : "Address",
      "SIRE_ENTITY_SUBTYPE" : "NONE",
      "SIRE_MENTION_TYPE" : "NONE",
      "SIRE_MENTION_CLASS" : "SPC"
    },
    "type" : "Address",
    "begin" : 620,
    "end" : 655,
    "inCoref" : false
  }, {
    "id" : "s2-m6",
    "properties" : {
      "SIRE_MENTION_ROLE" : "Price",
      "SIRE_ENTITY_SUBTYPE" : "NONE",
      "SIRE_MENTION_TYPE" : "NONE",
      "SIRE_MENTION_CLASS" : "SPC"
    },
    "type" : "Price",
    "begin" : 680,
    "end" : 687,
    "inCoref" : false
  } ],
  "relations" : [ ],
  "corefs" : [ ],
  "typeResolved" : true,
  "userResolved" : false
}