{
  "id" : "0a1f91a0-3ce1-11e9-a326-59f5c5225732-0",
  "name" : "data24.txt",
  "createdDate" : 0,
  "version" : 3,
  "text" : "Hello Sir,\n\nemail id : navn@gmail.com\nEmployeeId : 456196 \nPan Card No : OUNTL1900I\nname : Sadaf ashraf\nmy name is sanjeev kumar\nsimply dummy text of the printing and typesetting industry. Lorem Ipsum has been the industry's standard dummy I was born on 25th of may,1986\nmy company name is  IBM and I work here since 2016\n\nmy employee id is 109056\n text ever since the 1500s, when an unknown printer took a galley of type and scrambled it to make a type specimen book. I\nmy bank account no is 8800120091.bill id B5000.my aadhar no is 9999999943540007\nthat a reader will be distracted by the readable content of a page when looking at its layout. The point of using Audi is that it has a m.my address is flat 56,saqib Road,Pakistan\nI have bought a bunglow of Rs 76,372 \nmy mobile no is +91-9607991378\n",
  "docLength" : 0,
  "language" : "EN",
  "status" : "SUBMITTED",
  "modifiedDate" : 1551530317552,
  "documentSet" : [ ],
  "preannotation" : [ ],
  "sentences" : [ {
    "id" : "s0",
    "begin" : 0,
    "end" : 10,
    "text" : "Hello Sir,",
    "tokens" : [ {
      "id" : "s0-t0",
      "begin" : 0,
      "end" : 5,
      "text" : "Hello",
      "whiteSpace" : false
    }, {
      "id" : "s0-t1",
      "begin" : 6,
      "end" : 9,
      "text" : "Sir",
      "whiteSpace" : false
    }, {
      "id" : "s0-t2",
      "begin" : 9,
      "end" : 10,
      "text" : ",",
      "whiteSpace" : false
    } ]
  }, {
    "id" : "s1",
    "begin" : 12,
    "end" : 188,
    "text" : "email id : navn@gmail.com\nEmployeeId : 456196 \nPan Card No : OUNTL1900I\nname : Sadaf ashraf\nmy name is sanjeev kumar\nsimply dummy text of the printing and typesetting industry.",
    "tokens" : [ {
      "id" : "s1-t0",
      "begin" : 12,
      "end" : 17,
      "text" : "email",
      "whiteSpace" : false
    }, {
      "id" : "s1-t1",
      "begin" : 18,
      "end" : 20,
      "text" : "id",
      "whiteSpace" : false
    }, {
      "id" : "s1-t2",
      "begin" : 21,
      "end" : 22,
      "text" : ":",
      "whiteSpace" : false
    }, {
      "id" : "s1-t3",
      "begin" : 23,
      "end" : 37,
      "text" : "navn@gmail.com",
      "whiteSpace" : false
    }, {
      "id" : "s1-t4",
      "begin" : 38,
      "end" : 48,
      "text" : "EmployeeId",
      "whiteSpace" : false
    }, {
      "id" : "s1-t5",
      "begin" : 49,
      "end" : 50,
      "text" : ":",
      "whiteSpace" : false
    }, {
      "id" : "s1-t6",
      "begin" : 51,
      "end" : 57,
      "text" : "456196",
      "whiteSpace" : false
    }, {
      "id" : "s1-t7",
      "begin" : 59,
      "end" : 62,
      "text" : "Pan",
      "whiteSpace" : false
    }, {
      "id" : "s1-t8",
      "begin" : 63,
      "end" : 67,
      "text" : "Card",
      "whiteSpace" : false
    }, {
      "id" : "s1-t9",
      "begin" : 68,
      "end" : 70,
      "text" : "No",
      "whiteSpace" : false
    }, {
      "id" : "s1-t10",
      "begin" : 71,
      "end" : 72,
      "text" : ":",
      "whiteSpace" : false
    }, {
      "id" : "s1-t11",
      "begin" : 73,
      "end" : 83,
      "text" : "OUNTL1900I",
      "whiteSpace" : false
    }, {
      "id" : "s1-t12",
      "begin" : 84,
      "end" : 88,
      "text" : "name",
      "whiteSpace" : false
    }, {
      "id" : "s1-t13",
      "begin" : 89,
      "end" : 90,
      "text" : ":",
      "whiteSpace" : false
    }, {
      "id" : "s1-t14",
      "begin" : 91,
      "end" : 96,
      "text" : "Sadaf",
      "whiteSpace" : false
    }, {
      "id" : "s1-t15",
      "begin" : 97,
      "end" : 103,
      "text" : "ashraf",
      "whiteSpace" : false
    }, {
      "id" : "s1-t16",
      "begin" : 104,
      "end" : 106,
      "text" : "my",
      "whiteSpace" : false
    }, {
      "id" : "s1-t17",
      "begin" : 107,
      "end" : 111,
      "text" : "name",
      "whiteSpace" : false
    }, {
      "id" : "s1-t18",
      "begin" : 112,
      "end" : 114,
      "text" : "is",
      "whiteSpace" : false
    }, {
      "id" : "s1-t19",
      "begin" : 115,
      "end" : 122,
      "text" : "sanjeev",
      "whiteSpace" : false
    }, {
      "id" : "s1-t20",
      "begin" : 123,
      "end" : 128,
      "text" : "kumar",
      "whiteSpace" : false
    }, {
      "id" : "s1-t21",
      "begin" : 129,
      "end" : 135,
      "text" : "simply",
      "whiteSpace" : false
    }, {
      "id" : "s1-t22",
      "begin" : 136,
      "end" : 141,
      "text" : "dummy",
      "whiteSpace" : false
    }, {
      "id" : "s1-t23",
      "begin" : 142,
      "end" : 146,
      "text" : "text",
      "whiteSpace" : false
    }, {
      "id" : "s1-t24",
      "begin" : 147,
      "end" : 149,
      "text" : "of",
      "whiteSpace" : false
    }, {
      "id" : "s1-t25",
      "begin" : 150,
      "end" : 153,
      "text" : "the",
      "whiteSpace" : false
    }, {
      "id" : "s1-t26",
      "begin" : 154,
      "end" : 162,
      "text" : "printing",
      "whiteSpace" : false
    }, {
      "id" : "s1-t27",
      "begin" : 163,
      "end" : 166,
      "text" : "and",
      "whiteSpace" : false
    }, {
      "id" : "s1-t28",
      "begin" : 167,
      "end" : 178,
      "text" : "typesetting",
      "whiteSpace" : false
    }, {
      "id" : "s1-t29",
      "begin" : 179,
      "end" : 187,
      "text" : "industry",
      "whiteSpace" : false
    }, {
      "id" : "s1-t30",
      "begin" : 187,
      "end" : 188,
      "text" : ".",
      "whiteSpace" : false
    } ]
  }, {
    "id" : "s2",
    "begin" : 189,
    "end" : 321,
    "text" : "Lorem Ipsum has been the industry's standard dummy I was born on 25th of may,1986\nmy company name is  IBM and I work here since 2016",
    "tokens" : [ {
      "id" : "s2-t0",
      "begin" : 189,
      "end" : 194,
      "text" : "Lorem",
      "whiteSpace" : false
    }, {
      "id" : "s2-t1",
      "begin" : 195,
      "end" : 200,
      "text" : "Ipsum",
      "whiteSpace" : false
    }, {
      "id" : "s2-t2",
      "begin" : 201,
      "end" : 204,
      "text" : "has",
      "whiteSpace" : false
    }, {
      "id" : "s2-t3",
      "begin" : 205,
      "end" : 209,
      "text" : "been",
      "whiteSpace" : false
    }, {
      "id" : "s2-t4",
      "begin" : 210,
      "end" : 213,
      "text" : "the",
      "whiteSpace" : false
    }, {
      "id" : "s2-t5",
      "begin" : 214,
      "end" : 222,
      "text" : "industry",
      "whiteSpace" : false
    }, {
      "id" : "s2-t6",
      "begin" : 222,
      "end" : 224,
      "text" : "'s",
      "whiteSpace" : false
    }, {
      "id" : "s2-t7",
      "begin" : 225,
      "end" : 233,
      "text" : "standard",
      "whiteSpace" : false
    }, {
      "id" : "s2-t8",
      "begin" : 234,
      "end" : 239,
      "text" : "dummy",
      "whiteSpace" : false
    }, {
      "id" : "s2-t9",
      "begin" : 240,
      "end" : 241,
      "text" : "I",
      "whiteSpace" : false
    }, {
      "id" : "s2-t10",
      "begin" : 242,
      "end" : 245,
      "text" : "was",
      "whiteSpace" : false
    }, {
      "id" : "s2-t11",
      "begin" : 246,
      "end" : 250,
      "text" : "born",
      "whiteSpace" : false
    }, {
      "id" : "s2-t12",
      "begin" : 251,
      "end" : 253,
      "text" : "on",
      "whiteSpace" : false
    }, {
      "id" : "s2-t13",
      "begin" : 254,
      "end" : 258,
      "text" : "25th",
      "whiteSpace" : false
    }, {
      "id" : "s2-t14",
      "begin" : 259,
      "end" : 261,
      "text" : "of",
      "whiteSpace" : false
    }, {
      "id" : "s2-t15",
      "begin" : 262,
      "end" : 265,
      "text" : "may",
      "whiteSpace" : false
    }, {
      "id" : "s2-t16",
      "begin" : 265,
      "end" : 266,
      "text" : ",",
      "whiteSpace" : false
    }, {
      "id" : "s2-t17",
      "begin" : 266,
      "end" : 270,
      "text" : "1986",
      "whiteSpace" : false
    }, {
      "id" : "s2-t18",
      "begin" : 271,
      "end" : 273,
      "text" : "my",
      "whiteSpace" : false
    }, {
      "id" : "s2-t19",
      "begin" : 274,
      "end" : 281,
      "text" : "company",
      "whiteSpace" : false
    }, {
      "id" : "s2-t20",
      "begin" : 282,
      "end" : 286,
      "text" : "name",
      "whiteSpace" : false
    }, {
      "id" : "s2-t21",
      "begin" : 287,
      "end" : 289,
      "text" : "is",
      "whiteSpace" : false
    }, {
      "id" : "s2-t22",
      "begin" : 291,
      "end" : 294,
      "text" : "IBM",
      "whiteSpace" : false
    }, {
      "id" : "s2-t23",
      "begin" : 295,
      "end" : 298,
      "text" : "and",
      "whiteSpace" : false
    }, {
      "id" : "s2-t24",
      "begin" : 299,
      "end" : 300,
      "text" : "I",
      "whiteSpace" : false
    }, {
      "id" : "s2-t25",
      "begin" : 301,
      "end" : 305,
      "text" : "work",
      "whiteSpace" : false
    }, {
      "id" : "s2-t26",
      "begin" : 306,
      "end" : 310,
      "text" : "here",
      "whiteSpace" : false
    }, {
      "id" : "s2-t27",
      "begin" : 311,
      "end" : 316,
      "text" : "since",
      "whiteSpace" : false
    }, {
      "id" : "s2-t28",
      "begin" : 317,
      "end" : 321,
      "text" : "2016",
      "whiteSpace" : false
    } ]
  }, {
    "id" : "s3",
    "begin" : 323,
    "end" : 468,
    "text" : "my employee id is 109056\n text ever since the 1500s, when an unknown printer took a galley of type and scrambled it to make a type specimen book.",
    "tokens" : [ {
      "id" : "s3-t0",
      "begin" : 323,
      "end" : 325,
      "text" : "my",
      "whiteSpace" : false
    }, {
      "id" : "s3-t1",
      "begin" : 326,
      "end" : 334,
      "text" : "employee",
      "whiteSpace" : false
    }, {
      "id" : "s3-t2",
      "begin" : 335,
      "end" : 337,
      "text" : "id",
      "whiteSpace" : false
    }, {
      "id" : "s3-t3",
      "begin" : 338,
      "end" : 340,
      "text" : "is",
      "whiteSpace" : false
    }, {
      "id" : "s3-t4",
      "begin" : 341,
      "end" : 347,
      "text" : "109056",
      "whiteSpace" : false
    }, {
      "id" : "s3-t5",
      "begin" : 349,
      "end" : 353,
      "text" : "text",
      "whiteSpace" : false
    }, {
      "id" : "s3-t6",
      "begin" : 354,
      "end" : 358,
      "text" : "ever",
      "whiteSpace" : false
    }, {
      "id" : "s3-t7",
      "begin" : 359,
      "end" : 364,
      "text" : "since",
      "whiteSpace" : false
    }, {
      "id" : "s3-t8",
      "begin" : 365,
      "end" : 368,
      "text" : "the",
      "whiteSpace" : false
    }, {
      "id" : "s3-t9",
      "begin" : 369,
      "end" : 374,
      "text" : "1500s",
      "whiteSpace" : false
    }, {
      "id" : "s3-t10",
      "begin" : 374,
      "end" : 375,
      "text" : ",",
      "whiteSpace" : false
    }, {
      "id" : "s3-t11",
      "begin" : 376,
      "end" : 380,
      "text" : "when",
      "whiteSpace" : false
    }, {
      "id" : "s3-t12",
      "begin" : 381,
      "end" : 383,
      "text" : "an",
      "whiteSpace" : false
    }, {
      "id" : "s3-t13",
      "begin" : 384,
      "end" : 391,
      "text" : "unknown",
      "whiteSpace" : false
    }, {
      "id" : "s3-t14",
      "begin" : 392,
      "end" : 399,
      "text" : "printer",
      "whiteSpace" : false
    }, {
      "id" : "s3-t15",
      "begin" : 400,
      "end" : 404,
      "text" : "took",
      "whiteSpace" : false
    }, {
      "id" : "s3-t16",
      "begin" : 405,
      "end" : 406,
      "text" : "a",
      "whiteSpace" : false
    }, {
      "id" : "s3-t17",
      "begin" : 407,
      "end" : 413,
      "text" : "galley",
      "whiteSpace" : false
    }, {
      "id" : "s3-t18",
      "begin" : 414,
      "end" : 416,
      "text" : "of",
      "whiteSpace" : false
    }, {
      "id" : "s3-t19",
      "begin" : 417,
      "end" : 421,
      "text" : "type",
      "whiteSpace" : false
    }, {
      "id" : "s3-t20",
      "begin" : 422,
      "end" : 425,
      "text" : "and",
      "whiteSpace" : false
    }, {
      "id" : "s3-t21",
      "begin" : 426,
      "end" : 435,
      "text" : "scrambled",
      "whiteSpace" : false
    }, {
      "id" : "s3-t22",
      "begin" : 436,
      "end" : 438,
      "text" : "it",
      "whiteSpace" : false
    }, {
      "id" : "s3-t23",
      "begin" : 439,
      "end" : 441,
      "text" : "to",
      "whiteSpace" : false
    }, {
      "id" : "s3-t24",
      "begin" : 442,
      "end" : 446,
      "text" : "make",
      "whiteSpace" : false
    }, {
      "id" : "s3-t25",
      "begin" : 447,
      "end" : 448,
      "text" : "a",
      "whiteSpace" : false
    }, {
      "id" : "s3-t26",
      "begin" : 449,
      "end" : 453,
      "text" : "type",
      "whiteSpace" : false
    }, {
      "id" : "s3-t27",
      "begin" : 454,
      "end" : 462,
      "text" : "specimen",
      "whiteSpace" : false
    }, {
      "id" : "s3-t28",
      "begin" : 463,
      "end" : 467,
      "text" : "book",
      "whiteSpace" : false
    }, {
      "id" : "s3-t29",
      "begin" : 467,
      "end" : 468,
      "text" : ".",
      "whiteSpace" : false
    } ]
  }, {
    "id" : "s4",
    "begin" : 469,
    "end" : 645,
    "text" : "I\nmy bank account no is 8800120091.bill id B5000.my aadhar no is 9999999943540007\nthat a reader will be distracted by the readable content of a page when looking at its layout.",
    "tokens" : [ {
      "id" : "s4-t0",
      "begin" : 469,
      "end" : 470,
      "text" : "I",
      "whiteSpace" : false
    }, {
      "id" : "s4-t1",
      "begin" : 471,
      "end" : 473,
      "text" : "my",
      "whiteSpace" : false
    }, {
      "id" : "s4-t2",
      "begin" : 474,
      "end" : 478,
      "text" : "bank",
      "whiteSpace" : false
    }, {
      "id" : "s4-t3",
      "begin" : 479,
      "end" : 486,
      "text" : "account",
      "whiteSpace" : false
    }, {
      "id" : "s4-t4",
      "begin" : 487,
      "end" : 489,
      "text" : "no",
      "whiteSpace" : false
    }, {
      "id" : "s4-t5",
      "begin" : 490,
      "end" : 492,
      "text" : "is",
      "whiteSpace" : false
    }, {
      "id" : "s4-t6",
      "begin" : 493,
      "end" : 508,
      "text" : "8800120091.bill",
      "whiteSpace" : false
    }, {
      "id" : "s4-t7",
      "begin" : 509,
      "end" : 511,
      "text" : "id",
      "whiteSpace" : false
    }, {
      "id" : "s4-t8",
      "begin" : 512,
      "end" : 520,
      "text" : "B5000.my",
      "whiteSpace" : false
    }, {
      "id" : "s4-t9",
      "begin" : 521,
      "end" : 527,
      "text" : "aadhar",
      "whiteSpace" : false
    }, {
      "id" : "s4-t10",
      "begin" : 528,
      "end" : 530,
      "text" : "no",
      "whiteSpace" : false
    }, {
      "id" : "s4-t11",
      "begin" : 531,
      "end" : 533,
      "text" : "is",
      "whiteSpace" : false
    }, {
      "id" : "s4-t12",
      "begin" : 534,
      "end" : 550,
      "text" : "9999999943540007",
      "whiteSpace" : false
    }, {
      "id" : "s4-t13",
      "begin" : 551,
      "end" : 555,
      "text" : "that",
      "whiteSpace" : false
    }, {
      "id" : "s4-t14",
      "begin" : 556,
      "end" : 557,
      "text" : "a",
      "whiteSpace" : false
    }, {
      "id" : "s4-t15",
      "begin" : 558,
      "end" : 564,
      "text" : "reader",
      "whiteSpace" : false
    }, {
      "id" : "s4-t16",
      "begin" : 565,
      "end" : 569,
      "text" : "will",
      "whiteSpace" : false
    }, {
      "id" : "s4-t17",
      "begin" : 570,
      "end" : 572,
      "text" : "be",
      "whiteSpace" : false
    }, {
      "id" : "s4-t18",
      "begin" : 573,
      "end" : 583,
      "text" : "distracted",
      "whiteSpace" : false
    }, {
      "id" : "s4-t19",
      "begin" : 584,
      "end" : 586,
      "text" : "by",
      "whiteSpace" : false
    }, {
      "id" : "s4-t20",
      "begin" : 587,
      "end" : 590,
      "text" : "the",
      "whiteSpace" : false
    }, {
      "id" : "s4-t21",
      "begin" : 591,
      "end" : 599,
      "text" : "readable",
      "whiteSpace" : false
    }, {
      "id" : "s4-t22",
      "begin" : 600,
      "end" : 607,
      "text" : "content",
      "whiteSpace" : false
    }, {
      "id" : "s4-t23",
      "begin" : 608,
      "end" : 610,
      "text" : "of",
      "whiteSpace" : false
    }, {
      "id" : "s4-t24",
      "begin" : 611,
      "end" : 612,
      "text" : "a",
      "whiteSpace" : false
    }, {
      "id" : "s4-t25",
      "begin" : 613,
      "end" : 617,
      "text" : "page",
      "whiteSpace" : false
    }, {
      "id" : "s4-t26",
      "begin" : 618,
      "end" : 622,
      "text" : "when",
      "whiteSpace" : false
    }, {
      "id" : "s4-t27",
      "begin" : 623,
      "end" : 630,
      "text" : "looking",
      "whiteSpace" : false
    }, {
      "id" : "s4-t28",
      "begin" : 631,
      "end" : 633,
      "text" : "at",
      "whiteSpace" : false
    }, {
      "id" : "s4-t29",
      "begin" : 634,
      "end" : 637,
      "text" : "its",
      "whiteSpace" : false
    }, {
      "id" : "s4-t30",
      "begin" : 638,
      "end" : 644,
      "text" : "layout",
      "whiteSpace" : false
    }, {
      "id" : "s4-t31",
      "begin" : 644,
      "end" : 645,
      "text" : ".",
      "whiteSpace" : false
    } ]
  }, {
    "id" : "s5",
    "begin" : 646,
    "end" : 799,
    "text" : "The point of using Audi is that it has a m.my address is flat 56,saqib Road,Pakistan\nI have bought a bunglow of Rs 76,372 \nmy mobile no is +91-9607991378",
    "tokens" : [ {
      "id" : "s5-t0",
      "begin" : 646,
      "end" : 649,
      "text" : "The",
      "whiteSpace" : false
    }, {
      "id" : "s5-t1",
      "begin" : 650,
      "end" : 655,
      "text" : "point",
      "whiteSpace" : false
    }, {
      "id" : "s5-t2",
      "begin" : 656,
      "end" : 658,
      "text" : "of",
      "whiteSpace" : false
    }, {
      "id" : "s5-t3",
      "begin" : 659,
      "end" : 664,
      "text" : "using",
      "whiteSpace" : false
    }, {
      "id" : "s5-t4",
      "begin" : 665,
      "end" : 669,
      "text" : "Audi",
      "whiteSpace" : false
    }, {
      "id" : "s5-t5",
      "begin" : 670,
      "end" : 672,
      "text" : "is",
      "whiteSpace" : false
    }, {
      "id" : "s5-t6",
      "begin" : 673,
      "end" : 677,
      "text" : "that",
      "whiteSpace" : false
    }, {
      "id" : "s5-t7",
      "begin" : 678,
      "end" : 680,
      "text" : "it",
      "whiteSpace" : false
    }, {
      "id" : "s5-t8",
      "begin" : 681,
      "end" : 684,
      "text" : "has",
      "whiteSpace" : false
    }, {
      "id" : "s5-t9",
      "begin" : 685,
      "end" : 686,
      "text" : "a",
      "whiteSpace" : false
    }, {
      "id" : "s5-t10",
      "begin" : 687,
      "end" : 691,
      "text" : "m.my",
      "whiteSpace" : false
    }, {
      "id" : "s5-t11",
      "begin" : 692,
      "end" : 699,
      "text" : "address",
      "whiteSpace" : false
    }, {
      "id" : "s5-t12",
      "begin" : 700,
      "end" : 702,
      "text" : "is",
      "whiteSpace" : false
    }, {
      "id" : "s5-t13",
      "begin" : 703,
      "end" : 707,
      "text" : "flat",
      "whiteSpace" : false
    }, {
      "id" : "s5-t14",
      "begin" : 708,
      "end" : 710,
      "text" : "56",
      "whiteSpace" : false
    }, {
      "id" : "s5-t15",
      "begin" : 710,
      "end" : 716,
      "text" : ",saqib",
      "whiteSpace" : false
    }, {
      "id" : "s5-t16",
      "begin" : 717,
      "end" : 721,
      "text" : "Road",
      "whiteSpace" : false
    }, {
      "id" : "s5-t17",
      "begin" : 721,
      "end" : 722,
      "text" : ",",
      "whiteSpace" : false
    }, {
      "id" : "s5-t18",
      "begin" : 722,
      "end" : 730,
      "text" : "Pakistan",
      "whiteSpace" : false
    }, {
      "id" : "s5-t19",
      "begin" : 731,
      "end" : 732,
      "text" : "I",
      "whiteSpace" : false
    }, {
      "id" : "s5-t20",
      "begin" : 733,
      "end" : 737,
      "text" : "have",
      "whiteSpace" : false
    }, {
      "id" : "s5-t21",
      "begin" : 738,
      "end" : 744,
      "text" : "bought",
      "whiteSpace" : false
    }, {
      "id" : "s5-t22",
      "begin" : 745,
      "end" : 746,
      "text" : "a",
      "whiteSpace" : false
    }, {
      "id" : "s5-t23",
      "begin" : 747,
      "end" : 754,
      "text" : "bunglow",
      "whiteSpace" : false
    }, {
      "id" : "s5-t24",
      "begin" : 755,
      "end" : 757,
      "text" : "of",
      "whiteSpace" : false
    }, {
      "id" : "s5-t25",
      "begin" : 758,
      "end" : 760,
      "text" : "Rs",
      "whiteSpace" : false
    }, {
      "id" : "s5-t26",
      "begin" : 761,
      "end" : 767,
      "text" : "76,372",
      "whiteSpace" : false
    }, {
      "id" : "s5-t27",
      "begin" : 769,
      "end" : 771,
      "text" : "my",
      "whiteSpace" : false
    }, {
      "id" : "s5-t28",
      "begin" : 772,
      "end" : 778,
      "text" : "mobile",
      "whiteSpace" : false
    }, {
      "id" : "s5-t29",
      "begin" : 779,
      "end" : 781,
      "text" : "no",
      "whiteSpace" : false
    }, {
      "id" : "s5-t30",
      "begin" : 782,
      "end" : 784,
      "text" : "is",
      "whiteSpace" : false
    }, {
      "id" : "s5-t31",
      "begin" : 785,
      "end" : 786,
      "text" : "+",
      "whiteSpace" : false
    }, {
      "id" : "s5-t32",
      "begin" : 786,
      "end" : 799,
      "text" : "91-9607991378",
      "whiteSpace" : false
    } ]
  } ],
  "mentions" : [ {
    "id" : "s1-m1",
    "properties" : {
      "SIRE_MENTION_ROLE" : "EmailId",
      "SIRE_ENTITY_SUBTYPE" : "NONE",
      "SIRE_MENTION_TYPE" : "NONE",
      "SIRE_MENTION_CLASS" : "SPC"
    },
    "type" : "EmailId",
    "begin" : 23,
    "end" : 37,
    "inCoref" : false
  }, {
    "id" : "s1-m2",
    "properties" : {
      "SIRE_MENTION_ROLE" : "EmployeeId",
      "SIRE_ENTITY_SUBTYPE" : "NONE",
      "SIRE_MENTION_TYPE" : "NONE",
      "SIRE_MENTION_CLASS" : "SPC"
    },
    "type" : "EmployeeId",
    "begin" : 51,
    "end" : 57,
    "inCoref" : false
  }, {
    "id" : "s1-m3",
    "properties" : {
      "SIRE_MENTION_ROLE" : "PanCard",
      "SIRE_ENTITY_SUBTYPE" : "NONE",
      "SIRE_MENTION_TYPE" : "NONE",
      "SIRE_MENTION_CLASS" : "SPC"
    },
    "type" : "PanCard",
    "begin" : 73,
    "end" : 83,
    "inCoref" : false
  }, {
    "id" : "s1-m4",
    "properties" : {
      "SIRE_MENTION_ROLE" : "Name",
      "SIRE_ENTITY_SUBTYPE" : "NONE",
      "SIRE_MENTION_TYPE" : "NONE",
      "SIRE_MENTION_CLASS" : "SPC"
    },
    "type" : "Name",
    "begin" : 91,
    "end" : 103,
    "inCoref" : false
  }, {
    "id" : "s1-m5",
    "properties" : {
      "SIRE_MENTION_ROLE" : "Name",
      "SIRE_ENTITY_SUBTYPE" : "NONE",
      "SIRE_MENTION_TYPE" : "NONE",
      "SIRE_MENTION_CLASS" : "SPC"
    },
    "type" : "Name",
    "begin" : 115,
    "end" : 128,
    "inCoref" : false
  }, {
    "id" : "s2-m5",
    "properties" : {
      "SIRE_MENTION_ROLE" : "DOB",
      "SIRE_ENTITY_SUBTYPE" : "NONE",
      "SIRE_MENTION_TYPE" : "NONE",
      "SIRE_MENTION_CLASS" : "SPC"
    },
    "type" : "DOB",
    "begin" : 254,
    "end" : 270,
    "inCoref" : false
  }, {
    "id" : "s2-m4",
    "properties" : {
      "SIRE_MENTION_ROLE" : "Company",
      "SIRE_ENTITY_SUBTYPE" : "NONE",
      "SIRE_MENTION_TYPE" : "NONE",
      "SIRE_MENTION_CLASS" : "SPC"
    },
    "type" : "Company",
    "begin" : 291,
    "end" : 294,
    "inCoref" : false
  }, {
    "id" : "s3-m1",
    "properties" : {
      "SIRE_MENTION_ROLE" : "EmployeeId",
      "SIRE_ENTITY_SUBTYPE" : "NONE",
      "SIRE_MENTION_TYPE" : "NONE",
      "SIRE_MENTION_CLASS" : "SPC"
    },
    "type" : "EmployeeId",
    "begin" : 341,
    "end" : 347,
    "inCoref" : false
  }, {
    "id" : "s4-m1",
    "properties" : {
      "SIRE_MENTION_ROLE" : "AccountNo",
      "SIRE_ENTITY_SUBTYPE" : "NONE",
      "SIRE_MENTION_TYPE" : "NONE",
      "SIRE_MENTION_CLASS" : "SPC"
    },
    "type" : "AccountNo",
    "begin" : 493,
    "end" : 503,
    "inCoref" : false
  }, {
    "id" : "s4-m2",
    "properties" : {
      "SIRE_MENTION_ROLE" : "BillNo",
      "SIRE_ENTITY_SUBTYPE" : "NONE",
      "SIRE_MENTION_TYPE" : "NONE",
      "SIRE_MENTION_CLASS" : "SPC"
    },
    "type" : "BillNo",
    "begin" : 512,
    "end" : 517,
    "inCoref" : false
  }, {
    "id" : "s4-m3",
    "properties" : {
      "SIRE_MENTION_ROLE" : "AadharCardNo",
      "SIRE_ENTITY_SUBTYPE" : "NONE",
      "SIRE_MENTION_TYPE" : "NONE",
      "SIRE_MENTION_CLASS" : "SPC"
    },
    "type" : "AadharCardNo",
    "begin" : 534,
    "end" : 550,
    "inCoref" : false
  }, {
    "id" : "s5-m1",
    "properties" : {
      "SIRE_MENTION_ROLE" : "Address",
      "SIRE_ENTITY_SUBTYPE" : "NONE",
      "SIRE_MENTION_TYPE" : "NONE",
      "SIRE_MENTION_CLASS" : "SPC"
    },
    "type" : "Address",
    "begin" : 703,
    "end" : 730,
    "inCoref" : false
  }, {
    "id" : "s5-m2",
    "properties" : {
      "SIRE_MENTION_ROLE" : "Price",
      "SIRE_ENTITY_SUBTYPE" : "NONE",
      "SIRE_MENTION_TYPE" : "NONE",
      "SIRE_MENTION_CLASS" : "SPC"
    },
    "type" : "Price",
    "begin" : 758,
    "end" : 767,
    "inCoref" : false
  }, {
    "id" : "s5-m3",
    "properties" : {
      "SIRE_MENTION_ROLE" : "MobileNo",
      "SIRE_ENTITY_SUBTYPE" : "NONE",
      "SIRE_MENTION_TYPE" : "NONE",
      "SIRE_MENTION_CLASS" : "SPC"
    },
    "type" : "MobileNo",
    "begin" : 785,
    "end" : 799,
    "inCoref" : false
  } ],
  "relations" : [ ],
  "corefs" : [ ],
  "typeResolved" : true,
  "userResolved" : false
}