{
  "id" : "0d580050-3ce1-11e9-a326-59f5c5225732-0",
  "name" : "data25.txt",
  "createdDate" : 0,
  "version" : 3,
  "text" : "For monetry transactions\nbank account no : 7606666666\nContact detail are given below \n\nmobile no : +91-9002379999\nmy government details are given below\n\naadhar no : 9000-1111-4444-4666\npancard id : SHAPL1214C\n\nMy residential informations:\n\naddress : gwari mahal,Guwahati\n\nI am in great need for this job I can live anywhere\nwhat is your name\nMy name is shakshi singh\nI want a minimum salary of Rs1000.my email id is shilpa@IIITdmj.ac.in.I work at AllinOnE Industries.my date of birth is 08-12-1999\nemployee id : 904939\n",
  "docLength" : 0,
  "language" : "EN",
  "status" : "SUBMITTED",
  "modifiedDate" : 1551530417602,
  "documentSet" : [ ],
  "preannotation" : [ ],
  "sentences" : [ {
    "id" : "s0",
    "begin" : 0,
    "end" : 84,
    "text" : "For monetry transactions\nbank account no : 7606666666\nContact detail are given below",
    "tokens" : [ {
      "id" : "s0-t0",
      "begin" : 0,
      "end" : 3,
      "text" : "For",
      "whiteSpace" : false
    }, {
      "id" : "s0-t1",
      "begin" : 4,
      "end" : 11,
      "text" : "monetry",
      "whiteSpace" : false
    }, {
      "id" : "s0-t2",
      "begin" : 12,
      "end" : 24,
      "text" : "transactions",
      "whiteSpace" : false
    }, {
      "id" : "s0-t3",
      "begin" : 25,
      "end" : 29,
      "text" : "bank",
      "whiteSpace" : false
    }, {
      "id" : "s0-t4",
      "begin" : 30,
      "end" : 37,
      "text" : "account",
      "whiteSpace" : false
    }, {
      "id" : "s0-t5",
      "begin" : 38,
      "end" : 40,
      "text" : "no",
      "whiteSpace" : false
    }, {
      "id" : "s0-t6",
      "begin" : 41,
      "end" : 42,
      "text" : ":",
      "whiteSpace" : false
    }, {
      "id" : "s0-t7",
      "begin" : 43,
      "end" : 53,
      "text" : "7606666666",
      "whiteSpace" : false
    }, {
      "id" : "s0-t8",
      "begin" : 54,
      "end" : 61,
      "text" : "Contact",
      "whiteSpace" : false
    }, {
      "id" : "s0-t9",
      "begin" : 62,
      "end" : 68,
      "text" : "detail",
      "whiteSpace" : false
    }, {
      "id" : "s0-t10",
      "begin" : 69,
      "end" : 72,
      "text" : "are",
      "whiteSpace" : false
    }, {
      "id" : "s0-t11",
      "begin" : 73,
      "end" : 78,
      "text" : "given",
      "whiteSpace" : false
    }, {
      "id" : "s0-t12",
      "begin" : 79,
      "end" : 84,
      "text" : "below",
      "whiteSpace" : false
    } ]
  }, {
    "id" : "s1",
    "begin" : 87,
    "end" : 151,
    "text" : "mobile no : +91-9002379999\nmy government details are given below",
    "tokens" : [ {
      "id" : "s1-t0",
      "begin" : 87,
      "end" : 93,
      "text" : "mobile",
      "whiteSpace" : false
    }, {
      "id" : "s1-t1",
      "begin" : 94,
      "end" : 96,
      "text" : "no",
      "whiteSpace" : false
    }, {
      "id" : "s1-t2",
      "begin" : 97,
      "end" : 98,
      "text" : ":",
      "whiteSpace" : false
    }, {
      "id" : "s1-t3",
      "begin" : 99,
      "end" : 100,
      "text" : "+",
      "whiteSpace" : false
    }, {
      "id" : "s1-t4",
      "begin" : 100,
      "end" : 113,
      "text" : "91-9002379999",
      "whiteSpace" : false
    }, {
      "id" : "s1-t5",
      "begin" : 114,
      "end" : 116,
      "text" : "my",
      "whiteSpace" : false
    }, {
      "id" : "s1-t6",
      "begin" : 117,
      "end" : 127,
      "text" : "government",
      "whiteSpace" : false
    }, {
      "id" : "s1-t7",
      "begin" : 128,
      "end" : 135,
      "text" : "details",
      "whiteSpace" : false
    }, {
      "id" : "s1-t8",
      "begin" : 136,
      "end" : 139,
      "text" : "are",
      "whiteSpace" : false
    }, {
      "id" : "s1-t9",
      "begin" : 140,
      "end" : 145,
      "text" : "given",
      "whiteSpace" : false
    }, {
      "id" : "s1-t10",
      "begin" : 146,
      "end" : 151,
      "text" : "below",
      "whiteSpace" : false
    } ]
  }, {
    "id" : "s2",
    "begin" : 153,
    "end" : 208,
    "text" : "aadhar no : 9000-1111-4444-4666\npancard id : SHAPL1214C",
    "tokens" : [ {
      "id" : "s2-t0",
      "begin" : 153,
      "end" : 159,
      "text" : "aadhar",
      "whiteSpace" : false
    }, {
      "id" : "s2-t1",
      "begin" : 160,
      "end" : 162,
      "text" : "no",
      "whiteSpace" : false
    }, {
      "id" : "s2-t2",
      "begin" : 163,
      "end" : 164,
      "text" : ":",
      "whiteSpace" : false
    }, {
      "id" : "s2-t3",
      "begin" : 165,
      "end" : 184,
      "text" : "9000-1111-4444-4666",
      "whiteSpace" : false
    }, {
      "id" : "s2-t4",
      "begin" : 185,
      "end" : 192,
      "text" : "pancard",
      "whiteSpace" : false
    }, {
      "id" : "s2-t5",
      "begin" : 193,
      "end" : 195,
      "text" : "id",
      "whiteSpace" : false
    }, {
      "id" : "s2-t6",
      "begin" : 196,
      "end" : 197,
      "text" : ":",
      "whiteSpace" : false
    }, {
      "id" : "s2-t7",
      "begin" : 198,
      "end" : 208,
      "text" : "SHAPL1214C",
      "whiteSpace" : false
    } ]
  }, {
    "id" : "s3",
    "begin" : 210,
    "end" : 238,
    "text" : "My residential informations:",
    "tokens" : [ {
      "id" : "s3-t0",
      "begin" : 210,
      "end" : 212,
      "text" : "My",
      "whiteSpace" : false
    }, {
      "id" : "s3-t1",
      "begin" : 213,
      "end" : 224,
      "text" : "residential",
      "whiteSpace" : false
    }, {
      "id" : "s3-t2",
      "begin" : 225,
      "end" : 237,
      "text" : "informations",
      "whiteSpace" : false
    }, {
      "id" : "s3-t3",
      "begin" : 237,
      "end" : 238,
      "text" : ":",
      "whiteSpace" : false
    } ]
  }, {
    "id" : "s4",
    "begin" : 240,
    "end" : 270,
    "text" : "address : gwari mahal,Guwahati",
    "tokens" : [ {
      "id" : "s4-t0",
      "begin" : 240,
      "end" : 247,
      "text" : "address",
      "whiteSpace" : false
    }, {
      "id" : "s4-t1",
      "begin" : 248,
      "end" : 249,
      "text" : ":",
      "whiteSpace" : false
    }, {
      "id" : "s4-t2",
      "begin" : 250,
      "end" : 255,
      "text" : "gwari",
      "whiteSpace" : false
    }, {
      "id" : "s4-t3",
      "begin" : 256,
      "end" : 261,
      "text" : "mahal",
      "whiteSpace" : false
    }, {
      "id" : "s4-t4",
      "begin" : 261,
      "end" : 262,
      "text" : ",",
      "whiteSpace" : false
    }, {
      "id" : "s4-t5",
      "begin" : 262,
      "end" : 270,
      "text" : "Guwahati",
      "whiteSpace" : false
    } ]
  }, {
    "id" : "s5",
    "begin" : 272,
    "end" : 518,
    "text" : "I am in great need for this job I can live anywhere\nwhat is your name\nMy name is shakshi singh\nI want a minimum salary of Rs1000.my email id is shilpa@IIITdmj.ac.in.I work at AllinOnE Industries.my date of birth is 08-12-1999\nemployee id : 904939",
    "tokens" : [ {
      "id" : "s5-t0",
      "begin" : 272,
      "end" : 273,
      "text" : "I",
      "whiteSpace" : false
    }, {
      "id" : "s5-t1",
      "begin" : 274,
      "end" : 276,
      "text" : "am",
      "whiteSpace" : false
    }, {
      "id" : "s5-t2",
      "begin" : 277,
      "end" : 279,
      "text" : "in",
      "whiteSpace" : false
    }, {
      "id" : "s5-t3",
      "begin" : 280,
      "end" : 285,
      "text" : "great",
      "whiteSpace" : false
    }, {
      "id" : "s5-t4",
      "begin" : 286,
      "end" : 290,
      "text" : "need",
      "whiteSpace" : false
    }, {
      "id" : "s5-t5",
      "begin" : 291,
      "end" : 294,
      "text" : "for",
      "whiteSpace" : false
    }, {
      "id" : "s5-t6",
      "begin" : 295,
      "end" : 299,
      "text" : "this",
      "whiteSpace" : false
    }, {
      "id" : "s5-t7",
      "begin" : 300,
      "end" : 303,
      "text" : "job",
      "whiteSpace" : false
    }, {
      "id" : "s5-t8",
      "begin" : 304,
      "end" : 305,
      "text" : "I",
      "whiteSpace" : false
    }, {
      "id" : "s5-t9",
      "begin" : 306,
      "end" : 309,
      "text" : "can",
      "whiteSpace" : false
    }, {
      "id" : "s5-t10",
      "begin" : 310,
      "end" : 314,
      "text" : "live",
      "whiteSpace" : false
    }, {
      "id" : "s5-t11",
      "begin" : 315,
      "end" : 323,
      "text" : "anywhere",
      "whiteSpace" : false
    }, {
      "id" : "s5-t12",
      "begin" : 324,
      "end" : 328,
      "text" : "what",
      "whiteSpace" : false
    }, {
      "id" : "s5-t13",
      "begin" : 329,
      "end" : 331,
      "text" : "is",
      "whiteSpace" : false
    }, {
      "id" : "s5-t14",
      "begin" : 332,
      "end" : 336,
      "text" : "your",
      "whiteSpace" : false
    }, {
      "id" : "s5-t15",
      "begin" : 337,
      "end" : 341,
      "text" : "name",
      "whiteSpace" : false
    }, {
      "id" : "s5-t16",
      "begin" : 342,
      "end" : 344,
      "text" : "My",
      "whiteSpace" : false
    }, {
      "id" : "s5-t17",
      "begin" : 345,
      "end" : 349,
      "text" : "name",
      "whiteSpace" : false
    }, {
      "id" : "s5-t18",
      "begin" : 350,
      "end" : 352,
      "text" : "is",
      "whiteSpace" : false
    }, {
      "id" : "s5-t19",
      "begin" : 353,
      "end" : 360,
      "text" : "shakshi",
      "whiteSpace" : false
    }, {
      "id" : "s5-t20",
      "begin" : 361,
      "end" : 366,
      "text" : "singh",
      "whiteSpace" : false
    }, {
      "id" : "s5-t21",
      "begin" : 367,
      "end" : 368,
      "text" : "I",
      "whiteSpace" : false
    }, {
      "id" : "s5-t22",
      "begin" : 369,
      "end" : 373,
      "text" : "want",
      "whiteSpace" : false
    }, {
      "id" : "s5-t23",
      "begin" : 374,
      "end" : 375,
      "text" : "a",
      "whiteSpace" : false
    }, {
      "id" : "s5-t24",
      "begin" : 376,
      "end" : 383,
      "text" : "minimum",
      "whiteSpace" : false
    }, {
      "id" : "s5-t25",
      "begin" : 384,
      "end" : 390,
      "text" : "salary",
      "whiteSpace" : false
    }, {
      "id" : "s5-t26",
      "begin" : 391,
      "end" : 393,
      "text" : "of",
      "whiteSpace" : false
    }, {
      "id" : "s5-t27",
      "begin" : 394,
      "end" : 403,
      "text" : "Rs1000.my",
      "whiteSpace" : false
    }, {
      "id" : "s5-t28",
      "begin" : 404,
      "end" : 409,
      "text" : "email",
      "whiteSpace" : false
    }, {
      "id" : "s5-t29",
      "begin" : 410,
      "end" : 412,
      "text" : "id",
      "whiteSpace" : false
    }, {
      "id" : "s5-t30",
      "begin" : 413,
      "end" : 415,
      "text" : "is",
      "whiteSpace" : false
    }, {
      "id" : "s5-t31",
      "begin" : 416,
      "end" : 422,
      "text" : "shilpa",
      "whiteSpace" : false
    }, {
      "id" : "s5-t32",
      "begin" : 422,
      "end" : 438,
      "text" : "@IIITdmj.ac.in.I",
      "whiteSpace" : false
    }, {
      "id" : "s5-t33",
      "begin" : 439,
      "end" : 443,
      "text" : "work",
      "whiteSpace" : false
    }, {
      "id" : "s5-t34",
      "begin" : 444,
      "end" : 446,
      "text" : "at",
      "whiteSpace" : false
    }, {
      "id" : "s5-t35",
      "begin" : 447,
      "end" : 455,
      "text" : "AllinOnE",
      "whiteSpace" : false
    }, {
      "id" : "s5-t36",
      "begin" : 456,
      "end" : 469,
      "text" : "Industries.my",
      "whiteSpace" : false
    }, {
      "id" : "s5-t37",
      "begin" : 470,
      "end" : 474,
      "text" : "date",
      "whiteSpace" : false
    }, {
      "id" : "s5-t38",
      "begin" : 475,
      "end" : 477,
      "text" : "of",
      "whiteSpace" : false
    }, {
      "id" : "s5-t39",
      "begin" : 478,
      "end" : 483,
      "text" : "birth",
      "whiteSpace" : false
    }, {
      "id" : "s5-t40",
      "begin" : 484,
      "end" : 486,
      "text" : "is",
      "whiteSpace" : false
    }, {
      "id" : "s5-t41",
      "begin" : 487,
      "end" : 497,
      "text" : "08-12-1999",
      "whiteSpace" : false
    }, {
      "id" : "s5-t42",
      "begin" : 498,
      "end" : 506,
      "text" : "employee",
      "whiteSpace" : false
    }, {
      "id" : "s5-t43",
      "begin" : 507,
      "end" : 509,
      "text" : "id",
      "whiteSpace" : false
    }, {
      "id" : "s5-t44",
      "begin" : 510,
      "end" : 511,
      "text" : ":",
      "whiteSpace" : false
    }, {
      "id" : "s5-t45",
      "begin" : 512,
      "end" : 518,
      "text" : "904939",
      "whiteSpace" : false
    } ]
  } ],
  "mentions" : [ {
    "id" : "s0-m1",
    "properties" : {
      "SIRE_MENTION_ROLE" : "AccountNo",
      "SIRE_ENTITY_SUBTYPE" : "NONE",
      "SIRE_MENTION_TYPE" : "NONE",
      "SIRE_MENTION_CLASS" : "SPC"
    },
    "type" : "AccountNo",
    "begin" : 43,
    "end" : 53,
    "inCoref" : false
  }, {
    "id" : "s1-m1",
    "properties" : {
      "SIRE_MENTION_ROLE" : "MobileNo",
      "SIRE_ENTITY_SUBTYPE" : "NONE",
      "SIRE_MENTION_TYPE" : "NONE",
      "SIRE_MENTION_CLASS" : "SPC"
    },
    "type" : "MobileNo",
    "begin" : 99,
    "end" : 113,
    "inCoref" : false
  }, {
    "id" : "s2-m1",
    "properties" : {
      "SIRE_MENTION_ROLE" : "AadharCardNo",
      "SIRE_ENTITY_SUBTYPE" : "NONE",
      "SIRE_MENTION_TYPE" : "NONE",
      "SIRE_MENTION_CLASS" : "SPC"
    },
    "type" : "AadharCardNo",
    "begin" : 165,
    "end" : 184,
    "inCoref" : false
  }, {
    "id" : "s2-m2",
    "properties" : {
      "SIRE_MENTION_ROLE" : "PanCard",
      "SIRE_ENTITY_SUBTYPE" : "NONE",
      "SIRE_MENTION_TYPE" : "NONE",
      "SIRE_MENTION_CLASS" : "SPC"
    },
    "type" : "PanCard",
    "begin" : 198,
    "end" : 208,
    "inCoref" : false
  }, {
    "id" : "s4-m1",
    "properties" : {
      "SIRE_MENTION_ROLE" : "Address",
      "SIRE_ENTITY_SUBTYPE" : "NONE",
      "SIRE_MENTION_TYPE" : "NONE",
      "SIRE_MENTION_CLASS" : "SPC"
    },
    "type" : "Address",
    "begin" : 250,
    "end" : 270,
    "inCoref" : false
  }, {
    "id" : "s5-m6",
    "properties" : {
      "SIRE_MENTION_ROLE" : "Name",
      "SIRE_ENTITY_SUBTYPE" : "NONE",
      "SIRE_MENTION_TYPE" : "NONE",
      "SIRE_MENTION_CLASS" : "SPC"
    },
    "type" : "Name",
    "begin" : 353,
    "end" : 366,
    "inCoref" : false
  }, {
    "id" : "s5-m1",
    "properties" : {
      "SIRE_MENTION_ROLE" : "Price",
      "SIRE_ENTITY_SUBTYPE" : "NONE",
      "SIRE_MENTION_TYPE" : "NONE",
      "SIRE_MENTION_CLASS" : "SPC"
    },
    "type" : "Price",
    "begin" : 394,
    "end" : 400,
    "inCoref" : false
  }, {
    "id" : "s5-m2",
    "properties" : {
      "SIRE_MENTION_ROLE" : "EmailId",
      "SIRE_ENTITY_SUBTYPE" : "NONE",
      "SIRE_MENTION_TYPE" : "NONE",
      "SIRE_MENTION_CLASS" : "SPC"
    },
    "type" : "EmailId",
    "begin" : 416,
    "end" : 436,
    "inCoref" : false
  }, {
    "id" : "s5-m5",
    "properties" : {
      "SIRE_MENTION_ROLE" : "Company",
      "SIRE_ENTITY_SUBTYPE" : "NONE",
      "SIRE_MENTION_TYPE" : "NONE",
      "SIRE_MENTION_CLASS" : "SPC"
    },
    "type" : "Company",
    "begin" : 447,
    "end" : 455,
    "inCoref" : false
  }, {
    "id" : "s5-m4",
    "properties" : {
      "SIRE_MENTION_ROLE" : "DOB",
      "SIRE_ENTITY_SUBTYPE" : "NONE",
      "SIRE_MENTION_TYPE" : "NONE",
      "SIRE_MENTION_CLASS" : "SPC"
    },
    "type" : "DOB",
    "begin" : 487,
    "end" : 497,
    "inCoref" : false
  }, {
    "id" : "s5-m3",
    "properties" : {
      "SIRE_MENTION_ROLE" : "EmployeeId",
      "SIRE_ENTITY_SUBTYPE" : "NONE",
      "SIRE_MENTION_TYPE" : "NONE",
      "SIRE_MENTION_CLASS" : "SPC"
    },
    "type" : "EmployeeId",
    "begin" : 512,
    "end" : 518,
    "inCoref" : false
  } ],
  "relations" : [ ],
  "corefs" : [ ],
  "typeResolved" : true,
  "userResolved" : false
}