{
  "id" : "11935580-3ce0-11e9-a384-4d0969022ab9-0",
  "name" : "data2.txt",
  "createdDate" : 0,
  "version" : 3,
  "text" : "Hello Sir,my pancard id is ABNPL1739U\r\n through software solutions which they are using in their organization \r\nMy name is navneet chauhan  simply dummy text of the printing and typesetting industry. Lorem Ipsum has been the industry's standard dummy\r\nmy mobile no is 9007868378\r\nmy email id is navn@gmail.com\r\nI work at Oracle India\r\n\r\nmy employee id is 129056\r\n text ever since the 1500s, when an unknown printer took a galley of type and scrambled it to make a type specimen book. I\r\nmy bank account no is 0868290001\r\nbill id A1290\r\nmy date of birth is 15 June,1996\r\nmy aadhar no is 9000-9999-4344-4007\r\nthat a reader will be distracted by the readable content of a page when looking at its layout. The point of using Lorem Ipsum is that it has a m\r\nmy address is flat 3,sector-2,ABC Road,Mumbai\r\nI have bought a bunglow of $9,076,372 \r\n\r\n \r\n",
  "docLength" : 0,
  "language" : "EN",
  "status" : "SUBMITTED",
  "modifiedDate" : 1551528091917,
  "documentSet" : [ ],
  "preannotation" : [ ],
  "sentences" : [ {
    "id" : "s0",
    "begin" : 0,
    "end" : 199,
    "text" : "Hello Sir,my pancard id is ABNPL1739U\r\n through software solutions which they are using in their organization \r\nMy name is navneet chauhan  simply dummy text of the printing and typesetting industry.",
    "tokens" : [ {
      "id" : "s0-t0",
      "begin" : 0,
      "end" : 5,
      "text" : "Hello",
      "whiteSpace" : false
    }, {
      "id" : "s0-t1",
      "begin" : 6,
      "end" : 9,
      "text" : "Sir",
      "whiteSpace" : false
    }, {
      "id" : "s0-t2",
      "begin" : 9,
      "end" : 10,
      "text" : ",",
      "whiteSpace" : false
    }, {
      "id" : "s0-t3",
      "begin" : 10,
      "end" : 12,
      "text" : "my",
      "whiteSpace" : false
    }, {
      "id" : "s0-t4",
      "begin" : 13,
      "end" : 20,
      "text" : "pancard",
      "whiteSpace" : false
    }, {
      "id" : "s0-t5",
      "begin" : 21,
      "end" : 23,
      "text" : "id",
      "whiteSpace" : false
    }, {
      "id" : "s0-t6",
      "begin" : 24,
      "end" : 26,
      "text" : "is",
      "whiteSpace" : false
    }, {
      "id" : "s0-t7",
      "begin" : 27,
      "end" : 37,
      "text" : "ABNPL1739U",
      "whiteSpace" : false
    }, {
      "id" : "s0-t8",
      "begin" : 40,
      "end" : 47,
      "text" : "through",
      "whiteSpace" : false
    }, {
      "id" : "s0-t9",
      "begin" : 48,
      "end" : 56,
      "text" : "software",
      "whiteSpace" : false
    }, {
      "id" : "s0-t10",
      "begin" : 57,
      "end" : 66,
      "text" : "solutions",
      "whiteSpace" : false
    }, {
      "id" : "s0-t11",
      "begin" : 67,
      "end" : 72,
      "text" : "which",
      "whiteSpace" : false
    }, {
      "id" : "s0-t12",
      "begin" : 73,
      "end" : 77,
      "text" : "they",
      "whiteSpace" : false
    }, {
      "id" : "s0-t13",
      "begin" : 78,
      "end" : 81,
      "text" : "are",
      "whiteSpace" : false
    }, {
      "id" : "s0-t14",
      "begin" : 82,
      "end" : 87,
      "text" : "using",
      "whiteSpace" : false
    }, {
      "id" : "s0-t15",
      "begin" : 88,
      "end" : 90,
      "text" : "in",
      "whiteSpace" : false
    }, {
      "id" : "s0-t16",
      "begin" : 91,
      "end" : 96,
      "text" : "their",
      "whiteSpace" : false
    }, {
      "id" : "s0-t17",
      "begin" : 97,
      "end" : 109,
      "text" : "organization",
      "whiteSpace" : false
    }, {
      "id" : "s0-t18",
      "begin" : 112,
      "end" : 114,
      "text" : "My",
      "whiteSpace" : false
    }, {
      "id" : "s0-t19",
      "begin" : 115,
      "end" : 119,
      "text" : "name",
      "whiteSpace" : false
    }, {
      "id" : "s0-t20",
      "begin" : 120,
      "end" : 122,
      "text" : "is",
      "whiteSpace" : false
    }, {
      "id" : "s0-t21",
      "begin" : 123,
      "end" : 130,
      "text" : "navneet",
      "whiteSpace" : false
    }, {
      "id" : "s0-t22",
      "begin" : 131,
      "end" : 138,
      "text" : "chauhan",
      "whiteSpace" : false
    }, {
      "id" : "s0-t23",
      "begin" : 140,
      "end" : 146,
      "text" : "simply",
      "whiteSpace" : false
    }, {
      "id" : "s0-t24",
      "begin" : 147,
      "end" : 152,
      "text" : "dummy",
      "whiteSpace" : false
    }, {
      "id" : "s0-t25",
      "begin" : 153,
      "end" : 157,
      "text" : "text",
      "whiteSpace" : false
    }, {
      "id" : "s0-t26",
      "begin" : 158,
      "end" : 160,
      "text" : "of",
      "whiteSpace" : false
    }, {
      "id" : "s0-t27",
      "begin" : 161,
      "end" : 164,
      "text" : "the",
      "whiteSpace" : false
    }, {
      "id" : "s0-t28",
      "begin" : 165,
      "end" : 173,
      "text" : "printing",
      "whiteSpace" : false
    }, {
      "id" : "s0-t29",
      "begin" : 174,
      "end" : 177,
      "text" : "and",
      "whiteSpace" : false
    }, {
      "id" : "s0-t30",
      "begin" : 178,
      "end" : 189,
      "text" : "typesetting",
      "whiteSpace" : false
    }, {
      "id" : "s0-t31",
      "begin" : 190,
      "end" : 198,
      "text" : "industry",
      "whiteSpace" : false
    }, {
      "id" : "s0-t32",
      "begin" : 198,
      "end" : 199,
      "text" : ".",
      "whiteSpace" : false
    } ]
  }, {
    "id" : "s1",
    "begin" : 200,
    "end" : 333,
    "text" : "Lorem Ipsum has been the industry's standard dummy\r\nmy mobile no is 9007868378\r\nmy email id is navn@gmail.com\r\nI work at Oracle India",
    "tokens" : [ {
      "id" : "s1-t0",
      "begin" : 200,
      "end" : 205,
      "text" : "Lorem",
      "whiteSpace" : false
    }, {
      "id" : "s1-t1",
      "begin" : 206,
      "end" : 211,
      "text" : "Ipsum",
      "whiteSpace" : false
    }, {
      "id" : "s1-t2",
      "begin" : 212,
      "end" : 215,
      "text" : "has",
      "whiteSpace" : false
    }, {
      "id" : "s1-t3",
      "begin" : 216,
      "end" : 220,
      "text" : "been",
      "whiteSpace" : false
    }, {
      "id" : "s1-t4",
      "begin" : 221,
      "end" : 224,
      "text" : "the",
      "whiteSpace" : false
    }, {
      "id" : "s1-t5",
      "begin" : 225,
      "end" : 233,
      "text" : "industry",
      "whiteSpace" : false
    }, {
      "id" : "s1-t6",
      "begin" : 233,
      "end" : 235,
      "text" : "'s",
      "whiteSpace" : false
    }, {
      "id" : "s1-t7",
      "begin" : 236,
      "end" : 244,
      "text" : "standard",
      "whiteSpace" : false
    }, {
      "id" : "s1-t8",
      "begin" : 245,
      "end" : 250,
      "text" : "dummy",
      "whiteSpace" : false
    }, {
      "id" : "s1-t9",
      "begin" : 252,
      "end" : 254,
      "text" : "my",
      "whiteSpace" : false
    }, {
      "id" : "s1-t10",
      "begin" : 255,
      "end" : 261,
      "text" : "mobile",
      "whiteSpace" : false
    }, {
      "id" : "s1-t11",
      "begin" : 262,
      "end" : 264,
      "text" : "no",
      "whiteSpace" : false
    }, {
      "id" : "s1-t12",
      "begin" : 265,
      "end" : 267,
      "text" : "is",
      "whiteSpace" : false
    }, {
      "id" : "s1-t13",
      "begin" : 268,
      "end" : 278,
      "text" : "9007868378",
      "whiteSpace" : false
    }, {
      "id" : "s1-t14",
      "begin" : 280,
      "end" : 282,
      "text" : "my",
      "whiteSpace" : false
    }, {
      "id" : "s1-t15",
      "begin" : 283,
      "end" : 288,
      "text" : "email",
      "whiteSpace" : false
    }, {
      "id" : "s1-t16",
      "begin" : 289,
      "end" : 291,
      "text" : "id",
      "whiteSpace" : false
    }, {
      "id" : "s1-t17",
      "begin" : 292,
      "end" : 294,
      "text" : "is",
      "whiteSpace" : false
    }, {
      "id" : "s1-t18",
      "begin" : 295,
      "end" : 309,
      "text" : "navn@gmail.com",
      "whiteSpace" : false
    }, {
      "id" : "s1-t19",
      "begin" : 311,
      "end" : 312,
      "text" : "I",
      "whiteSpace" : false
    }, {
      "id" : "s1-t20",
      "begin" : 313,
      "end" : 317,
      "text" : "work",
      "whiteSpace" : false
    }, {
      "id" : "s1-t21",
      "begin" : 318,
      "end" : 320,
      "text" : "at",
      "whiteSpace" : false
    }, {
      "id" : "s1-t22",
      "begin" : 321,
      "end" : 327,
      "text" : "Oracle",
      "whiteSpace" : false
    }, {
      "id" : "s1-t23",
      "begin" : 328,
      "end" : 333,
      "text" : "India",
      "whiteSpace" : false
    } ]
  }, {
    "id" : "s2",
    "begin" : 337,
    "end" : 483,
    "text" : "my employee id is 129056\r\n text ever since the 1500s, when an unknown printer took a galley of type and scrambled it to make a type specimen book.",
    "tokens" : [ {
      "id" : "s2-t0",
      "begin" : 337,
      "end" : 339,
      "text" : "my",
      "whiteSpace" : false
    }, {
      "id" : "s2-t1",
      "begin" : 340,
      "end" : 348,
      "text" : "employee",
      "whiteSpace" : false
    }, {
      "id" : "s2-t2",
      "begin" : 349,
      "end" : 351,
      "text" : "id",
      "whiteSpace" : false
    }, {
      "id" : "s2-t3",
      "begin" : 352,
      "end" : 354,
      "text" : "is",
      "whiteSpace" : false
    }, {
      "id" : "s2-t4",
      "begin" : 355,
      "end" : 361,
      "text" : "129056",
      "whiteSpace" : false
    }, {
      "id" : "s2-t5",
      "begin" : 364,
      "end" : 368,
      "text" : "text",
      "whiteSpace" : false
    }, {
      "id" : "s2-t6",
      "begin" : 369,
      "end" : 373,
      "text" : "ever",
      "whiteSpace" : false
    }, {
      "id" : "s2-t7",
      "begin" : 374,
      "end" : 379,
      "text" : "since",
      "whiteSpace" : false
    }, {
      "id" : "s2-t8",
      "begin" : 380,
      "end" : 383,
      "text" : "the",
      "whiteSpace" : false
    }, {
      "id" : "s2-t9",
      "begin" : 384,
      "end" : 389,
      "text" : "1500s",
      "whiteSpace" : false
    }, {
      "id" : "s2-t10",
      "begin" : 389,
      "end" : 390,
      "text" : ",",
      "whiteSpace" : false
    }, {
      "id" : "s2-t11",
      "begin" : 391,
      "end" : 395,
      "text" : "when",
      "whiteSpace" : false
    }, {
      "id" : "s2-t12",
      "begin" : 396,
      "end" : 398,
      "text" : "an",
      "whiteSpace" : false
    }, {
      "id" : "s2-t13",
      "begin" : 399,
      "end" : 406,
      "text" : "unknown",
      "whiteSpace" : false
    }, {
      "id" : "s2-t14",
      "begin" : 407,
      "end" : 414,
      "text" : "printer",
      "whiteSpace" : false
    }, {
      "id" : "s2-t15",
      "begin" : 415,
      "end" : 419,
      "text" : "took",
      "whiteSpace" : false
    }, {
      "id" : "s2-t16",
      "begin" : 420,
      "end" : 421,
      "text" : "a",
      "whiteSpace" : false
    }, {
      "id" : "s2-t17",
      "begin" : 422,
      "end" : 428,
      "text" : "galley",
      "whiteSpace" : false
    }, {
      "id" : "s2-t18",
      "begin" : 429,
      "end" : 431,
      "text" : "of",
      "whiteSpace" : false
    }, {
      "id" : "s2-t19",
      "begin" : 432,
      "end" : 436,
      "text" : "type",
      "whiteSpace" : false
    }, {
      "id" : "s2-t20",
      "begin" : 437,
      "end" : 440,
      "text" : "and",
      "whiteSpace" : false
    }, {
      "id" : "s2-t21",
      "begin" : 441,
      "end" : 450,
      "text" : "scrambled",
      "whiteSpace" : false
    }, {
      "id" : "s2-t22",
      "begin" : 451,
      "end" : 453,
      "text" : "it",
      "whiteSpace" : false
    }, {
      "id" : "s2-t23",
      "begin" : 454,
      "end" : 456,
      "text" : "to",
      "whiteSpace" : false
    }, {
      "id" : "s2-t24",
      "begin" : 457,
      "end" : 461,
      "text" : "make",
      "whiteSpace" : false
    }, {
      "id" : "s2-t25",
      "begin" : 462,
      "end" : 463,
      "text" : "a",
      "whiteSpace" : false
    }, {
      "id" : "s2-t26",
      "begin" : 464,
      "end" : 468,
      "text" : "type",
      "whiteSpace" : false
    }, {
      "id" : "s2-t27",
      "begin" : 469,
      "end" : 477,
      "text" : "specimen",
      "whiteSpace" : false
    }, {
      "id" : "s2-t28",
      "begin" : 478,
      "end" : 482,
      "text" : "book",
      "whiteSpace" : false
    }, {
      "id" : "s2-t29",
      "begin" : 482,
      "end" : 483,
      "text" : ".",
      "whiteSpace" : false
    } ]
  }, {
    "id" : "s3",
    "begin" : 484,
    "end" : 701,
    "text" : "I\r\nmy bank account no is 0868290001\r\nbill id A1290\r\nmy date of birth is 15 June,1996\r\nmy aadhar no is 9000-9999-4344-4007\r\nthat a reader will be distracted by the readable content of a page when looking at its layout.",
    "tokens" : [ {
      "id" : "s3-t0",
      "begin" : 484,
      "end" : 485,
      "text" : "I",
      "whiteSpace" : false
    }, {
      "id" : "s3-t1",
      "begin" : 487,
      "end" : 489,
      "text" : "my",
      "whiteSpace" : false
    }, {
      "id" : "s3-t2",
      "begin" : 490,
      "end" : 494,
      "text" : "bank",
      "whiteSpace" : false
    }, {
      "id" : "s3-t3",
      "begin" : 495,
      "end" : 502,
      "text" : "account",
      "whiteSpace" : false
    }, {
      "id" : "s3-t4",
      "begin" : 503,
      "end" : 505,
      "text" : "no",
      "whiteSpace" : false
    }, {
      "id" : "s3-t5",
      "begin" : 506,
      "end" : 508,
      "text" : "is",
      "whiteSpace" : false
    }, {
      "id" : "s3-t6",
      "begin" : 509,
      "end" : 519,
      "text" : "0868290001",
      "whiteSpace" : false
    }, {
      "id" : "s3-t7",
      "begin" : 521,
      "end" : 525,
      "text" : "bill",
      "whiteSpace" : false
    }, {
      "id" : "s3-t8",
      "begin" : 526,
      "end" : 528,
      "text" : "id",
      "whiteSpace" : false
    }, {
      "id" : "s3-t9",
      "begin" : 529,
      "end" : 534,
      "text" : "A1290",
      "whiteSpace" : false
    }, {
      "id" : "s3-t10",
      "begin" : 536,
      "end" : 538,
      "text" : "my",
      "whiteSpace" : false
    }, {
      "id" : "s3-t11",
      "begin" : 539,
      "end" : 543,
      "text" : "date",
      "whiteSpace" : false
    }, {
      "id" : "s3-t12",
      "begin" : 544,
      "end" : 546,
      "text" : "of",
      "whiteSpace" : false
    }, {
      "id" : "s3-t13",
      "begin" : 547,
      "end" : 552,
      "text" : "birth",
      "whiteSpace" : false
    }, {
      "id" : "s3-t14",
      "begin" : 553,
      "end" : 555,
      "text" : "is",
      "whiteSpace" : false
    }, {
      "id" : "s3-t15",
      "begin" : 556,
      "end" : 558,
      "text" : "15",
      "whiteSpace" : false
    }, {
      "id" : "s3-t16",
      "begin" : 559,
      "end" : 563,
      "text" : "June",
      "whiteSpace" : false
    }, {
      "id" : "s3-t17",
      "begin" : 563,
      "end" : 564,
      "text" : ",",
      "whiteSpace" : false
    }, {
      "id" : "s3-t18",
      "begin" : 564,
      "end" : 568,
      "text" : "1996",
      "whiteSpace" : false
    }, {
      "id" : "s3-t19",
      "begin" : 570,
      "end" : 572,
      "text" : "my",
      "whiteSpace" : false
    }, {
      "id" : "s3-t20",
      "begin" : 573,
      "end" : 579,
      "text" : "aadhar",
      "whiteSpace" : false
    }, {
      "id" : "s3-t21",
      "begin" : 580,
      "end" : 582,
      "text" : "no",
      "whiteSpace" : false
    }, {
      "id" : "s3-t22",
      "begin" : 583,
      "end" : 585,
      "text" : "is",
      "whiteSpace" : false
    }, {
      "id" : "s3-t23",
      "begin" : 586,
      "end" : 605,
      "text" : "9000-9999-4344-4007",
      "whiteSpace" : false
    }, {
      "id" : "s3-t24",
      "begin" : 607,
      "end" : 611,
      "text" : "that",
      "whiteSpace" : false
    }, {
      "id" : "s3-t25",
      "begin" : 612,
      "end" : 613,
      "text" : "a",
      "whiteSpace" : false
    }, {
      "id" : "s3-t26",
      "begin" : 614,
      "end" : 620,
      "text" : "reader",
      "whiteSpace" : false
    }, {
      "id" : "s3-t27",
      "begin" : 621,
      "end" : 625,
      "text" : "will",
      "whiteSpace" : false
    }, {
      "id" : "s3-t28",
      "begin" : 626,
      "end" : 628,
      "text" : "be",
      "whiteSpace" : false
    }, {
      "id" : "s3-t29",
      "begin" : 629,
      "end" : 639,
      "text" : "distracted",
      "whiteSpace" : false
    }, {
      "id" : "s3-t30",
      "begin" : 640,
      "end" : 642,
      "text" : "by",
      "whiteSpace" : false
    }, {
      "id" : "s3-t31",
      "begin" : 643,
      "end" : 646,
      "text" : "the",
      "whiteSpace" : false
    }, {
      "id" : "s3-t32",
      "begin" : 647,
      "end" : 655,
      "text" : "readable",
      "whiteSpace" : false
    }, {
      "id" : "s3-t33",
      "begin" : 656,
      "end" : 663,
      "text" : "content",
      "whiteSpace" : false
    }, {
      "id" : "s3-t34",
      "begin" : 664,
      "end" : 666,
      "text" : "of",
      "whiteSpace" : false
    }, {
      "id" : "s3-t35",
      "begin" : 667,
      "end" : 668,
      "text" : "a",
      "whiteSpace" : false
    }, {
      "id" : "s3-t36",
      "begin" : 669,
      "end" : 673,
      "text" : "page",
      "whiteSpace" : false
    }, {
      "id" : "s3-t37",
      "begin" : 674,
      "end" : 678,
      "text" : "when",
      "whiteSpace" : false
    }, {
      "id" : "s3-t38",
      "begin" : 679,
      "end" : 686,
      "text" : "looking",
      "whiteSpace" : false
    }, {
      "id" : "s3-t39",
      "begin" : 687,
      "end" : 689,
      "text" : "at",
      "whiteSpace" : false
    }, {
      "id" : "s3-t40",
      "begin" : 690,
      "end" : 693,
      "text" : "its",
      "whiteSpace" : false
    }, {
      "id" : "s3-t41",
      "begin" : 694,
      "end" : 700,
      "text" : "layout",
      "whiteSpace" : false
    }, {
      "id" : "s3-t42",
      "begin" : 700,
      "end" : 701,
      "text" : ".",
      "whiteSpace" : false
    } ]
  }, {
    "id" : "s4",
    "begin" : 702,
    "end" : 837,
    "text" : "The point of using Lorem Ipsum is that it has a m\r\nmy address is flat 3,sector-2,ABC Road,Mumbai\r\nI have bought a bunglow of $9,076,372",
    "tokens" : [ {
      "id" : "s4-t0",
      "begin" : 702,
      "end" : 705,
      "text" : "The",
      "whiteSpace" : false
    }, {
      "id" : "s4-t1",
      "begin" : 706,
      "end" : 711,
      "text" : "point",
      "whiteSpace" : false
    }, {
      "id" : "s4-t2",
      "begin" : 712,
      "end" : 714,
      "text" : "of",
      "whiteSpace" : false
    }, {
      "id" : "s4-t3",
      "begin" : 715,
      "end" : 720,
      "text" : "using",
      "whiteSpace" : false
    }, {
      "id" : "s4-t4",
      "begin" : 721,
      "end" : 726,
      "text" : "Lorem",
      "whiteSpace" : false
    }, {
      "id" : "s4-t5",
      "begin" : 727,
      "end" : 732,
      "text" : "Ipsum",
      "whiteSpace" : false
    }, {
      "id" : "s4-t6",
      "begin" : 733,
      "end" : 735,
      "text" : "is",
      "whiteSpace" : false
    }, {
      "id" : "s4-t7",
      "begin" : 736,
      "end" : 740,
      "text" : "that",
      "whiteSpace" : false
    }, {
      "id" : "s4-t8",
      "begin" : 741,
      "end" : 743,
      "text" : "it",
      "whiteSpace" : false
    }, {
      "id" : "s4-t9",
      "begin" : 744,
      "end" : 747,
      "text" : "has",
      "whiteSpace" : false
    }, {
      "id" : "s4-t10",
      "begin" : 748,
      "end" : 749,
      "text" : "a",
      "whiteSpace" : false
    }, {
      "id" : "s4-t11",
      "begin" : 750,
      "end" : 751,
      "text" : "m",
      "whiteSpace" : false
    }, {
      "id" : "s4-t12",
      "begin" : 753,
      "end" : 755,
      "text" : "my",
      "whiteSpace" : false
    }, {
      "id" : "s4-t13",
      "begin" : 756,
      "end" : 763,
      "text" : "address",
      "whiteSpace" : false
    }, {
      "id" : "s4-t14",
      "begin" : 764,
      "end" : 766,
      "text" : "is",
      "whiteSpace" : false
    }, {
      "id" : "s4-t15",
      "begin" : 767,
      "end" : 771,
      "text" : "flat",
      "whiteSpace" : false
    }, {
      "id" : "s4-t16",
      "begin" : 772,
      "end" : 773,
      "text" : "3",
      "whiteSpace" : false
    }, {
      "id" : "s4-t17",
      "begin" : 773,
      "end" : 782,
      "text" : ",sector-2",
      "whiteSpace" : false
    }, {
      "id" : "s4-t18",
      "begin" : 782,
      "end" : 783,
      "text" : ",",
      "whiteSpace" : false
    }, {
      "id" : "s4-t19",
      "begin" : 783,
      "end" : 786,
      "text" : "ABC",
      "whiteSpace" : false
    }, {
      "id" : "s4-t20",
      "begin" : 787,
      "end" : 791,
      "text" : "Road",
      "whiteSpace" : false
    }, {
      "id" : "s4-t21",
      "begin" : 791,
      "end" : 792,
      "text" : ",",
      "whiteSpace" : false
    }, {
      "id" : "s4-t22",
      "begin" : 792,
      "end" : 798,
      "text" : "Mumbai",
      "whiteSpace" : false
    }, {
      "id" : "s4-t23",
      "begin" : 800,
      "end" : 801,
      "text" : "I",
      "whiteSpace" : false
    }, {
      "id" : "s4-t24",
      "begin" : 802,
      "end" : 806,
      "text" : "have",
      "whiteSpace" : false
    }, {
      "id" : "s4-t25",
      "begin" : 807,
      "end" : 813,
      "text" : "bought",
      "whiteSpace" : false
    }, {
      "id" : "s4-t26",
      "begin" : 814,
      "end" : 815,
      "text" : "a",
      "whiteSpace" : false
    }, {
      "id" : "s4-t27",
      "begin" : 816,
      "end" : 823,
      "text" : "bunglow",
      "whiteSpace" : false
    }, {
      "id" : "s4-t28",
      "begin" : 824,
      "end" : 826,
      "text" : "of",
      "whiteSpace" : false
    }, {
      "id" : "s4-t29",
      "begin" : 827,
      "end" : 828,
      "text" : "$",
      "whiteSpace" : false
    }, {
      "id" : "s4-t30",
      "begin" : 828,
      "end" : 837,
      "text" : "9,076,372",
      "whiteSpace" : false
    } ]
  } ],
  "mentions" : [ {
    "id" : "s0-m1",
    "properties" : {
      "SIRE_MENTION_ROLE" : "PanCard",
      "SIRE_ENTITY_SUBTYPE" : "NONE",
      "SIRE_MENTION_TYPE" : "NONE",
      "SIRE_MENTION_CLASS" : "SPC"
    },
    "type" : "PanCard",
    "begin" : 27,
    "end" : 37,
    "inCoref" : false
  }, {
    "id" : "s0-m2",
    "properties" : {
      "SIRE_MENTION_ROLE" : "Name",
      "SIRE_ENTITY_SUBTYPE" : "NONE",
      "SIRE_MENTION_TYPE" : "NONE",
      "SIRE_MENTION_CLASS" : "SPC"
    },
    "type" : "Name",
    "begin" : 123,
    "end" : 138,
    "inCoref" : false
  }, {
    "id" : "s1-m1",
    "properties" : {
      "SIRE_MENTION_ROLE" : "Company",
      "SIRE_ENTITY_SUBTYPE" : "NONE",
      "SIRE_MENTION_TYPE" : "NONE",
      "SIRE_MENTION_CLASS" : "SPC"
    },
    "type" : "Company",
    "begin" : 200,
    "end" : 211,
    "inCoref" : false
  }, {
    "id" : "s1-m2",
    "properties" : {
      "SIRE_MENTION_ROLE" : "MobileNo",
      "SIRE_ENTITY_SUBTYPE" : "NONE",
      "SIRE_MENTION_TYPE" : "NONE",
      "SIRE_MENTION_CLASS" : "SPC"
    },
    "type" : "MobileNo",
    "begin" : 268,
    "end" : 278,
    "inCoref" : false
  }, {
    "id" : "s1-m3",
    "properties" : {
      "SIRE_MENTION_ROLE" : "EmailId",
      "SIRE_ENTITY_SUBTYPE" : "NONE",
      "SIRE_MENTION_TYPE" : "NONE",
      "SIRE_MENTION_CLASS" : "SPC"
    },
    "type" : "EmailId",
    "begin" : 295,
    "end" : 309,
    "inCoref" : false
  }, {
    "id" : "s1-m4",
    "properties" : {
      "SIRE_MENTION_ROLE" : "Company",
      "SIRE_ENTITY_SUBTYPE" : "NONE",
      "SIRE_MENTION_TYPE" : "NONE",
      "SIRE_MENTION_CLASS" : "SPC"
    },
    "type" : "Company",
    "begin" : 321,
    "end" : 333,
    "inCoref" : false
  }, {
    "id" : "s2-m1",
    "properties" : {
      "SIRE_MENTION_ROLE" : "EmployeeId",
      "SIRE_ENTITY_SUBTYPE" : "NONE",
      "SIRE_MENTION_TYPE" : "NONE",
      "SIRE_MENTION_CLASS" : "SPC"
    },
    "type" : "EmployeeId",
    "begin" : 355,
    "end" : 361,
    "inCoref" : false
  }, {
    "id" : "s3-m1",
    "properties" : {
      "SIRE_MENTION_ROLE" : "AccountNo",
      "SIRE_ENTITY_SUBTYPE" : "NONE",
      "SIRE_MENTION_TYPE" : "NONE",
      "SIRE_MENTION_CLASS" : "SPC"
    },
    "type" : "AccountNo",
    "begin" : 509,
    "end" : 519,
    "inCoref" : false
  }, {
    "id" : "s3-m2",
    "properties" : {
      "SIRE_MENTION_ROLE" : "BillNo",
      "SIRE_ENTITY_SUBTYPE" : "NONE",
      "SIRE_MENTION_TYPE" : "NONE",
      "SIRE_MENTION_CLASS" : "SPC"
    },
    "type" : "BillNo",
    "begin" : 529,
    "end" : 534,
    "inCoref" : false
  }, {
    "id" : "s3-m3",
    "properties" : {
      "SIRE_MENTION_ROLE" : "DOB",
      "SIRE_ENTITY_SUBTYPE" : "NONE",
      "SIRE_MENTION_TYPE" : "NONE",
      "SIRE_MENTION_CLASS" : "SPC"
    },
    "type" : "DOB",
    "begin" : 556,
    "end" : 568,
    "inCoref" : false
  }, {
    "id" : "s3-m4",
    "properties" : {
      "SIRE_MENTION_ROLE" : "AadharCardNo",
      "SIRE_ENTITY_SUBTYPE" : "NONE",
      "SIRE_MENTION_TYPE" : "NONE",
      "SIRE_MENTION_CLASS" : "SPC"
    },
    "type" : "AadharCardNo",
    "begin" : 586,
    "end" : 605,
    "inCoref" : false
  }, {
    "id" : "s4-m1",
    "properties" : {
      "SIRE_MENTION_ROLE" : "Address",
      "SIRE_ENTITY_SUBTYPE" : "NONE",
      "SIRE_MENTION_TYPE" : "NONE",
      "SIRE_MENTION_CLASS" : "SPC"
    },
    "type" : "Address",
    "begin" : 767,
    "end" : 798,
    "inCoref" : false
  }, {
    "id" : "s4-m2",
    "properties" : {
      "SIRE_MENTION_ROLE" : "Price",
      "SIRE_ENTITY_SUBTYPE" : "NONE",
      "SIRE_MENTION_TYPE" : "NONE",
      "SIRE_MENTION_CLASS" : "SPC"
    },
    "type" : "Price",
    "begin" : 827,
    "end" : 837,
    "inCoref" : false
  } ],
  "relations" : [ ],
  "corefs" : [ ],
  "typeResolved" : true,
  "userResolved" : false
}