{
  "id" : "15e3f580-3ce1-11e9-af06-cfe80a4f0ad0-0",
  "name" : "data27.txt",
  "createdDate" : 0,
  "version" : 3,
  "text" : "Hello Sir,\r\ni am a residence of kurjee patna bihar,Please mail me at  raghu123@gmail.com through software solutions which they are using in their organization\r\nmy name is raphu kumar\r\n simply dummy text of the. \r\nplease check my employee details\r\nmy employee id is 119051\r\nmy bank account no is 14888888888\r\nbill id B1090\r\nmy aadhar no is 1230-9889-0344-4607\r\nto reach me contact at  +91-9607991378\r\n",
  "docLength" : 0,
  "language" : "EN",
  "status" : "SUBMITTED",
  "modifiedDate" : 1551530562983,
  "documentSet" : [ ],
  "preannotation" : [ ],
  "sentences" : [ {
    "id" : "s0",
    "begin" : 0,
    "end" : 210,
    "text" : "Hello Sir,\r\ni am a residence of kurjee patna bihar,Please mail me at  raghu123@gmail.com through software solutions which they are using in their organization\r\nmy name is raphu kumar\r\n simply dummy text of the.",
    "tokens" : [ {
      "id" : "s0-t0",
      "begin" : 0,
      "end" : 5,
      "text" : "Hello",
      "whiteSpace" : false
    }, {
      "id" : "s0-t1",
      "begin" : 6,
      "end" : 9,
      "text" : "Sir",
      "whiteSpace" : false
    }, {
      "id" : "s0-t2",
      "begin" : 9,
      "end" : 10,
      "text" : ",",
      "whiteSpace" : false
    }, {
      "id" : "s0-t3",
      "begin" : 12,
      "end" : 13,
      "text" : "i",
      "whiteSpace" : false
    }, {
      "id" : "s0-t4",
      "begin" : 14,
      "end" : 16,
      "text" : "am",
      "whiteSpace" : false
    }, {
      "id" : "s0-t5",
      "begin" : 17,
      "end" : 18,
      "text" : "a",
      "whiteSpace" : false
    }, {
      "id" : "s0-t6",
      "begin" : 19,
      "end" : 28,
      "text" : "residence",
      "whiteSpace" : false
    }, {
      "id" : "s0-t7",
      "begin" : 29,
      "end" : 31,
      "text" : "of",
      "whiteSpace" : false
    }, {
      "id" : "s0-t8",
      "begin" : 32,
      "end" : 38,
      "text" : "kurjee",
      "whiteSpace" : false
    }, {
      "id" : "s0-t9",
      "begin" : 39,
      "end" : 44,
      "text" : "patna",
      "whiteSpace" : false
    }, {
      "id" : "s0-t10",
      "begin" : 45,
      "end" : 50,
      "text" : "bihar",
      "whiteSpace" : false
    }, {
      "id" : "s0-t11",
      "begin" : 50,
      "end" : 51,
      "text" : ",",
      "whiteSpace" : false
    }, {
      "id" : "s0-t12",
      "begin" : 51,
      "end" : 57,
      "text" : "Please",
      "whiteSpace" : false
    }, {
      "id" : "s0-t13",
      "begin" : 58,
      "end" : 62,
      "text" : "mail",
      "whiteSpace" : false
    }, {
      "id" : "s0-t14",
      "begin" : 63,
      "end" : 65,
      "text" : "me",
      "whiteSpace" : false
    }, {
      "id" : "s0-t15",
      "begin" : 66,
      "end" : 68,
      "text" : "at",
      "whiteSpace" : false
    }, {
      "id" : "s0-t16",
      "begin" : 70,
      "end" : 88,
      "text" : "raghu123@gmail.com",
      "whiteSpace" : false
    }, {
      "id" : "s0-t17",
      "begin" : 89,
      "end" : 96,
      "text" : "through",
      "whiteSpace" : false
    }, {
      "id" : "s0-t18",
      "begin" : 97,
      "end" : 105,
      "text" : "software",
      "whiteSpace" : false
    }, {
      "id" : "s0-t19",
      "begin" : 106,
      "end" : 115,
      "text" : "solutions",
      "whiteSpace" : false
    }, {
      "id" : "s0-t20",
      "begin" : 116,
      "end" : 121,
      "text" : "which",
      "whiteSpace" : false
    }, {
      "id" : "s0-t21",
      "begin" : 122,
      "end" : 126,
      "text" : "they",
      "whiteSpace" : false
    }, {
      "id" : "s0-t22",
      "begin" : 127,
      "end" : 130,
      "text" : "are",
      "whiteSpace" : false
    }, {
      "id" : "s0-t23",
      "begin" : 131,
      "end" : 136,
      "text" : "using",
      "whiteSpace" : false
    }, {
      "id" : "s0-t24",
      "begin" : 137,
      "end" : 139,
      "text" : "in",
      "whiteSpace" : false
    }, {
      "id" : "s0-t25",
      "begin" : 140,
      "end" : 145,
      "text" : "their",
      "whiteSpace" : false
    }, {
      "id" : "s0-t26",
      "begin" : 146,
      "end" : 158,
      "text" : "organization",
      "whiteSpace" : false
    }, {
      "id" : "s0-t27",
      "begin" : 160,
      "end" : 162,
      "text" : "my",
      "whiteSpace" : false
    }, {
      "id" : "s0-t28",
      "begin" : 163,
      "end" : 167,
      "text" : "name",
      "whiteSpace" : false
    }, {
      "id" : "s0-t29",
      "begin" : 168,
      "end" : 170,
      "text" : "is",
      "whiteSpace" : false
    }, {
      "id" : "s0-t30",
      "begin" : 171,
      "end" : 176,
      "text" : "raphu",
      "whiteSpace" : false
    }, {
      "id" : "s0-t31",
      "begin" : 177,
      "end" : 182,
      "text" : "kumar",
      "whiteSpace" : false
    }, {
      "id" : "s0-t32",
      "begin" : 185,
      "end" : 191,
      "text" : "simply",
      "whiteSpace" : false
    }, {
      "id" : "s0-t33",
      "begin" : 192,
      "end" : 197,
      "text" : "dummy",
      "whiteSpace" : false
    }, {
      "id" : "s0-t34",
      "begin" : 198,
      "end" : 202,
      "text" : "text",
      "whiteSpace" : false
    }, {
      "id" : "s0-t35",
      "begin" : 203,
      "end" : 205,
      "text" : "of",
      "whiteSpace" : false
    }, {
      "id" : "s0-t36",
      "begin" : 206,
      "end" : 209,
      "text" : "the",
      "whiteSpace" : false
    }, {
      "id" : "s0-t37",
      "begin" : 209,
      "end" : 210,
      "text" : ".",
      "whiteSpace" : false
    } ]
  }, {
    "id" : "s1",
    "begin" : 213,
    "end" : 398,
    "text" : "please check my employee details\r\nmy employee id is 119051\r\nmy bank account no is 14888888888\r\nbill id B1090\r\nmy aadhar no is 1230-9889-0344-4607\r\nto reach me contact at  +91-9607991378",
    "tokens" : [ {
      "id" : "s1-t0",
      "begin" : 213,
      "end" : 219,
      "text" : "please",
      "whiteSpace" : false
    }, {
      "id" : "s1-t1",
      "begin" : 220,
      "end" : 225,
      "text" : "check",
      "whiteSpace" : false
    }, {
      "id" : "s1-t2",
      "begin" : 226,
      "end" : 228,
      "text" : "my",
      "whiteSpace" : false
    }, {
      "id" : "s1-t3",
      "begin" : 229,
      "end" : 237,
      "text" : "employee",
      "whiteSpace" : false
    }, {
      "id" : "s1-t4",
      "begin" : 238,
      "end" : 245,
      "text" : "details",
      "whiteSpace" : false
    }, {
      "id" : "s1-t5",
      "begin" : 247,
      "end" : 249,
      "text" : "my",
      "whiteSpace" : false
    }, {
      "id" : "s1-t6",
      "begin" : 250,
      "end" : 258,
      "text" : "employee",
      "whiteSpace" : false
    }, {
      "id" : "s1-t7",
      "begin" : 259,
      "end" : 261,
      "text" : "id",
      "whiteSpace" : false
    }, {
      "id" : "s1-t8",
      "begin" : 262,
      "end" : 264,
      "text" : "is",
      "whiteSpace" : false
    }, {
      "id" : "s1-t9",
      "begin" : 265,
      "end" : 271,
      "text" : "119051",
      "whiteSpace" : false
    }, {
      "id" : "s1-t10",
      "begin" : 273,
      "end" : 275,
      "text" : "my",
      "whiteSpace" : false
    }, {
      "id" : "s1-t11",
      "begin" : 276,
      "end" : 280,
      "text" : "bank",
      "whiteSpace" : false
    }, {
      "id" : "s1-t12",
      "begin" : 281,
      "end" : 288,
      "text" : "account",
      "whiteSpace" : false
    }, {
      "id" : "s1-t13",
      "begin" : 289,
      "end" : 291,
      "text" : "no",
      "whiteSpace" : false
    }, {
      "id" : "s1-t14",
      "begin" : 292,
      "end" : 294,
      "text" : "is",
      "whiteSpace" : false
    }, {
      "id" : "s1-t15",
      "begin" : 295,
      "end" : 306,
      "text" : "14888888888",
      "whiteSpace" : false
    }, {
      "id" : "s1-t16",
      "begin" : 308,
      "end" : 312,
      "text" : "bill",
      "whiteSpace" : false
    }, {
      "id" : "s1-t17",
      "begin" : 313,
      "end" : 315,
      "text" : "id",
      "whiteSpace" : false
    }, {
      "id" : "s1-t18",
      "begin" : 316,
      "end" : 321,
      "text" : "B1090",
      "whiteSpace" : false
    }, {
      "id" : "s1-t19",
      "begin" : 323,
      "end" : 325,
      "text" : "my",
      "whiteSpace" : false
    }, {
      "id" : "s1-t20",
      "begin" : 326,
      "end" : 332,
      "text" : "aadhar",
      "whiteSpace" : false
    }, {
      "id" : "s1-t21",
      "begin" : 333,
      "end" : 335,
      "text" : "no",
      "whiteSpace" : false
    }, {
      "id" : "s1-t22",
      "begin" : 336,
      "end" : 338,
      "text" : "is",
      "whiteSpace" : false
    }, {
      "id" : "s1-t23",
      "begin" : 339,
      "end" : 358,
      "text" : "1230-9889-0344-4607",
      "whiteSpace" : false
    }, {
      "id" : "s1-t24",
      "begin" : 360,
      "end" : 362,
      "text" : "to",
      "whiteSpace" : false
    }, {
      "id" : "s1-t25",
      "begin" : 363,
      "end" : 368,
      "text" : "reach",
      "whiteSpace" : false
    }, {
      "id" : "s1-t26",
      "begin" : 369,
      "end" : 371,
      "text" : "me",
      "whiteSpace" : false
    }, {
      "id" : "s1-t27",
      "begin" : 372,
      "end" : 379,
      "text" : "contact",
      "whiteSpace" : false
    }, {
      "id" : "s1-t28",
      "begin" : 380,
      "end" : 382,
      "text" : "at",
      "whiteSpace" : false
    }, {
      "id" : "s1-t29",
      "begin" : 384,
      "end" : 385,
      "text" : "+",
      "whiteSpace" : false
    }, {
      "id" : "s1-t30",
      "begin" : 385,
      "end" : 398,
      "text" : "91-9607991378",
      "whiteSpace" : false
    } ]
  } ],
  "mentions" : [ {
    "id" : "s0-m2",
    "properties" : {
      "SIRE_MENTION_ROLE" : "Address",
      "SIRE_ENTITY_SUBTYPE" : "NONE",
      "SIRE_MENTION_TYPE" : "NONE",
      "SIRE_MENTION_CLASS" : "SPC"
    },
    "type" : "Address",
    "begin" : 32,
    "end" : 50,
    "inCoref" : false
  }, {
    "id" : "s0-m1",
    "properties" : {
      "SIRE_MENTION_ROLE" : "EmailId",
      "SIRE_ENTITY_SUBTYPE" : "NONE",
      "SIRE_MENTION_TYPE" : "NONE",
      "SIRE_MENTION_CLASS" : "SPC"
    },
    "type" : "EmailId",
    "begin" : 70,
    "end" : 88,
    "inCoref" : false
  }, {
    "id" : "s1-m1",
    "properties" : {
      "SIRE_MENTION_ROLE" : "EmployeeId",
      "SIRE_ENTITY_SUBTYPE" : "NONE",
      "SIRE_MENTION_TYPE" : "NONE",
      "SIRE_MENTION_CLASS" : "SPC"
    },
    "type" : "EmployeeId",
    "begin" : 265,
    "end" : 271,
    "inCoref" : false
  }, {
    "id" : "s1-m2",
    "properties" : {
      "SIRE_MENTION_ROLE" : "AccountNo",
      "SIRE_ENTITY_SUBTYPE" : "NONE",
      "SIRE_MENTION_TYPE" : "NONE",
      "SIRE_MENTION_CLASS" : "SPC"
    },
    "type" : "AccountNo",
    "begin" : 295,
    "end" : 306,
    "inCoref" : false
  }, {
    "id" : "s1-m3",
    "properties" : {
      "SIRE_MENTION_ROLE" : "BillNo",
      "SIRE_ENTITY_SUBTYPE" : "NONE",
      "SIRE_MENTION_TYPE" : "NONE",
      "SIRE_MENTION_CLASS" : "SPC"
    },
    "type" : "BillNo",
    "begin" : 316,
    "end" : 321,
    "inCoref" : false
  }, {
    "id" : "s1-m4",
    "properties" : {
      "SIRE_MENTION_ROLE" : "AadharCardNo",
      "SIRE_ENTITY_SUBTYPE" : "NONE",
      "SIRE_MENTION_TYPE" : "NONE",
      "SIRE_MENTION_CLASS" : "SPC"
    },
    "type" : "AadharCardNo",
    "begin" : 339,
    "end" : 358,
    "inCoref" : false
  }, {
    "id" : "s1-m5",
    "properties" : {
      "SIRE_MENTION_ROLE" : "MobileNo",
      "SIRE_ENTITY_SUBTYPE" : "NONE",
      "SIRE_MENTION_TYPE" : "NONE",
      "SIRE_MENTION_CLASS" : "SPC"
    },
    "type" : "MobileNo",
    "begin" : 384,
    "end" : 398,
    "inCoref" : false
  } ],
  "relations" : [ ],
  "corefs" : [ ],
  "typeResolved" : true,
  "userResolved" : false
}