{
  "id" : "18babc30-3ce1-11e9-9a38-235c4e7dcc32-0",
  "name" : "data28.txt",
  "createdDate" : 0,
  "version" : 3,
  "text" : "respected sir,\r\n \r\nI want to make an transaction. But i am  facing some problem on this . My bank server is reject my credentials .\r\nMy bank account no ,mobile no are 1234567890, 9874561230, respectively.\r\nMy aadhar no,pancard,address are 9000-4511-4344-4567,SHAPL1214C,gwari mahal,Guwahati\r\nI am in great need for this job I can live anywhere\r\nMy name is shikha soni\r\nI want a minimum salary of Rs1000,my email id is shilpa@yahoo.com.I work at Google\r\nmy date of birth and employee id are 08-09-197, 904939\r\n",
  "docLength" : 0,
  "language" : "EN",
  "status" : "SUBMITTED",
  "modifiedDate" : 1551530639063,
  "documentSet" : [ ],
  "preannotation" : [ ],
  "sentences" : [ {
    "id" : "s0",
    "begin" : 0,
    "end" : 14,
    "text" : "respected sir,",
    "tokens" : [ {
      "id" : "s0-t0",
      "begin" : 0,
      "end" : 9,
      "text" : "respected",
      "whiteSpace" : false
    }, {
      "id" : "s0-t1",
      "begin" : 10,
      "end" : 13,
      "text" : "sir",
      "whiteSpace" : false
    }, {
      "id" : "s0-t2",
      "begin" : 13,
      "end" : 14,
      "text" : ",",
      "whiteSpace" : false
    } ]
  }, {
    "id" : "s1",
    "begin" : 19,
    "end" : 49,
    "text" : "I want to make an transaction.",
    "tokens" : [ {
      "id" : "s1-t0",
      "begin" : 19,
      "end" : 20,
      "text" : "I",
      "whiteSpace" : false
    }, {
      "id" : "s1-t1",
      "begin" : 21,
      "end" : 25,
      "text" : "want",
      "whiteSpace" : false
    }, {
      "id" : "s1-t2",
      "begin" : 26,
      "end" : 28,
      "text" : "to",
      "whiteSpace" : false
    }, {
      "id" : "s1-t3",
      "begin" : 29,
      "end" : 33,
      "text" : "make",
      "whiteSpace" : false
    }, {
      "id" : "s1-t4",
      "begin" : 34,
      "end" : 36,
      "text" : "an",
      "whiteSpace" : false
    }, {
      "id" : "s1-t5",
      "begin" : 37,
      "end" : 48,
      "text" : "transaction",
      "whiteSpace" : false
    }, {
      "id" : "s1-t6",
      "begin" : 48,
      "end" : 49,
      "text" : ".",
      "whiteSpace" : false
    } ]
  }, {
    "id" : "s2",
    "begin" : 50,
    "end" : 89,
    "text" : "But i am  facing some problem on this .",
    "tokens" : [ {
      "id" : "s2-t0",
      "begin" : 50,
      "end" : 53,
      "text" : "But",
      "whiteSpace" : false
    }, {
      "id" : "s2-t1",
      "begin" : 54,
      "end" : 55,
      "text" : "i",
      "whiteSpace" : false
    }, {
      "id" : "s2-t2",
      "begin" : 56,
      "end" : 58,
      "text" : "am",
      "whiteSpace" : false
    }, {
      "id" : "s2-t3",
      "begin" : 60,
      "end" : 66,
      "text" : "facing",
      "whiteSpace" : false
    }, {
      "id" : "s2-t4",
      "begin" : 67,
      "end" : 71,
      "text" : "some",
      "whiteSpace" : false
    }, {
      "id" : "s2-t5",
      "begin" : 72,
      "end" : 79,
      "text" : "problem",
      "whiteSpace" : false
    }, {
      "id" : "s2-t6",
      "begin" : 80,
      "end" : 82,
      "text" : "on",
      "whiteSpace" : false
    }, {
      "id" : "s2-t7",
      "begin" : 83,
      "end" : 87,
      "text" : "this",
      "whiteSpace" : false
    }, {
      "id" : "s2-t8",
      "begin" : 88,
      "end" : 89,
      "text" : ".",
      "whiteSpace" : false
    } ]
  }, {
    "id" : "s3",
    "begin" : 90,
    "end" : 131,
    "text" : "My bank server is reject my credentials .",
    "tokens" : [ {
      "id" : "s3-t0",
      "begin" : 90,
      "end" : 92,
      "text" : "My",
      "whiteSpace" : false
    }, {
      "id" : "s3-t1",
      "begin" : 93,
      "end" : 97,
      "text" : "bank",
      "whiteSpace" : false
    }, {
      "id" : "s3-t2",
      "begin" : 98,
      "end" : 104,
      "text" : "server",
      "whiteSpace" : false
    }, {
      "id" : "s3-t3",
      "begin" : 105,
      "end" : 107,
      "text" : "is",
      "whiteSpace" : false
    }, {
      "id" : "s3-t4",
      "begin" : 108,
      "end" : 114,
      "text" : "reject",
      "whiteSpace" : false
    }, {
      "id" : "s3-t5",
      "begin" : 115,
      "end" : 117,
      "text" : "my",
      "whiteSpace" : false
    }, {
      "id" : "s3-t6",
      "begin" : 118,
      "end" : 129,
      "text" : "credentials",
      "whiteSpace" : false
    }, {
      "id" : "s3-t7",
      "begin" : 130,
      "end" : 131,
      "text" : ".",
      "whiteSpace" : false
    } ]
  }, {
    "id" : "s4",
    "begin" : 133,
    "end" : 204,
    "text" : "My bank account no ,mobile no are 1234567890, 9874561230, respectively.",
    "tokens" : [ {
      "id" : "s4-t0",
      "begin" : 133,
      "end" : 135,
      "text" : "My",
      "whiteSpace" : false
    }, {
      "id" : "s4-t1",
      "begin" : 136,
      "end" : 140,
      "text" : "bank",
      "whiteSpace" : false
    }, {
      "id" : "s4-t2",
      "begin" : 141,
      "end" : 148,
      "text" : "account",
      "whiteSpace" : false
    }, {
      "id" : "s4-t3",
      "begin" : 149,
      "end" : 151,
      "text" : "no",
      "whiteSpace" : false
    }, {
      "id" : "s4-t4",
      "begin" : 152,
      "end" : 153,
      "text" : ",",
      "whiteSpace" : false
    }, {
      "id" : "s4-t5",
      "begin" : 153,
      "end" : 159,
      "text" : "mobile",
      "whiteSpace" : false
    }, {
      "id" : "s4-t6",
      "begin" : 160,
      "end" : 162,
      "text" : "no",
      "whiteSpace" : false
    }, {
      "id" : "s4-t7",
      "begin" : 163,
      "end" : 166,
      "text" : "are",
      "whiteSpace" : false
    }, {
      "id" : "s4-t8",
      "begin" : 167,
      "end" : 177,
      "text" : "1234567890",
      "whiteSpace" : false
    }, {
      "id" : "s4-t9",
      "begin" : 177,
      "end" : 178,
      "text" : ",",
      "whiteSpace" : false
    }, {
      "id" : "s4-t10",
      "begin" : 179,
      "end" : 189,
      "text" : "9874561230",
      "whiteSpace" : false
    }, {
      "id" : "s4-t11",
      "begin" : 189,
      "end" : 190,
      "text" : ",",
      "whiteSpace" : false
    }, {
      "id" : "s4-t12",
      "begin" : 191,
      "end" : 203,
      "text" : "respectively",
      "whiteSpace" : false
    }, {
      "id" : "s4-t13",
      "begin" : 203,
      "end" : 204,
      "text" : ".",
      "whiteSpace" : false
    } ]
  }, {
    "id" : "s5",
    "begin" : 206,
    "end" : 507,
    "text" : "My aadhar no,pancard,address are 9000-4511-4344-4567,SHAPL1214C,gwari mahal,Guwahati\r\nI am in great need for this job I can live anywhere\r\nMy name is shikha soni\r\nI want a minimum salary of Rs1000,my email id is shilpa@yahoo.com.I work at Google\r\nmy date of birth and employee id are 08-09-197, 904939",
    "tokens" : [ {
      "id" : "s5-t0",
      "begin" : 206,
      "end" : 208,
      "text" : "My",
      "whiteSpace" : false
    }, {
      "id" : "s5-t1",
      "begin" : 209,
      "end" : 215,
      "text" : "aadhar",
      "whiteSpace" : false
    }, {
      "id" : "s5-t2",
      "begin" : 216,
      "end" : 218,
      "text" : "no",
      "whiteSpace" : false
    }, {
      "id" : "s5-t3",
      "begin" : 218,
      "end" : 219,
      "text" : ",",
      "whiteSpace" : false
    }, {
      "id" : "s5-t4",
      "begin" : 219,
      "end" : 226,
      "text" : "pancard",
      "whiteSpace" : false
    }, {
      "id" : "s5-t5",
      "begin" : 226,
      "end" : 227,
      "text" : ",",
      "whiteSpace" : false
    }, {
      "id" : "s5-t6",
      "begin" : 227,
      "end" : 234,
      "text" : "address",
      "whiteSpace" : false
    }, {
      "id" : "s5-t7",
      "begin" : 235,
      "end" : 238,
      "text" : "are",
      "whiteSpace" : false
    }, {
      "id" : "s5-t8",
      "begin" : 239,
      "end" : 258,
      "text" : "9000-4511-4344-4567",
      "whiteSpace" : false
    }, {
      "id" : "s5-t9",
      "begin" : 258,
      "end" : 259,
      "text" : ",",
      "whiteSpace" : false
    }, {
      "id" : "s5-t10",
      "begin" : 259,
      "end" : 269,
      "text" : "SHAPL1214C",
      "whiteSpace" : false
    }, {
      "id" : "s5-t11",
      "begin" : 269,
      "end" : 270,
      "text" : ",",
      "whiteSpace" : false
    }, {
      "id" : "s5-t12",
      "begin" : 270,
      "end" : 275,
      "text" : "gwari",
      "whiteSpace" : false
    }, {
      "id" : "s5-t13",
      "begin" : 276,
      "end" : 281,
      "text" : "mahal",
      "whiteSpace" : false
    }, {
      "id" : "s5-t14",
      "begin" : 281,
      "end" : 282,
      "text" : ",",
      "whiteSpace" : false
    }, {
      "id" : "s5-t15",
      "begin" : 282,
      "end" : 290,
      "text" : "Guwahati",
      "whiteSpace" : false
    }, {
      "id" : "s5-t16",
      "begin" : 292,
      "end" : 293,
      "text" : "I",
      "whiteSpace" : false
    }, {
      "id" : "s5-t17",
      "begin" : 294,
      "end" : 296,
      "text" : "am",
      "whiteSpace" : false
    }, {
      "id" : "s5-t18",
      "begin" : 297,
      "end" : 299,
      "text" : "in",
      "whiteSpace" : false
    }, {
      "id" : "s5-t19",
      "begin" : 300,
      "end" : 305,
      "text" : "great",
      "whiteSpace" : false
    }, {
      "id" : "s5-t20",
      "begin" : 306,
      "end" : 310,
      "text" : "need",
      "whiteSpace" : false
    }, {
      "id" : "s5-t21",
      "begin" : 311,
      "end" : 314,
      "text" : "for",
      "whiteSpace" : false
    }, {
      "id" : "s5-t22",
      "begin" : 315,
      "end" : 319,
      "text" : "this",
      "whiteSpace" : false
    }, {
      "id" : "s5-t23",
      "begin" : 320,
      "end" : 323,
      "text" : "job",
      "whiteSpace" : false
    }, {
      "id" : "s5-t24",
      "begin" : 324,
      "end" : 325,
      "text" : "I",
      "whiteSpace" : false
    }, {
      "id" : "s5-t25",
      "begin" : 326,
      "end" : 329,
      "text" : "can",
      "whiteSpace" : false
    }, {
      "id" : "s5-t26",
      "begin" : 330,
      "end" : 334,
      "text" : "live",
      "whiteSpace" : false
    }, {
      "id" : "s5-t27",
      "begin" : 335,
      "end" : 343,
      "text" : "anywhere",
      "whiteSpace" : false
    }, {
      "id" : "s5-t28",
      "begin" : 345,
      "end" : 347,
      "text" : "My",
      "whiteSpace" : false
    }, {
      "id" : "s5-t29",
      "begin" : 348,
      "end" : 352,
      "text" : "name",
      "whiteSpace" : false
    }, {
      "id" : "s5-t30",
      "begin" : 353,
      "end" : 355,
      "text" : "is",
      "whiteSpace" : false
    }, {
      "id" : "s5-t31",
      "begin" : 356,
      "end" : 362,
      "text" : "shikha",
      "whiteSpace" : false
    }, {
      "id" : "s5-t32",
      "begin" : 363,
      "end" : 367,
      "text" : "soni",
      "whiteSpace" : false
    }, {
      "id" : "s5-t33",
      "begin" : 369,
      "end" : 370,
      "text" : "I",
      "whiteSpace" : false
    }, {
      "id" : "s5-t34",
      "begin" : 371,
      "end" : 375,
      "text" : "want",
      "whiteSpace" : false
    }, {
      "id" : "s5-t35",
      "begin" : 376,
      "end" : 377,
      "text" : "a",
      "whiteSpace" : false
    }, {
      "id" : "s5-t36",
      "begin" : 378,
      "end" : 385,
      "text" : "minimum",
      "whiteSpace" : false
    }, {
      "id" : "s5-t37",
      "begin" : 386,
      "end" : 392,
      "text" : "salary",
      "whiteSpace" : false
    }, {
      "id" : "s5-t38",
      "begin" : 393,
      "end" : 395,
      "text" : "of",
      "whiteSpace" : false
    }, {
      "id" : "s5-t39",
      "begin" : 396,
      "end" : 402,
      "text" : "Rs1000",
      "whiteSpace" : false
    }, {
      "id" : "s5-t40",
      "begin" : 402,
      "end" : 405,
      "text" : ",my",
      "whiteSpace" : false
    }, {
      "id" : "s5-t41",
      "begin" : 406,
      "end" : 411,
      "text" : "email",
      "whiteSpace" : false
    }, {
      "id" : "s5-t42",
      "begin" : 412,
      "end" : 414,
      "text" : "id",
      "whiteSpace" : false
    }, {
      "id" : "s5-t43",
      "begin" : 415,
      "end" : 417,
      "text" : "is",
      "whiteSpace" : false
    }, {
      "id" : "s5-t44",
      "begin" : 418,
      "end" : 436,
      "text" : "shilpa@yahoo.com.I",
      "whiteSpace" : false
    }, {
      "id" : "s5-t45",
      "begin" : 437,
      "end" : 441,
      "text" : "work",
      "whiteSpace" : false
    }, {
      "id" : "s5-t46",
      "begin" : 442,
      "end" : 444,
      "text" : "at",
      "whiteSpace" : false
    }, {
      "id" : "s5-t47",
      "begin" : 445,
      "end" : 451,
      "text" : "Google",
      "whiteSpace" : false
    }, {
      "id" : "s5-t48",
      "begin" : 453,
      "end" : 455,
      "text" : "my",
      "whiteSpace" : false
    }, {
      "id" : "s5-t49",
      "begin" : 456,
      "end" : 460,
      "text" : "date",
      "whiteSpace" : false
    }, {
      "id" : "s5-t50",
      "begin" : 461,
      "end" : 463,
      "text" : "of",
      "whiteSpace" : false
    }, {
      "id" : "s5-t51",
      "begin" : 464,
      "end" : 469,
      "text" : "birth",
      "whiteSpace" : false
    }, {
      "id" : "s5-t52",
      "begin" : 470,
      "end" : 473,
      "text" : "and",
      "whiteSpace" : false
    }, {
      "id" : "s5-t53",
      "begin" : 474,
      "end" : 482,
      "text" : "employee",
      "whiteSpace" : false
    }, {
      "id" : "s5-t54",
      "begin" : 483,
      "end" : 485,
      "text" : "id",
      "whiteSpace" : false
    }, {
      "id" : "s5-t55",
      "begin" : 486,
      "end" : 489,
      "text" : "are",
      "whiteSpace" : false
    }, {
      "id" : "s5-t56",
      "begin" : 490,
      "end" : 499,
      "text" : "08-09-197",
      "whiteSpace" : false
    }, {
      "id" : "s5-t57",
      "begin" : 499,
      "end" : 500,
      "text" : ",",
      "whiteSpace" : false
    }, {
      "id" : "s5-t58",
      "begin" : 501,
      "end" : 507,
      "text" : "904939",
      "whiteSpace" : false
    } ]
  } ],
  "mentions" : [ {
    "id" : "s4-m1",
    "properties" : {
      "SIRE_MENTION_ROLE" : "MobileNo",
      "SIRE_ENTITY_SUBTYPE" : "NONE",
      "SIRE_MENTION_TYPE" : "NONE",
      "SIRE_MENTION_CLASS" : "SPC"
    },
    "type" : "MobileNo",
    "begin" : 167,
    "end" : 177,
    "inCoref" : false
  }, {
    "id" : "s4-m2",
    "properties" : {
      "SIRE_MENTION_ROLE" : "MobileNo",
      "SIRE_ENTITY_SUBTYPE" : "NONE",
      "SIRE_MENTION_TYPE" : "NONE",
      "SIRE_MENTION_CLASS" : "SPC"
    },
    "type" : "MobileNo",
    "begin" : 179,
    "end" : 189,
    "inCoref" : false
  }, {
    "id" : "s5-m1",
    "properties" : {
      "SIRE_MENTION_ROLE" : "AadharCardNo",
      "SIRE_ENTITY_SUBTYPE" : "NONE",
      "SIRE_MENTION_TYPE" : "NONE",
      "SIRE_MENTION_CLASS" : "SPC"
    },
    "type" : "AadharCardNo",
    "begin" : 239,
    "end" : 258,
    "inCoref" : false
  }, {
    "id" : "s5-m2",
    "properties" : {
      "SIRE_MENTION_ROLE" : "PanCard",
      "SIRE_ENTITY_SUBTYPE" : "NONE",
      "SIRE_MENTION_TYPE" : "NONE",
      "SIRE_MENTION_CLASS" : "SPC"
    },
    "type" : "PanCard",
    "begin" : 259,
    "end" : 269,
    "inCoref" : false
  }, {
    "id" : "s5-m3",
    "properties" : {
      "SIRE_MENTION_ROLE" : "Address",
      "SIRE_ENTITY_SUBTYPE" : "NONE",
      "SIRE_MENTION_TYPE" : "NONE",
      "SIRE_MENTION_CLASS" : "SPC"
    },
    "type" : "Address",
    "begin" : 270,
    "end" : 290,
    "inCoref" : false
  }, {
    "id" : "s5-m4",
    "properties" : {
      "SIRE_MENTION_ROLE" : "Name",
      "SIRE_ENTITY_SUBTYPE" : "NONE",
      "SIRE_MENTION_TYPE" : "NONE",
      "SIRE_MENTION_CLASS" : "SPC"
    },
    "type" : "Name",
    "begin" : 356,
    "end" : 367,
    "inCoref" : false
  }, {
    "id" : "s5-m5",
    "properties" : {
      "SIRE_MENTION_ROLE" : "Price",
      "SIRE_ENTITY_SUBTYPE" : "NONE",
      "SIRE_MENTION_TYPE" : "NONE",
      "SIRE_MENTION_CLASS" : "SPC"
    },
    "type" : "Price",
    "begin" : 396,
    "end" : 402,
    "inCoref" : false
  }, {
    "id" : "s5-m6",
    "properties" : {
      "SIRE_MENTION_ROLE" : "EmailId",
      "SIRE_ENTITY_SUBTYPE" : "NONE",
      "SIRE_MENTION_TYPE" : "NONE",
      "SIRE_MENTION_CLASS" : "SPC"
    },
    "type" : "EmailId",
    "begin" : 418,
    "end" : 434,
    "inCoref" : false
  }, {
    "id" : "s5-m7",
    "properties" : {
      "SIRE_MENTION_ROLE" : "Company",
      "SIRE_ENTITY_SUBTYPE" : "NONE",
      "SIRE_MENTION_TYPE" : "NONE",
      "SIRE_MENTION_CLASS" : "SPC"
    },
    "type" : "Company",
    "begin" : 445,
    "end" : 451,
    "inCoref" : false
  }, {
    "id" : "s5-m8",
    "properties" : {
      "SIRE_MENTION_ROLE" : "DOB",
      "SIRE_ENTITY_SUBTYPE" : "NONE",
      "SIRE_MENTION_TYPE" : "NONE",
      "SIRE_MENTION_CLASS" : "SPC"
    },
    "type" : "DOB",
    "begin" : 490,
    "end" : 499,
    "inCoref" : false
  }, {
    "id" : "s5-m9",
    "properties" : {
      "SIRE_MENTION_ROLE" : "EmployeeId",
      "SIRE_ENTITY_SUBTYPE" : "NONE",
      "SIRE_MENTION_TYPE" : "NONE",
      "SIRE_MENTION_CLASS" : "SPC"
    },
    "type" : "EmployeeId",
    "begin" : 501,
    "end" : 507,
    "inCoref" : false
  } ],
  "relations" : [ ],
  "corefs" : [ ],
  "typeResolved" : true,
  "userResolved" : false
}