{
  "id" : "1bd542a0-3ce1-11e9-9a38-235c4e7dcc32-0",
  "name" : "data29.txt",
  "createdDate" : 0,
  "version" : 3,
  "text" : "Hello Sir,\r\ni am a residence of kurjee patna bihar,Please mail me at  raghu123@gmail.com through software solutions which they are using in their organization\r\nmy name is raphu kumar\r\n simply dummy text of the printing and typesetting industry. Lorem Ipsum has been the industry's standard dummy I was born on 25 may,1986\r\n My company is very big my company name is  Uber and I work here\r\nplease check my employee details\r\nmy employee id is 119051\r\nmy bank account no is 14888888888\r\nbill id B1090\r\n\r\nmy aadhar no is 1230-9889-0344-4607\r\n\r\nto reach me contact at: my mobile no is 9607991378\r\n",
  "docLength" : 0,
  "language" : "EN",
  "status" : "SUBMITTED",
  "modifiedDate" : 1551530713766,
  "documentSet" : [ ],
  "preannotation" : [ ],
  "sentences" : [ {
    "id" : "s0",
    "begin" : 0,
    "end" : 244,
    "text" : "Hello Sir,\r\ni am a residence of kurjee patna bihar,Please mail me at  raghu123@gmail.com through software solutions which they are using in their organization\r\nmy name is raphu kumar\r\n simply dummy text of the printing and typesetting industry.",
    "tokens" : [ {
      "id" : "s0-t0",
      "begin" : 0,
      "end" : 5,
      "text" : "Hello",
      "whiteSpace" : false
    }, {
      "id" : "s0-t1",
      "begin" : 6,
      "end" : 9,
      "text" : "Sir",
      "whiteSpace" : false
    }, {
      "id" : "s0-t2",
      "begin" : 9,
      "end" : 10,
      "text" : ",",
      "whiteSpace" : false
    }, {
      "id" : "s0-t3",
      "begin" : 12,
      "end" : 13,
      "text" : "i",
      "whiteSpace" : false
    }, {
      "id" : "s0-t4",
      "begin" : 14,
      "end" : 16,
      "text" : "am",
      "whiteSpace" : false
    }, {
      "id" : "s0-t5",
      "begin" : 17,
      "end" : 18,
      "text" : "a",
      "whiteSpace" : false
    }, {
      "id" : "s0-t6",
      "begin" : 19,
      "end" : 28,
      "text" : "residence",
      "whiteSpace" : false
    }, {
      "id" : "s0-t7",
      "begin" : 29,
      "end" : 31,
      "text" : "of",
      "whiteSpace" : false
    }, {
      "id" : "s0-t8",
      "begin" : 32,
      "end" : 38,
      "text" : "kurjee",
      "whiteSpace" : false
    }, {
      "id" : "s0-t9",
      "begin" : 39,
      "end" : 44,
      "text" : "patna",
      "whiteSpace" : false
    }, {
      "id" : "s0-t10",
      "begin" : 45,
      "end" : 50,
      "text" : "bihar",
      "whiteSpace" : false
    }, {
      "id" : "s0-t11",
      "begin" : 50,
      "end" : 51,
      "text" : ",",
      "whiteSpace" : false
    }, {
      "id" : "s0-t12",
      "begin" : 51,
      "end" : 57,
      "text" : "Please",
      "whiteSpace" : false
    }, {
      "id" : "s0-t13",
      "begin" : 58,
      "end" : 62,
      "text" : "mail",
      "whiteSpace" : false
    }, {
      "id" : "s0-t14",
      "begin" : 63,
      "end" : 65,
      "text" : "me",
      "whiteSpace" : false
    }, {
      "id" : "s0-t15",
      "begin" : 66,
      "end" : 68,
      "text" : "at",
      "whiteSpace" : false
    }, {
      "id" : "s0-t16",
      "begin" : 70,
      "end" : 88,
      "text" : "raghu123@gmail.com",
      "whiteSpace" : false
    }, {
      "id" : "s0-t17",
      "begin" : 89,
      "end" : 96,
      "text" : "through",
      "whiteSpace" : false
    }, {
      "id" : "s0-t18",
      "begin" : 97,
      "end" : 105,
      "text" : "software",
      "whiteSpace" : false
    }, {
      "id" : "s0-t19",
      "begin" : 106,
      "end" : 115,
      "text" : "solutions",
      "whiteSpace" : false
    }, {
      "id" : "s0-t20",
      "begin" : 116,
      "end" : 121,
      "text" : "which",
      "whiteSpace" : false
    }, {
      "id" : "s0-t21",
      "begin" : 122,
      "end" : 126,
      "text" : "they",
      "whiteSpace" : false
    }, {
      "id" : "s0-t22",
      "begin" : 127,
      "end" : 130,
      "text" : "are",
      "whiteSpace" : false
    }, {
      "id" : "s0-t23",
      "begin" : 131,
      "end" : 136,
      "text" : "using",
      "whiteSpace" : false
    }, {
      "id" : "s0-t24",
      "begin" : 137,
      "end" : 139,
      "text" : "in",
      "whiteSpace" : false
    }, {
      "id" : "s0-t25",
      "begin" : 140,
      "end" : 145,
      "text" : "their",
      "whiteSpace" : false
    }, {
      "id" : "s0-t26",
      "begin" : 146,
      "end" : 158,
      "text" : "organization",
      "whiteSpace" : false
    }, {
      "id" : "s0-t27",
      "begin" : 160,
      "end" : 162,
      "text" : "my",
      "whiteSpace" : false
    }, {
      "id" : "s0-t28",
      "begin" : 163,
      "end" : 167,
      "text" : "name",
      "whiteSpace" : false
    }, {
      "id" : "s0-t29",
      "begin" : 168,
      "end" : 170,
      "text" : "is",
      "whiteSpace" : false
    }, {
      "id" : "s0-t30",
      "begin" : 171,
      "end" : 176,
      "text" : "raphu",
      "whiteSpace" : false
    }, {
      "id" : "s0-t31",
      "begin" : 177,
      "end" : 182,
      "text" : "kumar",
      "whiteSpace" : false
    }, {
      "id" : "s0-t32",
      "begin" : 185,
      "end" : 191,
      "text" : "simply",
      "whiteSpace" : false
    }, {
      "id" : "s0-t33",
      "begin" : 192,
      "end" : 197,
      "text" : "dummy",
      "whiteSpace" : false
    }, {
      "id" : "s0-t34",
      "begin" : 198,
      "end" : 202,
      "text" : "text",
      "whiteSpace" : false
    }, {
      "id" : "s0-t35",
      "begin" : 203,
      "end" : 205,
      "text" : "of",
      "whiteSpace" : false
    }, {
      "id" : "s0-t36",
      "begin" : 206,
      "end" : 209,
      "text" : "the",
      "whiteSpace" : false
    }, {
      "id" : "s0-t37",
      "begin" : 210,
      "end" : 218,
      "text" : "printing",
      "whiteSpace" : false
    }, {
      "id" : "s0-t38",
      "begin" : 219,
      "end" : 222,
      "text" : "and",
      "whiteSpace" : false
    }, {
      "id" : "s0-t39",
      "begin" : 223,
      "end" : 234,
      "text" : "typesetting",
      "whiteSpace" : false
    }, {
      "id" : "s0-t40",
      "begin" : 235,
      "end" : 243,
      "text" : "industry",
      "whiteSpace" : false
    }, {
      "id" : "s0-t41",
      "begin" : 243,
      "end" : 244,
      "text" : ".",
      "whiteSpace" : false
    } ]
  }, {
    "id" : "s1",
    "begin" : 245,
    "end" : 497,
    "text" : "Lorem Ipsum has been the industry's standard dummy I was born on 25 may,1986\r\n My company is very big my company name is  Uber and I work here\r\nplease check my employee details\r\nmy employee id is 119051\r\nmy bank account no is 14888888888\r\nbill id B1090",
    "tokens" : [ {
      "id" : "s1-t0",
      "begin" : 245,
      "end" : 250,
      "text" : "Lorem",
      "whiteSpace" : false
    }, {
      "id" : "s1-t1",
      "begin" : 251,
      "end" : 256,
      "text" : "Ipsum",
      "whiteSpace" : false
    }, {
      "id" : "s1-t2",
      "begin" : 257,
      "end" : 260,
      "text" : "has",
      "whiteSpace" : false
    }, {
      "id" : "s1-t3",
      "begin" : 261,
      "end" : 265,
      "text" : "been",
      "whiteSpace" : false
    }, {
      "id" : "s1-t4",
      "begin" : 266,
      "end" : 269,
      "text" : "the",
      "whiteSpace" : false
    }, {
      "id" : "s1-t5",
      "begin" : 270,
      "end" : 278,
      "text" : "industry",
      "whiteSpace" : false
    }, {
      "id" : "s1-t6",
      "begin" : 278,
      "end" : 280,
      "text" : "'s",
      "whiteSpace" : false
    }, {
      "id" : "s1-t7",
      "begin" : 281,
      "end" : 289,
      "text" : "standard",
      "whiteSpace" : false
    }, {
      "id" : "s1-t8",
      "begin" : 290,
      "end" : 295,
      "text" : "dummy",
      "whiteSpace" : false
    }, {
      "id" : "s1-t9",
      "begin" : 296,
      "end" : 297,
      "text" : "I",
      "whiteSpace" : false
    }, {
      "id" : "s1-t10",
      "begin" : 298,
      "end" : 301,
      "text" : "was",
      "whiteSpace" : false
    }, {
      "id" : "s1-t11",
      "begin" : 302,
      "end" : 306,
      "text" : "born",
      "whiteSpace" : false
    }, {
      "id" : "s1-t12",
      "begin" : 307,
      "end" : 309,
      "text" : "on",
      "whiteSpace" : false
    }, {
      "id" : "s1-t13",
      "begin" : 310,
      "end" : 312,
      "text" : "25",
      "whiteSpace" : false
    }, {
      "id" : "s1-t14",
      "begin" : 313,
      "end" : 316,
      "text" : "may",
      "whiteSpace" : false
    }, {
      "id" : "s1-t15",
      "begin" : 316,
      "end" : 317,
      "text" : ",",
      "whiteSpace" : false
    }, {
      "id" : "s1-t16",
      "begin" : 317,
      "end" : 321,
      "text" : "1986",
      "whiteSpace" : false
    }, {
      "id" : "s1-t17",
      "begin" : 324,
      "end" : 326,
      "text" : "My",
      "whiteSpace" : false
    }, {
      "id" : "s1-t18",
      "begin" : 327,
      "end" : 334,
      "text" : "company",
      "whiteSpace" : false
    }, {
      "id" : "s1-t19",
      "begin" : 335,
      "end" : 337,
      "text" : "is",
      "whiteSpace" : false
    }, {
      "id" : "s1-t20",
      "begin" : 338,
      "end" : 342,
      "text" : "very",
      "whiteSpace" : false
    }, {
      "id" : "s1-t21",
      "begin" : 343,
      "end" : 346,
      "text" : "big",
      "whiteSpace" : false
    }, {
      "id" : "s1-t22",
      "begin" : 347,
      "end" : 349,
      "text" : "my",
      "whiteSpace" : false
    }, {
      "id" : "s1-t23",
      "begin" : 350,
      "end" : 357,
      "text" : "company",
      "whiteSpace" : false
    }, {
      "id" : "s1-t24",
      "begin" : 358,
      "end" : 362,
      "text" : "name",
      "whiteSpace" : false
    }, {
      "id" : "s1-t25",
      "begin" : 363,
      "end" : 365,
      "text" : "is",
      "whiteSpace" : false
    }, {
      "id" : "s1-t26",
      "begin" : 367,
      "end" : 371,
      "text" : "Uber",
      "whiteSpace" : false
    }, {
      "id" : "s1-t27",
      "begin" : 372,
      "end" : 375,
      "text" : "and",
      "whiteSpace" : false
    }, {
      "id" : "s1-t28",
      "begin" : 376,
      "end" : 377,
      "text" : "I",
      "whiteSpace" : false
    }, {
      "id" : "s1-t29",
      "begin" : 378,
      "end" : 382,
      "text" : "work",
      "whiteSpace" : false
    }, {
      "id" : "s1-t30",
      "begin" : 383,
      "end" : 387,
      "text" : "here",
      "whiteSpace" : false
    }, {
      "id" : "s1-t31",
      "begin" : 389,
      "end" : 395,
      "text" : "please",
      "whiteSpace" : false
    }, {
      "id" : "s1-t32",
      "begin" : 396,
      "end" : 401,
      "text" : "check",
      "whiteSpace" : false
    }, {
      "id" : "s1-t33",
      "begin" : 402,
      "end" : 404,
      "text" : "my",
      "whiteSpace" : false
    }, {
      "id" : "s1-t34",
      "begin" : 405,
      "end" : 413,
      "text" : "employee",
      "whiteSpace" : false
    }, {
      "id" : "s1-t35",
      "begin" : 414,
      "end" : 421,
      "text" : "details",
      "whiteSpace" : false
    }, {
      "id" : "s1-t36",
      "begin" : 423,
      "end" : 425,
      "text" : "my",
      "whiteSpace" : false
    }, {
      "id" : "s1-t37",
      "begin" : 426,
      "end" : 434,
      "text" : "employee",
      "whiteSpace" : false
    }, {
      "id" : "s1-t38",
      "begin" : 435,
      "end" : 437,
      "text" : "id",
      "whiteSpace" : false
    }, {
      "id" : "s1-t39",
      "begin" : 438,
      "end" : 440,
      "text" : "is",
      "whiteSpace" : false
    }, {
      "id" : "s1-t40",
      "begin" : 441,
      "end" : 447,
      "text" : "119051",
      "whiteSpace" : false
    }, {
      "id" : "s1-t41",
      "begin" : 449,
      "end" : 451,
      "text" : "my",
      "whiteSpace" : false
    }, {
      "id" : "s1-t42",
      "begin" : 452,
      "end" : 456,
      "text" : "bank",
      "whiteSpace" : false
    }, {
      "id" : "s1-t43",
      "begin" : 457,
      "end" : 464,
      "text" : "account",
      "whiteSpace" : false
    }, {
      "id" : "s1-t44",
      "begin" : 465,
      "end" : 467,
      "text" : "no",
      "whiteSpace" : false
    }, {
      "id" : "s1-t45",
      "begin" : 468,
      "end" : 470,
      "text" : "is",
      "whiteSpace" : false
    }, {
      "id" : "s1-t46",
      "begin" : 471,
      "end" : 482,
      "text" : "14888888888",
      "whiteSpace" : false
    }, {
      "id" : "s1-t47",
      "begin" : 484,
      "end" : 488,
      "text" : "bill",
      "whiteSpace" : false
    }, {
      "id" : "s1-t48",
      "begin" : 489,
      "end" : 491,
      "text" : "id",
      "whiteSpace" : false
    }, {
      "id" : "s1-t49",
      "begin" : 492,
      "end" : 497,
      "text" : "B1090",
      "whiteSpace" : false
    } ]
  }, {
    "id" : "s2",
    "begin" : 501,
    "end" : 536,
    "text" : "my aadhar no is 1230-9889-0344-4607",
    "tokens" : [ {
      "id" : "s2-t0",
      "begin" : 501,
      "end" : 503,
      "text" : "my",
      "whiteSpace" : false
    }, {
      "id" : "s2-t1",
      "begin" : 504,
      "end" : 510,
      "text" : "aadhar",
      "whiteSpace" : false
    }, {
      "id" : "s2-t2",
      "begin" : 511,
      "end" : 513,
      "text" : "no",
      "whiteSpace" : false
    }, {
      "id" : "s2-t3",
      "begin" : 514,
      "end" : 516,
      "text" : "is",
      "whiteSpace" : false
    }, {
      "id" : "s2-t4",
      "begin" : 517,
      "end" : 536,
      "text" : "1230-9889-0344-4607",
      "whiteSpace" : false
    } ]
  }, {
    "id" : "s3",
    "begin" : 540,
    "end" : 590,
    "text" : "to reach me contact at: my mobile no is 9607991378",
    "tokens" : [ {
      "id" : "s3-t0",
      "begin" : 540,
      "end" : 542,
      "text" : "to",
      "whiteSpace" : false
    }, {
      "id" : "s3-t1",
      "begin" : 543,
      "end" : 548,
      "text" : "reach",
      "whiteSpace" : false
    }, {
      "id" : "s3-t2",
      "begin" : 549,
      "end" : 551,
      "text" : "me",
      "whiteSpace" : false
    }, {
      "id" : "s3-t3",
      "begin" : 552,
      "end" : 559,
      "text" : "contact",
      "whiteSpace" : false
    }, {
      "id" : "s3-t4",
      "begin" : 560,
      "end" : 562,
      "text" : "at",
      "whiteSpace" : false
    }, {
      "id" : "s3-t5",
      "begin" : 562,
      "end" : 563,
      "text" : ":",
      "whiteSpace" : false
    }, {
      "id" : "s3-t6",
      "begin" : 564,
      "end" : 566,
      "text" : "my",
      "whiteSpace" : false
    }, {
      "id" : "s3-t7",
      "begin" : 567,
      "end" : 573,
      "text" : "mobile",
      "whiteSpace" : false
    }, {
      "id" : "s3-t8",
      "begin" : 574,
      "end" : 576,
      "text" : "no",
      "whiteSpace" : false
    }, {
      "id" : "s3-t9",
      "begin" : 577,
      "end" : 579,
      "text" : "is",
      "whiteSpace" : false
    }, {
      "id" : "s3-t10",
      "begin" : 580,
      "end" : 590,
      "text" : "9607991378",
      "whiteSpace" : false
    } ]
  } ],
  "mentions" : [ {
    "id" : "s0-m1",
    "properties" : {
      "SIRE_MENTION_ROLE" : "Address",
      "SIRE_ENTITY_SUBTYPE" : "NONE",
      "SIRE_MENTION_TYPE" : "NONE",
      "SIRE_MENTION_CLASS" : "SPC"
    },
    "type" : "Address",
    "begin" : 32,
    "end" : 50,
    "inCoref" : false
  }, {
    "id" : "s0-m2",
    "properties" : {
      "SIRE_MENTION_ROLE" : "EmailId",
      "SIRE_ENTITY_SUBTYPE" : "NONE",
      "SIRE_MENTION_TYPE" : "NONE",
      "SIRE_MENTION_CLASS" : "SPC"
    },
    "type" : "EmailId",
    "begin" : 70,
    "end" : 88,
    "inCoref" : false
  }, {
    "id" : "s0-m3",
    "properties" : {
      "SIRE_MENTION_ROLE" : "Name",
      "SIRE_ENTITY_SUBTYPE" : "NONE",
      "SIRE_MENTION_TYPE" : "NONE",
      "SIRE_MENTION_CLASS" : "SPC"
    },
    "type" : "Name",
    "begin" : 171,
    "end" : 182,
    "inCoref" : false
  }, {
    "id" : "s1-m1",
    "properties" : {
      "SIRE_MENTION_ROLE" : "Company",
      "SIRE_ENTITY_SUBTYPE" : "NONE",
      "SIRE_MENTION_TYPE" : "NONE",
      "SIRE_MENTION_CLASS" : "SPC"
    },
    "type" : "Company",
    "begin" : 245,
    "end" : 256,
    "inCoref" : false
  }, {
    "id" : "s1-m2",
    "properties" : {
      "SIRE_MENTION_ROLE" : "DOB",
      "SIRE_ENTITY_SUBTYPE" : "NONE",
      "SIRE_MENTION_TYPE" : "NONE",
      "SIRE_MENTION_CLASS" : "SPC"
    },
    "type" : "DOB",
    "begin" : 310,
    "end" : 321,
    "inCoref" : false
  }, {
    "id" : "s1-m3",
    "properties" : {
      "SIRE_MENTION_ROLE" : "Company",
      "SIRE_ENTITY_SUBTYPE" : "NONE",
      "SIRE_MENTION_TYPE" : "NONE",
      "SIRE_MENTION_CLASS" : "SPC"
    },
    "type" : "Company",
    "begin" : 367,
    "end" : 371,
    "inCoref" : false
  }, {
    "id" : "s1-m4",
    "properties" : {
      "SIRE_MENTION_ROLE" : "EmployeeId",
      "SIRE_ENTITY_SUBTYPE" : "NONE",
      "SIRE_MENTION_TYPE" : "NONE",
      "SIRE_MENTION_CLASS" : "SPC"
    },
    "type" : "EmployeeId",
    "begin" : 441,
    "end" : 447,
    "inCoref" : false
  }, {
    "id" : "s1-m5",
    "properties" : {
      "SIRE_MENTION_ROLE" : "AccountNo",
      "SIRE_ENTITY_SUBTYPE" : "NONE",
      "SIRE_MENTION_TYPE" : "NONE",
      "SIRE_MENTION_CLASS" : "SPC"
    },
    "type" : "AccountNo",
    "begin" : 471,
    "end" : 482,
    "inCoref" : false
  }, {
    "id" : "s1-m6",
    "properties" : {
      "SIRE_MENTION_ROLE" : "BillNo",
      "SIRE_ENTITY_SUBTYPE" : "NONE",
      "SIRE_MENTION_TYPE" : "NONE",
      "SIRE_MENTION_CLASS" : "SPC"
    },
    "type" : "BillNo",
    "begin" : 492,
    "end" : 497,
    "inCoref" : false
  }, {
    "id" : "s2-m1",
    "properties" : {
      "SIRE_MENTION_ROLE" : "AadharCardNo",
      "SIRE_ENTITY_SUBTYPE" : "NONE",
      "SIRE_MENTION_TYPE" : "NONE",
      "SIRE_MENTION_CLASS" : "SPC"
    },
    "type" : "AadharCardNo",
    "begin" : 517,
    "end" : 536,
    "inCoref" : false
  }, {
    "id" : "s3-m1",
    "properties" : {
      "SIRE_MENTION_ROLE" : "MobileNo",
      "SIRE_ENTITY_SUBTYPE" : "NONE",
      "SIRE_MENTION_TYPE" : "NONE",
      "SIRE_MENTION_CLASS" : "SPC"
    },
    "type" : "MobileNo",
    "begin" : 580,
    "end" : 590,
    "inCoref" : false
  } ],
  "relations" : [ ],
  "corefs" : [ ],
  "typeResolved" : true,
  "userResolved" : false
}