{
  "id" : "1f438e60-3ce1-11e9-9a38-235c4e7dcc32-0",
  "name" : "data30.txt",
  "createdDate" : 0,
  "version" : 3,
  "text" : "Hello Sir,\r\nemail id : navn@gmail.com\r\n EmployeeId is 456056 my Pan Card No is OUNTL1900I\r\n through software solutions which they are using in their organization\r\nmy name is sanjeev kumar\r\n simply dummy text of the printing and typesetting industry. Lorem Ipsum has been the industry's standard dummy I was born on 25 may,1986\r\nmy company name is  IBM and I work here\r\n\r\nmy employee id is 109056\r\n text ever since the 1500s, when an unknown printer took a galley of type and scrambled it to make a type specimen book. I\r\nmy bank account no is 7868120091\r\nbill id B1090\r\n\r\nmy aadhar no is 9000-9999-4344-4007\r\nthat a reader will be distracted by the readable content of a page when looking at its layout. The point of using Lorem Ipsum is that it has a m\r\nmy address is flat 3,Jay Road,Hyderabad\r\nI have bought a bunglow of $9,076,372 \r\n\r\nmy mobile no is 9607991378\r\n",
  "docLength" : 0,
  "language" : "EN",
  "status" : "SUBMITTED",
  "modifiedDate" : 1551530799809,
  "documentSet" : [ ],
  "preannotation" : [ ],
  "sentences" : [ {
    "id" : "s0",
    "begin" : 0,
    "end" : 249,
    "text" : "Hello Sir,\r\nemail id : navn@gmail.com\r\n EmployeeId is 456056 my Pan Card No is OUNTL1900I\r\n through software solutions which they are using in their organization\r\nmy name is sanjeev kumar\r\n simply dummy text of the printing and typesetting industry.",
    "tokens" : [ {
      "id" : "s0-t0",
      "begin" : 0,
      "end" : 5,
      "text" : "Hello",
      "whiteSpace" : false
    }, {
      "id" : "s0-t1",
      "begin" : 6,
      "end" : 9,
      "text" : "Sir",
      "whiteSpace" : false
    }, {
      "id" : "s0-t2",
      "begin" : 9,
      "end" : 10,
      "text" : ",",
      "whiteSpace" : false
    }, {
      "id" : "s0-t3",
      "begin" : 12,
      "end" : 17,
      "text" : "email",
      "whiteSpace" : false
    }, {
      "id" : "s0-t4",
      "begin" : 18,
      "end" : 20,
      "text" : "id",
      "whiteSpace" : false
    }, {
      "id" : "s0-t5",
      "begin" : 21,
      "end" : 22,
      "text" : ":",
      "whiteSpace" : false
    }, {
      "id" : "s0-t6",
      "begin" : 23,
      "end" : 37,
      "text" : "navn@gmail.com",
      "whiteSpace" : false
    }, {
      "id" : "s0-t7",
      "begin" : 40,
      "end" : 50,
      "text" : "EmployeeId",
      "whiteSpace" : false
    }, {
      "id" : "s0-t8",
      "begin" : 51,
      "end" : 53,
      "text" : "is",
      "whiteSpace" : false
    }, {
      "id" : "s0-t9",
      "begin" : 54,
      "end" : 60,
      "text" : "456056",
      "whiteSpace" : false
    }, {
      "id" : "s0-t10",
      "begin" : 61,
      "end" : 63,
      "text" : "my",
      "whiteSpace" : false
    }, {
      "id" : "s0-t11",
      "begin" : 64,
      "end" : 67,
      "text" : "Pan",
      "whiteSpace" : false
    }, {
      "id" : "s0-t12",
      "begin" : 68,
      "end" : 72,
      "text" : "Card",
      "whiteSpace" : false
    }, {
      "id" : "s0-t13",
      "begin" : 73,
      "end" : 75,
      "text" : "No",
      "whiteSpace" : false
    }, {
      "id" : "s0-t14",
      "begin" : 76,
      "end" : 78,
      "text" : "is",
      "whiteSpace" : false
    }, {
      "id" : "s0-t15",
      "begin" : 79,
      "end" : 89,
      "text" : "OUNTL1900I",
      "whiteSpace" : false
    }, {
      "id" : "s0-t16",
      "begin" : 92,
      "end" : 99,
      "text" : "through",
      "whiteSpace" : false
    }, {
      "id" : "s0-t17",
      "begin" : 100,
      "end" : 108,
      "text" : "software",
      "whiteSpace" : false
    }, {
      "id" : "s0-t18",
      "begin" : 109,
      "end" : 118,
      "text" : "solutions",
      "whiteSpace" : false
    }, {
      "id" : "s0-t19",
      "begin" : 119,
      "end" : 124,
      "text" : "which",
      "whiteSpace" : false
    }, {
      "id" : "s0-t20",
      "begin" : 125,
      "end" : 129,
      "text" : "they",
      "whiteSpace" : false
    }, {
      "id" : "s0-t21",
      "begin" : 130,
      "end" : 133,
      "text" : "are",
      "whiteSpace" : false
    }, {
      "id" : "s0-t22",
      "begin" : 134,
      "end" : 139,
      "text" : "using",
      "whiteSpace" : false
    }, {
      "id" : "s0-t23",
      "begin" : 140,
      "end" : 142,
      "text" : "in",
      "whiteSpace" : false
    }, {
      "id" : "s0-t24",
      "begin" : 143,
      "end" : 148,
      "text" : "their",
      "whiteSpace" : false
    }, {
      "id" : "s0-t25",
      "begin" : 149,
      "end" : 161,
      "text" : "organization",
      "whiteSpace" : false
    }, {
      "id" : "s0-t26",
      "begin" : 163,
      "end" : 165,
      "text" : "my",
      "whiteSpace" : false
    }, {
      "id" : "s0-t27",
      "begin" : 166,
      "end" : 170,
      "text" : "name",
      "whiteSpace" : false
    }, {
      "id" : "s0-t28",
      "begin" : 171,
      "end" : 173,
      "text" : "is",
      "whiteSpace" : false
    }, {
      "id" : "s0-t29",
      "begin" : 174,
      "end" : 181,
      "text" : "sanjeev",
      "whiteSpace" : false
    }, {
      "id" : "s0-t30",
      "begin" : 182,
      "end" : 187,
      "text" : "kumar",
      "whiteSpace" : false
    }, {
      "id" : "s0-t31",
      "begin" : 190,
      "end" : 196,
      "text" : "simply",
      "whiteSpace" : false
    }, {
      "id" : "s0-t32",
      "begin" : 197,
      "end" : 202,
      "text" : "dummy",
      "whiteSpace" : false
    }, {
      "id" : "s0-t33",
      "begin" : 203,
      "end" : 207,
      "text" : "text",
      "whiteSpace" : false
    }, {
      "id" : "s0-t34",
      "begin" : 208,
      "end" : 210,
      "text" : "of",
      "whiteSpace" : false
    }, {
      "id" : "s0-t35",
      "begin" : 211,
      "end" : 214,
      "text" : "the",
      "whiteSpace" : false
    }, {
      "id" : "s0-t36",
      "begin" : 215,
      "end" : 223,
      "text" : "printing",
      "whiteSpace" : false
    }, {
      "id" : "s0-t37",
      "begin" : 224,
      "end" : 227,
      "text" : "and",
      "whiteSpace" : false
    }, {
      "id" : "s0-t38",
      "begin" : 228,
      "end" : 239,
      "text" : "typesetting",
      "whiteSpace" : false
    }, {
      "id" : "s0-t39",
      "begin" : 240,
      "end" : 248,
      "text" : "industry",
      "whiteSpace" : false
    }, {
      "id" : "s0-t40",
      "begin" : 248,
      "end" : 249,
      "text" : ".",
      "whiteSpace" : false
    } ]
  }, {
    "id" : "s1",
    "begin" : 250,
    "end" : 367,
    "text" : "Lorem Ipsum has been the industry's standard dummy I was born on 25 may,1986\r\nmy company name is  IBM and I work here",
    "tokens" : [ {
      "id" : "s1-t0",
      "begin" : 250,
      "end" : 255,
      "text" : "Lorem",
      "whiteSpace" : false
    }, {
      "id" : "s1-t1",
      "begin" : 256,
      "end" : 261,
      "text" : "Ipsum",
      "whiteSpace" : false
    }, {
      "id" : "s1-t2",
      "begin" : 262,
      "end" : 265,
      "text" : "has",
      "whiteSpace" : false
    }, {
      "id" : "s1-t3",
      "begin" : 266,
      "end" : 270,
      "text" : "been",
      "whiteSpace" : false
    }, {
      "id" : "s1-t4",
      "begin" : 271,
      "end" : 274,
      "text" : "the",
      "whiteSpace" : false
    }, {
      "id" : "s1-t5",
      "begin" : 275,
      "end" : 283,
      "text" : "industry",
      "whiteSpace" : false
    }, {
      "id" : "s1-t6",
      "begin" : 283,
      "end" : 285,
      "text" : "'s",
      "whiteSpace" : false
    }, {
      "id" : "s1-t7",
      "begin" : 286,
      "end" : 294,
      "text" : "standard",
      "whiteSpace" : false
    }, {
      "id" : "s1-t8",
      "begin" : 295,
      "end" : 300,
      "text" : "dummy",
      "whiteSpace" : false
    }, {
      "id" : "s1-t9",
      "begin" : 301,
      "end" : 302,
      "text" : "I",
      "whiteSpace" : false
    }, {
      "id" : "s1-t10",
      "begin" : 303,
      "end" : 306,
      "text" : "was",
      "whiteSpace" : false
    }, {
      "id" : "s1-t11",
      "begin" : 307,
      "end" : 311,
      "text" : "born",
      "whiteSpace" : false
    }, {
      "id" : "s1-t12",
      "begin" : 312,
      "end" : 314,
      "text" : "on",
      "whiteSpace" : false
    }, {
      "id" : "s1-t13",
      "begin" : 315,
      "end" : 317,
      "text" : "25",
      "whiteSpace" : false
    }, {
      "id" : "s1-t14",
      "begin" : 318,
      "end" : 321,
      "text" : "may",
      "whiteSpace" : false
    }, {
      "id" : "s1-t15",
      "begin" : 321,
      "end" : 322,
      "text" : ",",
      "whiteSpace" : false
    }, {
      "id" : "s1-t16",
      "begin" : 322,
      "end" : 326,
      "text" : "1986",
      "whiteSpace" : false
    }, {
      "id" : "s1-t17",
      "begin" : 328,
      "end" : 330,
      "text" : "my",
      "whiteSpace" : false
    }, {
      "id" : "s1-t18",
      "begin" : 331,
      "end" : 338,
      "text" : "company",
      "whiteSpace" : false
    }, {
      "id" : "s1-t19",
      "begin" : 339,
      "end" : 343,
      "text" : "name",
      "whiteSpace" : false
    }, {
      "id" : "s1-t20",
      "begin" : 344,
      "end" : 346,
      "text" : "is",
      "whiteSpace" : false
    }, {
      "id" : "s1-t21",
      "begin" : 348,
      "end" : 351,
      "text" : "IBM",
      "whiteSpace" : false
    }, {
      "id" : "s1-t22",
      "begin" : 352,
      "end" : 355,
      "text" : "and",
      "whiteSpace" : false
    }, {
      "id" : "s1-t23",
      "begin" : 356,
      "end" : 357,
      "text" : "I",
      "whiteSpace" : false
    }, {
      "id" : "s1-t24",
      "begin" : 358,
      "end" : 362,
      "text" : "work",
      "whiteSpace" : false
    }, {
      "id" : "s1-t25",
      "begin" : 363,
      "end" : 367,
      "text" : "here",
      "whiteSpace" : false
    } ]
  }, {
    "id" : "s2",
    "begin" : 371,
    "end" : 517,
    "text" : "my employee id is 109056\r\n text ever since the 1500s, when an unknown printer took a galley of type and scrambled it to make a type specimen book.",
    "tokens" : [ {
      "id" : "s2-t0",
      "begin" : 371,
      "end" : 373,
      "text" : "my",
      "whiteSpace" : false
    }, {
      "id" : "s2-t1",
      "begin" : 374,
      "end" : 382,
      "text" : "employee",
      "whiteSpace" : false
    }, {
      "id" : "s2-t2",
      "begin" : 383,
      "end" : 385,
      "text" : "id",
      "whiteSpace" : false
    }, {
      "id" : "s2-t3",
      "begin" : 386,
      "end" : 388,
      "text" : "is",
      "whiteSpace" : false
    }, {
      "id" : "s2-t4",
      "begin" : 389,
      "end" : 395,
      "text" : "109056",
      "whiteSpace" : false
    }, {
      "id" : "s2-t5",
      "begin" : 398,
      "end" : 402,
      "text" : "text",
      "whiteSpace" : false
    }, {
      "id" : "s2-t6",
      "begin" : 403,
      "end" : 407,
      "text" : "ever",
      "whiteSpace" : false
    }, {
      "id" : "s2-t7",
      "begin" : 408,
      "end" : 413,
      "text" : "since",
      "whiteSpace" : false
    }, {
      "id" : "s2-t8",
      "begin" : 414,
      "end" : 417,
      "text" : "the",
      "whiteSpace" : false
    }, {
      "id" : "s2-t9",
      "begin" : 418,
      "end" : 423,
      "text" : "1500s",
      "whiteSpace" : false
    }, {
      "id" : "s2-t10",
      "begin" : 423,
      "end" : 424,
      "text" : ",",
      "whiteSpace" : false
    }, {
      "id" : "s2-t11",
      "begin" : 425,
      "end" : 429,
      "text" : "when",
      "whiteSpace" : false
    }, {
      "id" : "s2-t12",
      "begin" : 430,
      "end" : 432,
      "text" : "an",
      "whiteSpace" : false
    }, {
      "id" : "s2-t13",
      "begin" : 433,
      "end" : 440,
      "text" : "unknown",
      "whiteSpace" : false
    }, {
      "id" : "s2-t14",
      "begin" : 441,
      "end" : 448,
      "text" : "printer",
      "whiteSpace" : false
    }, {
      "id" : "s2-t15",
      "begin" : 449,
      "end" : 453,
      "text" : "took",
      "whiteSpace" : false
    }, {
      "id" : "s2-t16",
      "begin" : 454,
      "end" : 455,
      "text" : "a",
      "whiteSpace" : false
    }, {
      "id" : "s2-t17",
      "begin" : 456,
      "end" : 462,
      "text" : "galley",
      "whiteSpace" : false
    }, {
      "id" : "s2-t18",
      "begin" : 463,
      "end" : 465,
      "text" : "of",
      "whiteSpace" : false
    }, {
      "id" : "s2-t19",
      "begin" : 466,
      "end" : 470,
      "text" : "type",
      "whiteSpace" : false
    }, {
      "id" : "s2-t20",
      "begin" : 471,
      "end" : 474,
      "text" : "and",
      "whiteSpace" : false
    }, {
      "id" : "s2-t21",
      "begin" : 475,
      "end" : 484,
      "text" : "scrambled",
      "whiteSpace" : false
    }, {
      "id" : "s2-t22",
      "begin" : 485,
      "end" : 487,
      "text" : "it",
      "whiteSpace" : false
    }, {
      "id" : "s2-t23",
      "begin" : 488,
      "end" : 490,
      "text" : "to",
      "whiteSpace" : false
    }, {
      "id" : "s2-t24",
      "begin" : 491,
      "end" : 495,
      "text" : "make",
      "whiteSpace" : false
    }, {
      "id" : "s2-t25",
      "begin" : 496,
      "end" : 497,
      "text" : "a",
      "whiteSpace" : false
    }, {
      "id" : "s2-t26",
      "begin" : 498,
      "end" : 502,
      "text" : "type",
      "whiteSpace" : false
    }, {
      "id" : "s2-t27",
      "begin" : 503,
      "end" : 511,
      "text" : "specimen",
      "whiteSpace" : false
    }, {
      "id" : "s2-t28",
      "begin" : 512,
      "end" : 516,
      "text" : "book",
      "whiteSpace" : false
    }, {
      "id" : "s2-t29",
      "begin" : 516,
      "end" : 517,
      "text" : ".",
      "whiteSpace" : false
    } ]
  }, {
    "id" : "s3",
    "begin" : 518,
    "end" : 568,
    "text" : "I\r\nmy bank account no is 7868120091\r\nbill id B1090",
    "tokens" : [ {
      "id" : "s3-t0",
      "begin" : 518,
      "end" : 519,
      "text" : "I",
      "whiteSpace" : false
    }, {
      "id" : "s3-t1",
      "begin" : 521,
      "end" : 523,
      "text" : "my",
      "whiteSpace" : false
    }, {
      "id" : "s3-t2",
      "begin" : 524,
      "end" : 528,
      "text" : "bank",
      "whiteSpace" : false
    }, {
      "id" : "s3-t3",
      "begin" : 529,
      "end" : 536,
      "text" : "account",
      "whiteSpace" : false
    }, {
      "id" : "s3-t4",
      "begin" : 537,
      "end" : 539,
      "text" : "no",
      "whiteSpace" : false
    }, {
      "id" : "s3-t5",
      "begin" : 540,
      "end" : 542,
      "text" : "is",
      "whiteSpace" : false
    }, {
      "id" : "s3-t6",
      "begin" : 543,
      "end" : 553,
      "text" : "7868120091",
      "whiteSpace" : false
    }, {
      "id" : "s3-t7",
      "begin" : 555,
      "end" : 559,
      "text" : "bill",
      "whiteSpace" : false
    }, {
      "id" : "s3-t8",
      "begin" : 560,
      "end" : 562,
      "text" : "id",
      "whiteSpace" : false
    }, {
      "id" : "s3-t9",
      "begin" : 563,
      "end" : 568,
      "text" : "B1090",
      "whiteSpace" : false
    } ]
  }, {
    "id" : "s4",
    "begin" : 572,
    "end" : 703,
    "text" : "my aadhar no is 9000-9999-4344-4007\r\nthat a reader will be distracted by the readable content of a page when looking at its layout.",
    "tokens" : [ {
      "id" : "s4-t0",
      "begin" : 572,
      "end" : 574,
      "text" : "my",
      "whiteSpace" : false
    }, {
      "id" : "s4-t1",
      "begin" : 575,
      "end" : 581,
      "text" : "aadhar",
      "whiteSpace" : false
    }, {
      "id" : "s4-t2",
      "begin" : 582,
      "end" : 584,
      "text" : "no",
      "whiteSpace" : false
    }, {
      "id" : "s4-t3",
      "begin" : 585,
      "end" : 587,
      "text" : "is",
      "whiteSpace" : false
    }, {
      "id" : "s4-t4",
      "begin" : 588,
      "end" : 607,
      "text" : "9000-9999-4344-4007",
      "whiteSpace" : false
    }, {
      "id" : "s4-t5",
      "begin" : 609,
      "end" : 613,
      "text" : "that",
      "whiteSpace" : false
    }, {
      "id" : "s4-t6",
      "begin" : 614,
      "end" : 615,
      "text" : "a",
      "whiteSpace" : false
    }, {
      "id" : "s4-t7",
      "begin" : 616,
      "end" : 622,
      "text" : "reader",
      "whiteSpace" : false
    }, {
      "id" : "s4-t8",
      "begin" : 623,
      "end" : 627,
      "text" : "will",
      "whiteSpace" : false
    }, {
      "id" : "s4-t9",
      "begin" : 628,
      "end" : 630,
      "text" : "be",
      "whiteSpace" : false
    }, {
      "id" : "s4-t10",
      "begin" : 631,
      "end" : 641,
      "text" : "distracted",
      "whiteSpace" : false
    }, {
      "id" : "s4-t11",
      "begin" : 642,
      "end" : 644,
      "text" : "by",
      "whiteSpace" : false
    }, {
      "id" : "s4-t12",
      "begin" : 645,
      "end" : 648,
      "text" : "the",
      "whiteSpace" : false
    }, {
      "id" : "s4-t13",
      "begin" : 649,
      "end" : 657,
      "text" : "readable",
      "whiteSpace" : false
    }, {
      "id" : "s4-t14",
      "begin" : 658,
      "end" : 665,
      "text" : "content",
      "whiteSpace" : false
    }, {
      "id" : "s4-t15",
      "begin" : 666,
      "end" : 668,
      "text" : "of",
      "whiteSpace" : false
    }, {
      "id" : "s4-t16",
      "begin" : 669,
      "end" : 670,
      "text" : "a",
      "whiteSpace" : false
    }, {
      "id" : "s4-t17",
      "begin" : 671,
      "end" : 675,
      "text" : "page",
      "whiteSpace" : false
    }, {
      "id" : "s4-t18",
      "begin" : 676,
      "end" : 680,
      "text" : "when",
      "whiteSpace" : false
    }, {
      "id" : "s4-t19",
      "begin" : 681,
      "end" : 688,
      "text" : "looking",
      "whiteSpace" : false
    }, {
      "id" : "s4-t20",
      "begin" : 689,
      "end" : 691,
      "text" : "at",
      "whiteSpace" : false
    }, {
      "id" : "s4-t21",
      "begin" : 692,
      "end" : 695,
      "text" : "its",
      "whiteSpace" : false
    }, {
      "id" : "s4-t22",
      "begin" : 696,
      "end" : 702,
      "text" : "layout",
      "whiteSpace" : false
    }, {
      "id" : "s4-t23",
      "begin" : 702,
      "end" : 703,
      "text" : ".",
      "whiteSpace" : false
    } ]
  }, {
    "id" : "s5",
    "begin" : 704,
    "end" : 833,
    "text" : "The point of using Lorem Ipsum is that it has a m\r\nmy address is flat 3,Jay Road,Hyderabad\r\nI have bought a bunglow of $9,076,372",
    "tokens" : [ {
      "id" : "s5-t0",
      "begin" : 704,
      "end" : 707,
      "text" : "The",
      "whiteSpace" : false
    }, {
      "id" : "s5-t1",
      "begin" : 708,
      "end" : 713,
      "text" : "point",
      "whiteSpace" : false
    }, {
      "id" : "s5-t2",
      "begin" : 714,
      "end" : 716,
      "text" : "of",
      "whiteSpace" : false
    }, {
      "id" : "s5-t3",
      "begin" : 717,
      "end" : 722,
      "text" : "using",
      "whiteSpace" : false
    }, {
      "id" : "s5-t4",
      "begin" : 723,
      "end" : 728,
      "text" : "Lorem",
      "whiteSpace" : false
    }, {
      "id" : "s5-t5",
      "begin" : 729,
      "end" : 734,
      "text" : "Ipsum",
      "whiteSpace" : false
    }, {
      "id" : "s5-t6",
      "begin" : 735,
      "end" : 737,
      "text" : "is",
      "whiteSpace" : false
    }, {
      "id" : "s5-t7",
      "begin" : 738,
      "end" : 742,
      "text" : "that",
      "whiteSpace" : false
    }, {
      "id" : "s5-t8",
      "begin" : 743,
      "end" : 745,
      "text" : "it",
      "whiteSpace" : false
    }, {
      "id" : "s5-t9",
      "begin" : 746,
      "end" : 749,
      "text" : "has",
      "whiteSpace" : false
    }, {
      "id" : "s5-t10",
      "begin" : 750,
      "end" : 751,
      "text" : "a",
      "whiteSpace" : false
    }, {
      "id" : "s5-t11",
      "begin" : 752,
      "end" : 753,
      "text" : "m",
      "whiteSpace" : false
    }, {
      "id" : "s5-t12",
      "begin" : 755,
      "end" : 757,
      "text" : "my",
      "whiteSpace" : false
    }, {
      "id" : "s5-t13",
      "begin" : 758,
      "end" : 765,
      "text" : "address",
      "whiteSpace" : false
    }, {
      "id" : "s5-t14",
      "begin" : 766,
      "end" : 768,
      "text" : "is",
      "whiteSpace" : false
    }, {
      "id" : "s5-t15",
      "begin" : 769,
      "end" : 773,
      "text" : "flat",
      "whiteSpace" : false
    }, {
      "id" : "s5-t16",
      "begin" : 774,
      "end" : 775,
      "text" : "3",
      "whiteSpace" : false
    }, {
      "id" : "s5-t17",
      "begin" : 775,
      "end" : 776,
      "text" : ",",
      "whiteSpace" : false
    }, {
      "id" : "s5-t18",
      "begin" : 776,
      "end" : 779,
      "text" : "Jay",
      "whiteSpace" : false
    }, {
      "id" : "s5-t19",
      "begin" : 780,
      "end" : 784,
      "text" : "Road",
      "whiteSpace" : false
    }, {
      "id" : "s5-t20",
      "begin" : 784,
      "end" : 785,
      "text" : ",",
      "whiteSpace" : false
    }, {
      "id" : "s5-t21",
      "begin" : 785,
      "end" : 794,
      "text" : "Hyderabad",
      "whiteSpace" : false
    }, {
      "id" : "s5-t22",
      "begin" : 796,
      "end" : 797,
      "text" : "I",
      "whiteSpace" : false
    }, {
      "id" : "s5-t23",
      "begin" : 798,
      "end" : 802,
      "text" : "have",
      "whiteSpace" : false
    }, {
      "id" : "s5-t24",
      "begin" : 803,
      "end" : 809,
      "text" : "bought",
      "whiteSpace" : false
    }, {
      "id" : "s5-t25",
      "begin" : 810,
      "end" : 811,
      "text" : "a",
      "whiteSpace" : false
    }, {
      "id" : "s5-t26",
      "begin" : 812,
      "end" : 819,
      "text" : "bunglow",
      "whiteSpace" : false
    }, {
      "id" : "s5-t27",
      "begin" : 820,
      "end" : 822,
      "text" : "of",
      "whiteSpace" : false
    }, {
      "id" : "s5-t28",
      "begin" : 823,
      "end" : 824,
      "text" : "$",
      "whiteSpace" : false
    }, {
      "id" : "s5-t29",
      "begin" : 824,
      "end" : 833,
      "text" : "9,076,372",
      "whiteSpace" : false
    } ]
  }, {
    "id" : "s6",
    "begin" : 838,
    "end" : 864,
    "text" : "my mobile no is 9607991378",
    "tokens" : [ {
      "id" : "s6-t0",
      "begin" : 838,
      "end" : 840,
      "text" : "my",
      "whiteSpace" : false
    }, {
      "id" : "s6-t1",
      "begin" : 841,
      "end" : 847,
      "text" : "mobile",
      "whiteSpace" : false
    }, {
      "id" : "s6-t2",
      "begin" : 848,
      "end" : 850,
      "text" : "no",
      "whiteSpace" : false
    }, {
      "id" : "s6-t3",
      "begin" : 851,
      "end" : 853,
      "text" : "is",
      "whiteSpace" : false
    }, {
      "id" : "s6-t4",
      "begin" : 854,
      "end" : 864,
      "text" : "9607991378",
      "whiteSpace" : false
    } ]
  } ],
  "mentions" : [ {
    "id" : "s0-m2",
    "properties" : {
      "SIRE_MENTION_ROLE" : "EmailId",
      "SIRE_ENTITY_SUBTYPE" : "NONE",
      "SIRE_MENTION_TYPE" : "NONE",
      "SIRE_MENTION_CLASS" : "SPC"
    },
    "type" : "EmailId",
    "begin" : 23,
    "end" : 37,
    "inCoref" : false
  }, {
    "id" : "s0-m1",
    "properties" : {
      "SIRE_MENTION_ROLE" : "EmployeeId",
      "SIRE_ENTITY_SUBTYPE" : "NONE",
      "SIRE_MENTION_TYPE" : "NONE",
      "SIRE_MENTION_CLASS" : "SPC"
    },
    "type" : "EmployeeId",
    "begin" : 54,
    "end" : 60,
    "inCoref" : false
  }, {
    "id" : "s0-m3",
    "properties" : {
      "SIRE_MENTION_ROLE" : "PanCard",
      "SIRE_ENTITY_SUBTYPE" : "NONE",
      "SIRE_MENTION_TYPE" : "NONE",
      "SIRE_MENTION_CLASS" : "SPC"
    },
    "type" : "PanCard",
    "begin" : 79,
    "end" : 89,
    "inCoref" : false
  }, {
    "id" : "s1-m1",
    "properties" : {
      "SIRE_MENTION_ROLE" : "Company",
      "SIRE_ENTITY_SUBTYPE" : "NONE",
      "SIRE_MENTION_TYPE" : "NONE",
      "SIRE_MENTION_CLASS" : "SPC"
    },
    "type" : "Company",
    "begin" : 348,
    "end" : 351,
    "inCoref" : false
  }, {
    "id" : "s2-m1",
    "properties" : {
      "SIRE_MENTION_ROLE" : "EmployeeId",
      "SIRE_ENTITY_SUBTYPE" : "NONE",
      "SIRE_MENTION_TYPE" : "NONE",
      "SIRE_MENTION_CLASS" : "SPC"
    },
    "type" : "EmployeeId",
    "begin" : 389,
    "end" : 395,
    "inCoref" : false
  }, {
    "id" : "s3-m1",
    "properties" : {
      "SIRE_MENTION_ROLE" : "AccountNo",
      "SIRE_ENTITY_SUBTYPE" : "NONE",
      "SIRE_MENTION_TYPE" : "NONE",
      "SIRE_MENTION_CLASS" : "SPC"
    },
    "type" : "AccountNo",
    "begin" : 543,
    "end" : 553,
    "inCoref" : false
  }, {
    "id" : "s3-m3",
    "properties" : {
      "SIRE_MENTION_ROLE" : "BillNo",
      "SIRE_ENTITY_SUBTYPE" : "NONE",
      "SIRE_MENTION_TYPE" : "NONE",
      "SIRE_MENTION_CLASS" : "SPC"
    },
    "type" : "BillNo",
    "begin" : 563,
    "end" : 568,
    "inCoref" : false
  }, {
    "id" : "s4-m1",
    "properties" : {
      "SIRE_MENTION_ROLE" : "AadharCardNo",
      "SIRE_ENTITY_SUBTYPE" : "NONE",
      "SIRE_MENTION_TYPE" : "NONE",
      "SIRE_MENTION_CLASS" : "SPC"
    },
    "type" : "AadharCardNo",
    "begin" : 588,
    "end" : 607,
    "inCoref" : false
  }, {
    "id" : "s5-m1",
    "properties" : {
      "SIRE_MENTION_ROLE" : "Address",
      "SIRE_ENTITY_SUBTYPE" : "NONE",
      "SIRE_MENTION_TYPE" : "NONE",
      "SIRE_MENTION_CLASS" : "SPC"
    },
    "type" : "Address",
    "begin" : 769,
    "end" : 794,
    "inCoref" : false
  }, {
    "id" : "s5-m2",
    "properties" : {
      "SIRE_MENTION_ROLE" : "Price",
      "SIRE_ENTITY_SUBTYPE" : "NONE",
      "SIRE_MENTION_TYPE" : "NONE",
      "SIRE_MENTION_CLASS" : "SPC"
    },
    "type" : "Price",
    "begin" : 823,
    "end" : 833,
    "inCoref" : false
  }, {
    "id" : "s6-m1",
    "properties" : {
      "SIRE_MENTION_ROLE" : "MobileNo",
      "SIRE_ENTITY_SUBTYPE" : "NONE",
      "SIRE_MENTION_TYPE" : "NONE",
      "SIRE_MENTION_CLASS" : "SPC"
    },
    "type" : "MobileNo",
    "begin" : 854,
    "end" : 864,
    "inCoref" : false
  } ],
  "relations" : [ ],
  "corefs" : [ ],
  "typeResolved" : true,
  "userResolved" : false
}