{
  "id" : "c157d310-3ce0-11e9-9a38-235c4e7dcc32-0",
  "name" : "data4.txt",
  "createdDate" : 0,
  "version" : 3,
  "text" : "Hello Sir,\r\nwhere do you live I live at is nala Road, lucknow\r\nI have bought this for $76,372\r\nemail id : gagan@gmail.com\r\n through software solutions which they are using in their organization\r\nmy name is gagan kumar\r\n simply dummy text of the printing and typesetting industry. Lorem Ipsum has been the industry's standard dummy I was born on 25 may,1986\r\n My company is very big my company name is  Uber and I work here\r\nplease check my employee details\r\nmy employee id is 119051\r\nmy bank account no is 1450120091\r\nbill id B1090\r\n\r\nmy aadhar no is 1230-9889-0344-4607\r\n\r\nto reach me contact at: my mobile no is 9607991378\r\n",
  "docLength" : 0,
  "language" : "EN",
  "status" : "SUBMITTED",
  "modifiedDate" : 1551528278173,
  "documentSet" : [ ],
  "preannotation" : [ ],
  "sentences" : [ {
    "id" : "s0",
    "begin" : 0,
    "end" : 279,
    "text" : "Hello Sir,\r\nwhere do you live I live at is nala Road, lucknow\r\nI have bought this for $76,372\r\nemail id : gagan@gmail.com\r\n through software solutions which they are using in their organization\r\nmy name is gagan kumar\r\n simply dummy text of the printing and typesetting industry.",
    "tokens" : [ {
      "id" : "s0-t0",
      "begin" : 0,
      "end" : 5,
      "text" : "Hello",
      "whiteSpace" : false
    }, {
      "id" : "s0-t1",
      "begin" : 6,
      "end" : 9,
      "text" : "Sir",
      "whiteSpace" : false
    }, {
      "id" : "s0-t2",
      "begin" : 9,
      "end" : 10,
      "text" : ",",
      "whiteSpace" : false
    }, {
      "id" : "s0-t3",
      "begin" : 12,
      "end" : 17,
      "text" : "where",
      "whiteSpace" : false
    }, {
      "id" : "s0-t4",
      "begin" : 18,
      "end" : 20,
      "text" : "do",
      "whiteSpace" : false
    }, {
      "id" : "s0-t5",
      "begin" : 21,
      "end" : 24,
      "text" : "you",
      "whiteSpace" : false
    }, {
      "id" : "s0-t6",
      "begin" : 25,
      "end" : 29,
      "text" : "live",
      "whiteSpace" : false
    }, {
      "id" : "s0-t7",
      "begin" : 30,
      "end" : 31,
      "text" : "I",
      "whiteSpace" : false
    }, {
      "id" : "s0-t8",
      "begin" : 32,
      "end" : 36,
      "text" : "live",
      "whiteSpace" : false
    }, {
      "id" : "s0-t9",
      "begin" : 37,
      "end" : 39,
      "text" : "at",
      "whiteSpace" : false
    }, {
      "id" : "s0-t10",
      "begin" : 40,
      "end" : 42,
      "text" : "is",
      "whiteSpace" : false
    }, {
      "id" : "s0-t11",
      "begin" : 43,
      "end" : 47,
      "text" : "nala",
      "whiteSpace" : false
    }, {
      "id" : "s0-t12",
      "begin" : 48,
      "end" : 52,
      "text" : "Road",
      "whiteSpace" : false
    }, {
      "id" : "s0-t13",
      "begin" : 52,
      "end" : 53,
      "text" : ",",
      "whiteSpace" : false
    }, {
      "id" : "s0-t14",
      "begin" : 54,
      "end" : 61,
      "text" : "lucknow",
      "whiteSpace" : false
    }, {
      "id" : "s0-t15",
      "begin" : 63,
      "end" : 64,
      "text" : "I",
      "whiteSpace" : false
    }, {
      "id" : "s0-t16",
      "begin" : 65,
      "end" : 69,
      "text" : "have",
      "whiteSpace" : false
    }, {
      "id" : "s0-t17",
      "begin" : 70,
      "end" : 76,
      "text" : "bought",
      "whiteSpace" : false
    }, {
      "id" : "s0-t18",
      "begin" : 77,
      "end" : 81,
      "text" : "this",
      "whiteSpace" : false
    }, {
      "id" : "s0-t19",
      "begin" : 82,
      "end" : 85,
      "text" : "for",
      "whiteSpace" : false
    }, {
      "id" : "s0-t20",
      "begin" : 86,
      "end" : 87,
      "text" : "$",
      "whiteSpace" : false
    }, {
      "id" : "s0-t21",
      "begin" : 87,
      "end" : 93,
      "text" : "76,372",
      "whiteSpace" : false
    }, {
      "id" : "s0-t22",
      "begin" : 95,
      "end" : 100,
      "text" : "email",
      "whiteSpace" : false
    }, {
      "id" : "s0-t23",
      "begin" : 101,
      "end" : 103,
      "text" : "id",
      "whiteSpace" : false
    }, {
      "id" : "s0-t24",
      "begin" : 104,
      "end" : 105,
      "text" : ":",
      "whiteSpace" : false
    }, {
      "id" : "s0-t25",
      "begin" : 106,
      "end" : 121,
      "text" : "gagan@gmail.com",
      "whiteSpace" : false
    }, {
      "id" : "s0-t26",
      "begin" : 124,
      "end" : 131,
      "text" : "through",
      "whiteSpace" : false
    }, {
      "id" : "s0-t27",
      "begin" : 132,
      "end" : 140,
      "text" : "software",
      "whiteSpace" : false
    }, {
      "id" : "s0-t28",
      "begin" : 141,
      "end" : 150,
      "text" : "solutions",
      "whiteSpace" : false
    }, {
      "id" : "s0-t29",
      "begin" : 151,
      "end" : 156,
      "text" : "which",
      "whiteSpace" : false
    }, {
      "id" : "s0-t30",
      "begin" : 157,
      "end" : 161,
      "text" : "they",
      "whiteSpace" : false
    }, {
      "id" : "s0-t31",
      "begin" : 162,
      "end" : 165,
      "text" : "are",
      "whiteSpace" : false
    }, {
      "id" : "s0-t32",
      "begin" : 166,
      "end" : 171,
      "text" : "using",
      "whiteSpace" : false
    }, {
      "id" : "s0-t33",
      "begin" : 172,
      "end" : 174,
      "text" : "in",
      "whiteSpace" : false
    }, {
      "id" : "s0-t34",
      "begin" : 175,
      "end" : 180,
      "text" : "their",
      "whiteSpace" : false
    }, {
      "id" : "s0-t35",
      "begin" : 181,
      "end" : 193,
      "text" : "organization",
      "whiteSpace" : false
    }, {
      "id" : "s0-t36",
      "begin" : 195,
      "end" : 197,
      "text" : "my",
      "whiteSpace" : false
    }, {
      "id" : "s0-t37",
      "begin" : 198,
      "end" : 202,
      "text" : "name",
      "whiteSpace" : false
    }, {
      "id" : "s0-t38",
      "begin" : 203,
      "end" : 205,
      "text" : "is",
      "whiteSpace" : false
    }, {
      "id" : "s0-t39",
      "begin" : 206,
      "end" : 211,
      "text" : "gagan",
      "whiteSpace" : false
    }, {
      "id" : "s0-t40",
      "begin" : 212,
      "end" : 217,
      "text" : "kumar",
      "whiteSpace" : false
    }, {
      "id" : "s0-t41",
      "begin" : 220,
      "end" : 226,
      "text" : "simply",
      "whiteSpace" : false
    }, {
      "id" : "s0-t42",
      "begin" : 227,
      "end" : 232,
      "text" : "dummy",
      "whiteSpace" : false
    }, {
      "id" : "s0-t43",
      "begin" : 233,
      "end" : 237,
      "text" : "text",
      "whiteSpace" : false
    }, {
      "id" : "s0-t44",
      "begin" : 238,
      "end" : 240,
      "text" : "of",
      "whiteSpace" : false
    }, {
      "id" : "s0-t45",
      "begin" : 241,
      "end" : 244,
      "text" : "the",
      "whiteSpace" : false
    }, {
      "id" : "s0-t46",
      "begin" : 245,
      "end" : 253,
      "text" : "printing",
      "whiteSpace" : false
    }, {
      "id" : "s0-t47",
      "begin" : 254,
      "end" : 257,
      "text" : "and",
      "whiteSpace" : false
    }, {
      "id" : "s0-t48",
      "begin" : 258,
      "end" : 269,
      "text" : "typesetting",
      "whiteSpace" : false
    }, {
      "id" : "s0-t49",
      "begin" : 270,
      "end" : 278,
      "text" : "industry",
      "whiteSpace" : false
    }, {
      "id" : "s0-t50",
      "begin" : 278,
      "end" : 279,
      "text" : ".",
      "whiteSpace" : false
    } ]
  }, {
    "id" : "s1",
    "begin" : 280,
    "end" : 531,
    "text" : "Lorem Ipsum has been the industry's standard dummy I was born on 25 may,1986\r\n My company is very big my company name is  Uber and I work here\r\nplease check my employee details\r\nmy employee id is 119051\r\nmy bank account no is 1450120091\r\nbill id B1090",
    "tokens" : [ {
      "id" : "s1-t0",
      "begin" : 280,
      "end" : 285,
      "text" : "Lorem",
      "whiteSpace" : false
    }, {
      "id" : "s1-t1",
      "begin" : 286,
      "end" : 291,
      "text" : "Ipsum",
      "whiteSpace" : false
    }, {
      "id" : "s1-t2",
      "begin" : 292,
      "end" : 295,
      "text" : "has",
      "whiteSpace" : false
    }, {
      "id" : "s1-t3",
      "begin" : 296,
      "end" : 300,
      "text" : "been",
      "whiteSpace" : false
    }, {
      "id" : "s1-t4",
      "begin" : 301,
      "end" : 304,
      "text" : "the",
      "whiteSpace" : false
    }, {
      "id" : "s1-t5",
      "begin" : 305,
      "end" : 313,
      "text" : "industry",
      "whiteSpace" : false
    }, {
      "id" : "s1-t6",
      "begin" : 313,
      "end" : 315,
      "text" : "'s",
      "whiteSpace" : false
    }, {
      "id" : "s1-t7",
      "begin" : 316,
      "end" : 324,
      "text" : "standard",
      "whiteSpace" : false
    }, {
      "id" : "s1-t8",
      "begin" : 325,
      "end" : 330,
      "text" : "dummy",
      "whiteSpace" : false
    }, {
      "id" : "s1-t9",
      "begin" : 331,
      "end" : 332,
      "text" : "I",
      "whiteSpace" : false
    }, {
      "id" : "s1-t10",
      "begin" : 333,
      "end" : 336,
      "text" : "was",
      "whiteSpace" : false
    }, {
      "id" : "s1-t11",
      "begin" : 337,
      "end" : 341,
      "text" : "born",
      "whiteSpace" : false
    }, {
      "id" : "s1-t12",
      "begin" : 342,
      "end" : 344,
      "text" : "on",
      "whiteSpace" : false
    }, {
      "id" : "s1-t13",
      "begin" : 345,
      "end" : 347,
      "text" : "25",
      "whiteSpace" : false
    }, {
      "id" : "s1-t14",
      "begin" : 348,
      "end" : 351,
      "text" : "may",
      "whiteSpace" : false
    }, {
      "id" : "s1-t15",
      "begin" : 351,
      "end" : 352,
      "text" : ",",
      "whiteSpace" : false
    }, {
      "id" : "s1-t16",
      "begin" : 352,
      "end" : 356,
      "text" : "1986",
      "whiteSpace" : false
    }, {
      "id" : "s1-t17",
      "begin" : 359,
      "end" : 361,
      "text" : "My",
      "whiteSpace" : false
    }, {
      "id" : "s1-t18",
      "begin" : 362,
      "end" : 369,
      "text" : "company",
      "whiteSpace" : false
    }, {
      "id" : "s1-t19",
      "begin" : 370,
      "end" : 372,
      "text" : "is",
      "whiteSpace" : false
    }, {
      "id" : "s1-t20",
      "begin" : 373,
      "end" : 377,
      "text" : "very",
      "whiteSpace" : false
    }, {
      "id" : "s1-t21",
      "begin" : 378,
      "end" : 381,
      "text" : "big",
      "whiteSpace" : false
    }, {
      "id" : "s1-t22",
      "begin" : 382,
      "end" : 384,
      "text" : "my",
      "whiteSpace" : false
    }, {
      "id" : "s1-t23",
      "begin" : 385,
      "end" : 392,
      "text" : "company",
      "whiteSpace" : false
    }, {
      "id" : "s1-t24",
      "begin" : 393,
      "end" : 397,
      "text" : "name",
      "whiteSpace" : false
    }, {
      "id" : "s1-t25",
      "begin" : 398,
      "end" : 400,
      "text" : "is",
      "whiteSpace" : false
    }, {
      "id" : "s1-t26",
      "begin" : 402,
      "end" : 406,
      "text" : "Uber",
      "whiteSpace" : false
    }, {
      "id" : "s1-t27",
      "begin" : 407,
      "end" : 410,
      "text" : "and",
      "whiteSpace" : false
    }, {
      "id" : "s1-t28",
      "begin" : 411,
      "end" : 412,
      "text" : "I",
      "whiteSpace" : false
    }, {
      "id" : "s1-t29",
      "begin" : 413,
      "end" : 417,
      "text" : "work",
      "whiteSpace" : false
    }, {
      "id" : "s1-t30",
      "begin" : 418,
      "end" : 422,
      "text" : "here",
      "whiteSpace" : false
    }, {
      "id" : "s1-t31",
      "begin" : 424,
      "end" : 430,
      "text" : "please",
      "whiteSpace" : false
    }, {
      "id" : "s1-t32",
      "begin" : 431,
      "end" : 436,
      "text" : "check",
      "whiteSpace" : false
    }, {
      "id" : "s1-t33",
      "begin" : 437,
      "end" : 439,
      "text" : "my",
      "whiteSpace" : false
    }, {
      "id" : "s1-t34",
      "begin" : 440,
      "end" : 448,
      "text" : "employee",
      "whiteSpace" : false
    }, {
      "id" : "s1-t35",
      "begin" : 449,
      "end" : 456,
      "text" : "details",
      "whiteSpace" : false
    }, {
      "id" : "s1-t36",
      "begin" : 458,
      "end" : 460,
      "text" : "my",
      "whiteSpace" : false
    }, {
      "id" : "s1-t37",
      "begin" : 461,
      "end" : 469,
      "text" : "employee",
      "whiteSpace" : false
    }, {
      "id" : "s1-t38",
      "begin" : 470,
      "end" : 472,
      "text" : "id",
      "whiteSpace" : false
    }, {
      "id" : "s1-t39",
      "begin" : 473,
      "end" : 475,
      "text" : "is",
      "whiteSpace" : false
    }, {
      "id" : "s1-t40",
      "begin" : 476,
      "end" : 482,
      "text" : "119051",
      "whiteSpace" : false
    }, {
      "id" : "s1-t41",
      "begin" : 484,
      "end" : 486,
      "text" : "my",
      "whiteSpace" : false
    }, {
      "id" : "s1-t42",
      "begin" : 487,
      "end" : 491,
      "text" : "bank",
      "whiteSpace" : false
    }, {
      "id" : "s1-t43",
      "begin" : 492,
      "end" : 499,
      "text" : "account",
      "whiteSpace" : false
    }, {
      "id" : "s1-t44",
      "begin" : 500,
      "end" : 502,
      "text" : "no",
      "whiteSpace" : false
    }, {
      "id" : "s1-t45",
      "begin" : 503,
      "end" : 505,
      "text" : "is",
      "whiteSpace" : false
    }, {
      "id" : "s1-t46",
      "begin" : 506,
      "end" : 516,
      "text" : "1450120091",
      "whiteSpace" : false
    }, {
      "id" : "s1-t47",
      "begin" : 518,
      "end" : 522,
      "text" : "bill",
      "whiteSpace" : false
    }, {
      "id" : "s1-t48",
      "begin" : 523,
      "end" : 525,
      "text" : "id",
      "whiteSpace" : false
    }, {
      "id" : "s1-t49",
      "begin" : 526,
      "end" : 531,
      "text" : "B1090",
      "whiteSpace" : false
    } ]
  }, {
    "id" : "s2",
    "begin" : 535,
    "end" : 570,
    "text" : "my aadhar no is 1230-9889-0344-4607",
    "tokens" : [ {
      "id" : "s2-t0",
      "begin" : 535,
      "end" : 537,
      "text" : "my",
      "whiteSpace" : false
    }, {
      "id" : "s2-t1",
      "begin" : 538,
      "end" : 544,
      "text" : "aadhar",
      "whiteSpace" : false
    }, {
      "id" : "s2-t2",
      "begin" : 545,
      "end" : 547,
      "text" : "no",
      "whiteSpace" : false
    }, {
      "id" : "s2-t3",
      "begin" : 548,
      "end" : 550,
      "text" : "is",
      "whiteSpace" : false
    }, {
      "id" : "s2-t4",
      "begin" : 551,
      "end" : 570,
      "text" : "1230-9889-0344-4607",
      "whiteSpace" : false
    } ]
  }, {
    "id" : "s3",
    "begin" : 574,
    "end" : 624,
    "text" : "to reach me contact at: my mobile no is 9607991378",
    "tokens" : [ {
      "id" : "s3-t0",
      "begin" : 574,
      "end" : 576,
      "text" : "to",
      "whiteSpace" : false
    }, {
      "id" : "s3-t1",
      "begin" : 577,
      "end" : 582,
      "text" : "reach",
      "whiteSpace" : false
    }, {
      "id" : "s3-t2",
      "begin" : 583,
      "end" : 585,
      "text" : "me",
      "whiteSpace" : false
    }, {
      "id" : "s3-t3",
      "begin" : 586,
      "end" : 593,
      "text" : "contact",
      "whiteSpace" : false
    }, {
      "id" : "s3-t4",
      "begin" : 594,
      "end" : 596,
      "text" : "at",
      "whiteSpace" : false
    }, {
      "id" : "s3-t5",
      "begin" : 596,
      "end" : 597,
      "text" : ":",
      "whiteSpace" : false
    }, {
      "id" : "s3-t6",
      "begin" : 598,
      "end" : 600,
      "text" : "my",
      "whiteSpace" : false
    }, {
      "id" : "s3-t7",
      "begin" : 601,
      "end" : 607,
      "text" : "mobile",
      "whiteSpace" : false
    }, {
      "id" : "s3-t8",
      "begin" : 608,
      "end" : 610,
      "text" : "no",
      "whiteSpace" : false
    }, {
      "id" : "s3-t9",
      "begin" : 611,
      "end" : 613,
      "text" : "is",
      "whiteSpace" : false
    }, {
      "id" : "s3-t10",
      "begin" : 614,
      "end" : 624,
      "text" : "9607991378",
      "whiteSpace" : false
    } ]
  } ],
  "mentions" : [ {
    "id" : "s0-m1",
    "properties" : {
      "SIRE_MENTION_ROLE" : "Address",
      "SIRE_ENTITY_SUBTYPE" : "NONE",
      "SIRE_MENTION_TYPE" : "NONE",
      "SIRE_MENTION_CLASS" : "SPC"
    },
    "type" : "Address",
    "begin" : 43,
    "end" : 61,
    "inCoref" : false
  }, {
    "id" : "s0-m2",
    "properties" : {
      "SIRE_MENTION_ROLE" : "Price",
      "SIRE_ENTITY_SUBTYPE" : "NONE",
      "SIRE_MENTION_TYPE" : "NONE",
      "SIRE_MENTION_CLASS" : "SPC"
    },
    "type" : "Price",
    "begin" : 86,
    "end" : 93,
    "inCoref" : false
  }, {
    "id" : "s0-m3",
    "properties" : {
      "SIRE_MENTION_ROLE" : "EmailId",
      "SIRE_ENTITY_SUBTYPE" : "NONE",
      "SIRE_MENTION_TYPE" : "NONE",
      "SIRE_MENTION_CLASS" : "SPC"
    },
    "type" : "EmailId",
    "begin" : 106,
    "end" : 121,
    "inCoref" : false
  }, {
    "id" : "s0-m4",
    "properties" : {
      "SIRE_MENTION_ROLE" : "Name",
      "SIRE_ENTITY_SUBTYPE" : "NONE",
      "SIRE_MENTION_TYPE" : "NONE",
      "SIRE_MENTION_CLASS" : "SPC"
    },
    "type" : "Name",
    "begin" : 206,
    "end" : 217,
    "inCoref" : false
  }, {
    "id" : "s1-m2",
    "properties" : {
      "SIRE_MENTION_ROLE" : "Company",
      "SIRE_ENTITY_SUBTYPE" : "NONE",
      "SIRE_MENTION_TYPE" : "NONE",
      "SIRE_MENTION_CLASS" : "SPC"
    },
    "type" : "Company",
    "begin" : 280,
    "end" : 291,
    "inCoref" : false
  }, {
    "id" : "s1-m3",
    "properties" : {
      "SIRE_MENTION_ROLE" : "DOB",
      "SIRE_ENTITY_SUBTYPE" : "NONE",
      "SIRE_MENTION_TYPE" : "NONE",
      "SIRE_MENTION_CLASS" : "SPC"
    },
    "type" : "DOB",
    "begin" : 345,
    "end" : 356,
    "inCoref" : false
  }, {
    "id" : "s1-m4",
    "properties" : {
      "SIRE_MENTION_ROLE" : "Company",
      "SIRE_ENTITY_SUBTYPE" : "NONE",
      "SIRE_MENTION_TYPE" : "NONE",
      "SIRE_MENTION_CLASS" : "SPC"
    },
    "type" : "Company",
    "begin" : 402,
    "end" : 406,
    "inCoref" : false
  }, {
    "id" : "s1-m5",
    "properties" : {
      "SIRE_MENTION_ROLE" : "EmployeeId",
      "SIRE_ENTITY_SUBTYPE" : "NONE",
      "SIRE_MENTION_TYPE" : "NONE",
      "SIRE_MENTION_CLASS" : "SPC"
    },
    "type" : "EmployeeId",
    "begin" : 476,
    "end" : 482,
    "inCoref" : false
  }, {
    "id" : "s1-m6",
    "properties" : {
      "SIRE_MENTION_ROLE" : "AccountNo",
      "SIRE_ENTITY_SUBTYPE" : "NONE",
      "SIRE_MENTION_TYPE" : "NONE",
      "SIRE_MENTION_CLASS" : "SPC"
    },
    "type" : "AccountNo",
    "begin" : 506,
    "end" : 516,
    "inCoref" : false
  }, {
    "id" : "s1-m7",
    "properties" : {
      "SIRE_MENTION_ROLE" : "BillNo",
      "SIRE_ENTITY_SUBTYPE" : "NONE",
      "SIRE_MENTION_TYPE" : "NONE",
      "SIRE_MENTION_CLASS" : "SPC"
    },
    "type" : "BillNo",
    "begin" : 526,
    "end" : 531,
    "inCoref" : false
  }, {
    "id" : "s2-m1",
    "properties" : {
      "SIRE_MENTION_ROLE" : "AadharCardNo",
      "SIRE_ENTITY_SUBTYPE" : "NONE",
      "SIRE_MENTION_TYPE" : "NONE",
      "SIRE_MENTION_CLASS" : "SPC"
    },
    "type" : "AadharCardNo",
    "begin" : 551,
    "end" : 570,
    "inCoref" : false
  }, {
    "id" : "s3-m1",
    "properties" : {
      "SIRE_MENTION_ROLE" : "MobileNo",
      "SIRE_ENTITY_SUBTYPE" : "NONE",
      "SIRE_MENTION_TYPE" : "NONE",
      "SIRE_MENTION_CLASS" : "SPC"
    },
    "type" : "MobileNo",
    "begin" : 614,
    "end" : 624,
    "inCoref" : false
  } ],
  "relations" : [ ],
  "corefs" : [ ],
  "typeResolved" : true,
  "userResolved" : false
}