{
  "id" : "c8dfc5c0-3ce0-11e9-9a38-235c4e7dcc32-0",
  "name" : "data5.txt",
  "createdDate" : 0,
  "version" : 3,
  "text" : "For monetry transactions\r\nmy bank account no is 7606238989\r\nPlease contact me here: all my personal details are attached here\r\nmy mobile no is 9002378461\r\nfor my government details see here\r\nmy aadhar no is 9000-4511-4344-4567\r\nmy pancard id is SHAPL1214C\r\nI live here\r\nmy address is gwari mahal,Guwahati\r\nI am in great need for this job I can live anywhere\r\nwhat is your name\r\nMy name is shilpa singh\r\nI want a minimum salary of $1000\r\nmy email id is shilpa@gmail.com\r\nI work at AllinOnE Industries\r\nmy date of birth is 08-09-1975\r\nmy employee id is 904939\r\n",
  "docLength" : 0,
  "language" : "EN",
  "status" : "SUBMITTED",
  "modifiedDate" : 1551528353111,
  "documentSet" : [ ],
  "preannotation" : [ ],
  "sentences" : [ {
    "id" : "s0",
    "begin" : 0,
    "end" : 557,
    "text" : "For monetry transactions\r\nmy bank account no is 7606238989\r\nPlease contact me here: all my personal details are attached here\r\nmy mobile no is 9002378461\r\nfor my government details see here\r\nmy aadhar no is 9000-4511-4344-4567\r\nmy pancard id is SHAPL1214C\r\nI live here\r\nmy address is gwari mahal,Guwahati\r\nI am in great need for this job I can live anywhere\r\nwhat is your name\r\nMy name is shilpa singh\r\nI want a minimum salary of $1000\r\nmy email id is shilpa@gmail.com\r\nI work at AllinOnE Industries\r\nmy date of birth is 08-09-1975\r\nmy employee id is 904939",
    "tokens" : [ {
      "id" : "s0-t0",
      "begin" : 0,
      "end" : 3,
      "text" : "For",
      "whiteSpace" : false
    }, {
      "id" : "s0-t1",
      "begin" : 4,
      "end" : 11,
      "text" : "monetry",
      "whiteSpace" : false
    }, {
      "id" : "s0-t2",
      "begin" : 12,
      "end" : 24,
      "text" : "transactions",
      "whiteSpace" : false
    }, {
      "id" : "s0-t3",
      "begin" : 26,
      "end" : 28,
      "text" : "my",
      "whiteSpace" : false
    }, {
      "id" : "s0-t4",
      "begin" : 29,
      "end" : 33,
      "text" : "bank",
      "whiteSpace" : false
    }, {
      "id" : "s0-t5",
      "begin" : 34,
      "end" : 41,
      "text" : "account",
      "whiteSpace" : false
    }, {
      "id" : "s0-t6",
      "begin" : 42,
      "end" : 44,
      "text" : "no",
      "whiteSpace" : false
    }, {
      "id" : "s0-t7",
      "begin" : 45,
      "end" : 47,
      "text" : "is",
      "whiteSpace" : false
    }, {
      "id" : "s0-t8",
      "begin" : 48,
      "end" : 58,
      "text" : "7606238989",
      "whiteSpace" : false
    }, {
      "id" : "s0-t9",
      "begin" : 60,
      "end" : 66,
      "text" : "Please",
      "whiteSpace" : false
    }, {
      "id" : "s0-t10",
      "begin" : 67,
      "end" : 74,
      "text" : "contact",
      "whiteSpace" : false
    }, {
      "id" : "s0-t11",
      "begin" : 75,
      "end" : 77,
      "text" : "me",
      "whiteSpace" : false
    }, {
      "id" : "s0-t12",
      "begin" : 78,
      "end" : 82,
      "text" : "here",
      "whiteSpace" : false
    }, {
      "id" : "s0-t13",
      "begin" : 82,
      "end" : 83,
      "text" : ":",
      "whiteSpace" : false
    }, {
      "id" : "s0-t14",
      "begin" : 84,
      "end" : 87,
      "text" : "all",
      "whiteSpace" : false
    }, {
      "id" : "s0-t15",
      "begin" : 88,
      "end" : 90,
      "text" : "my",
      "whiteSpace" : false
    }, {
      "id" : "s0-t16",
      "begin" : 91,
      "end" : 99,
      "text" : "personal",
      "whiteSpace" : false
    }, {
      "id" : "s0-t17",
      "begin" : 100,
      "end" : 107,
      "text" : "details",
      "whiteSpace" : false
    }, {
      "id" : "s0-t18",
      "begin" : 108,
      "end" : 111,
      "text" : "are",
      "whiteSpace" : false
    }, {
      "id" : "s0-t19",
      "begin" : 112,
      "end" : 120,
      "text" : "attached",
      "whiteSpace" : false
    }, {
      "id" : "s0-t20",
      "begin" : 121,
      "end" : 125,
      "text" : "here",
      "whiteSpace" : false
    }, {
      "id" : "s0-t21",
      "begin" : 127,
      "end" : 129,
      "text" : "my",
      "whiteSpace" : false
    }, {
      "id" : "s0-t22",
      "begin" : 130,
      "end" : 136,
      "text" : "mobile",
      "whiteSpace" : false
    }, {
      "id" : "s0-t23",
      "begin" : 137,
      "end" : 139,
      "text" : "no",
      "whiteSpace" : false
    }, {
      "id" : "s0-t24",
      "begin" : 140,
      "end" : 142,
      "text" : "is",
      "whiteSpace" : false
    }, {
      "id" : "s0-t25",
      "begin" : 143,
      "end" : 153,
      "text" : "9002378461",
      "whiteSpace" : false
    }, {
      "id" : "s0-t26",
      "begin" : 155,
      "end" : 158,
      "text" : "for",
      "whiteSpace" : false
    }, {
      "id" : "s0-t27",
      "begin" : 159,
      "end" : 161,
      "text" : "my",
      "whiteSpace" : false
    }, {
      "id" : "s0-t28",
      "begin" : 162,
      "end" : 172,
      "text" : "government",
      "whiteSpace" : false
    }, {
      "id" : "s0-t29",
      "begin" : 173,
      "end" : 180,
      "text" : "details",
      "whiteSpace" : false
    }, {
      "id" : "s0-t30",
      "begin" : 181,
      "end" : 184,
      "text" : "see",
      "whiteSpace" : false
    }, {
      "id" : "s0-t31",
      "begin" : 185,
      "end" : 189,
      "text" : "here",
      "whiteSpace" : false
    }, {
      "id" : "s0-t32",
      "begin" : 191,
      "end" : 193,
      "text" : "my",
      "whiteSpace" : false
    }, {
      "id" : "s0-t33",
      "begin" : 194,
      "end" : 200,
      "text" : "aadhar",
      "whiteSpace" : false
    }, {
      "id" : "s0-t34",
      "begin" : 201,
      "end" : 203,
      "text" : "no",
      "whiteSpace" : false
    }, {
      "id" : "s0-t35",
      "begin" : 204,
      "end" : 206,
      "text" : "is",
      "whiteSpace" : false
    }, {
      "id" : "s0-t36",
      "begin" : 207,
      "end" : 226,
      "text" : "9000-4511-4344-4567",
      "whiteSpace" : false
    }, {
      "id" : "s0-t37",
      "begin" : 228,
      "end" : 230,
      "text" : "my",
      "whiteSpace" : false
    }, {
      "id" : "s0-t38",
      "begin" : 231,
      "end" : 238,
      "text" : "pancard",
      "whiteSpace" : false
    }, {
      "id" : "s0-t39",
      "begin" : 239,
      "end" : 241,
      "text" : "id",
      "whiteSpace" : false
    }, {
      "id" : "s0-t40",
      "begin" : 242,
      "end" : 244,
      "text" : "is",
      "whiteSpace" : false
    }, {
      "id" : "s0-t41",
      "begin" : 245,
      "end" : 255,
      "text" : "SHAPL1214C",
      "whiteSpace" : false
    }, {
      "id" : "s0-t42",
      "begin" : 257,
      "end" : 258,
      "text" : "I",
      "whiteSpace" : false
    }, {
      "id" : "s0-t43",
      "begin" : 259,
      "end" : 263,
      "text" : "live",
      "whiteSpace" : false
    }, {
      "id" : "s0-t44",
      "begin" : 264,
      "end" : 268,
      "text" : "here",
      "whiteSpace" : false
    }, {
      "id" : "s0-t45",
      "begin" : 270,
      "end" : 272,
      "text" : "my",
      "whiteSpace" : false
    }, {
      "id" : "s0-t46",
      "begin" : 273,
      "end" : 280,
      "text" : "address",
      "whiteSpace" : false
    }, {
      "id" : "s0-t47",
      "begin" : 281,
      "end" : 283,
      "text" : "is",
      "whiteSpace" : false
    }, {
      "id" : "s0-t48",
      "begin" : 284,
      "end" : 289,
      "text" : "gwari",
      "whiteSpace" : false
    }, {
      "id" : "s0-t49",
      "begin" : 290,
      "end" : 295,
      "text" : "mahal",
      "whiteSpace" : false
    }, {
      "id" : "s0-t50",
      "begin" : 295,
      "end" : 296,
      "text" : ",",
      "whiteSpace" : false
    }, {
      "id" : "s0-t51",
      "begin" : 296,
      "end" : 304,
      "text" : "Guwahati",
      "whiteSpace" : false
    }, {
      "id" : "s0-t52",
      "begin" : 306,
      "end" : 307,
      "text" : "I",
      "whiteSpace" : false
    }, {
      "id" : "s0-t53",
      "begin" : 308,
      "end" : 310,
      "text" : "am",
      "whiteSpace" : false
    }, {
      "id" : "s0-t54",
      "begin" : 311,
      "end" : 313,
      "text" : "in",
      "whiteSpace" : false
    }, {
      "id" : "s0-t55",
      "begin" : 314,
      "end" : 319,
      "text" : "great",
      "whiteSpace" : false
    }, {
      "id" : "s0-t56",
      "begin" : 320,
      "end" : 324,
      "text" : "need",
      "whiteSpace" : false
    }, {
      "id" : "s0-t57",
      "begin" : 325,
      "end" : 328,
      "text" : "for",
      "whiteSpace" : false
    }, {
      "id" : "s0-t58",
      "begin" : 329,
      "end" : 333,
      "text" : "this",
      "whiteSpace" : false
    }, {
      "id" : "s0-t59",
      "begin" : 334,
      "end" : 337,
      "text" : "job",
      "whiteSpace" : false
    }, {
      "id" : "s0-t60",
      "begin" : 338,
      "end" : 339,
      "text" : "I",
      "whiteSpace" : false
    }, {
      "id" : "s0-t61",
      "begin" : 340,
      "end" : 343,
      "text" : "can",
      "whiteSpace" : false
    }, {
      "id" : "s0-t62",
      "begin" : 344,
      "end" : 348,
      "text" : "live",
      "whiteSpace" : false
    }, {
      "id" : "s0-t63",
      "begin" : 349,
      "end" : 357,
      "text" : "anywhere",
      "whiteSpace" : false
    }, {
      "id" : "s0-t64",
      "begin" : 359,
      "end" : 363,
      "text" : "what",
      "whiteSpace" : false
    }, {
      "id" : "s0-t65",
      "begin" : 364,
      "end" : 366,
      "text" : "is",
      "whiteSpace" : false
    }, {
      "id" : "s0-t66",
      "begin" : 367,
      "end" : 371,
      "text" : "your",
      "whiteSpace" : false
    }, {
      "id" : "s0-t67",
      "begin" : 372,
      "end" : 376,
      "text" : "name",
      "whiteSpace" : false
    }, {
      "id" : "s0-t68",
      "begin" : 378,
      "end" : 380,
      "text" : "My",
      "whiteSpace" : false
    }, {
      "id" : "s0-t69",
      "begin" : 381,
      "end" : 385,
      "text" : "name",
      "whiteSpace" : false
    }, {
      "id" : "s0-t70",
      "begin" : 386,
      "end" : 388,
      "text" : "is",
      "whiteSpace" : false
    }, {
      "id" : "s0-t71",
      "begin" : 389,
      "end" : 395,
      "text" : "shilpa",
      "whiteSpace" : false
    }, {
      "id" : "s0-t72",
      "begin" : 396,
      "end" : 401,
      "text" : "singh",
      "whiteSpace" : false
    }, {
      "id" : "s0-t73",
      "begin" : 403,
      "end" : 404,
      "text" : "I",
      "whiteSpace" : false
    }, {
      "id" : "s0-t74",
      "begin" : 405,
      "end" : 409,
      "text" : "want",
      "whiteSpace" : false
    }, {
      "id" : "s0-t75",
      "begin" : 410,
      "end" : 411,
      "text" : "a",
      "whiteSpace" : false
    }, {
      "id" : "s0-t76",
      "begin" : 412,
      "end" : 419,
      "text" : "minimum",
      "whiteSpace" : false
    }, {
      "id" : "s0-t77",
      "begin" : 420,
      "end" : 426,
      "text" : "salary",
      "whiteSpace" : false
    }, {
      "id" : "s0-t78",
      "begin" : 427,
      "end" : 429,
      "text" : "of",
      "whiteSpace" : false
    }, {
      "id" : "s0-t79",
      "begin" : 430,
      "end" : 431,
      "text" : "$",
      "whiteSpace" : false
    }, {
      "id" : "s0-t80",
      "begin" : 431,
      "end" : 435,
      "text" : "1000",
      "whiteSpace" : false
    }, {
      "id" : "s0-t81",
      "begin" : 437,
      "end" : 439,
      "text" : "my",
      "whiteSpace" : false
    }, {
      "id" : "s0-t82",
      "begin" : 440,
      "end" : 445,
      "text" : "email",
      "whiteSpace" : false
    }, {
      "id" : "s0-t83",
      "begin" : 446,
      "end" : 448,
      "text" : "id",
      "whiteSpace" : false
    }, {
      "id" : "s0-t84",
      "begin" : 449,
      "end" : 451,
      "text" : "is",
      "whiteSpace" : false
    }, {
      "id" : "s0-t85",
      "begin" : 452,
      "end" : 468,
      "text" : "shilpa@gmail.com",
      "whiteSpace" : false
    }, {
      "id" : "s0-t86",
      "begin" : 470,
      "end" : 471,
      "text" : "I",
      "whiteSpace" : false
    }, {
      "id" : "s0-t87",
      "begin" : 472,
      "end" : 476,
      "text" : "work",
      "whiteSpace" : false
    }, {
      "id" : "s0-t88",
      "begin" : 477,
      "end" : 479,
      "text" : "at",
      "whiteSpace" : false
    }, {
      "id" : "s0-t89",
      "begin" : 480,
      "end" : 488,
      "text" : "AllinOnE",
      "whiteSpace" : false
    }, {
      "id" : "s0-t90",
      "begin" : 489,
      "end" : 499,
      "text" : "Industries",
      "whiteSpace" : false
    }, {
      "id" : "s0-t91",
      "begin" : 501,
      "end" : 503,
      "text" : "my",
      "whiteSpace" : false
    }, {
      "id" : "s0-t92",
      "begin" : 504,
      "end" : 508,
      "text" : "date",
      "whiteSpace" : false
    }, {
      "id" : "s0-t93",
      "begin" : 509,
      "end" : 511,
      "text" : "of",
      "whiteSpace" : false
    }, {
      "id" : "s0-t94",
      "begin" : 512,
      "end" : 517,
      "text" : "birth",
      "whiteSpace" : false
    }, {
      "id" : "s0-t95",
      "begin" : 518,
      "end" : 520,
      "text" : "is",
      "whiteSpace" : false
    }, {
      "id" : "s0-t96",
      "begin" : 521,
      "end" : 531,
      "text" : "08-09-1975",
      "whiteSpace" : false
    }, {
      "id" : "s0-t97",
      "begin" : 533,
      "end" : 535,
      "text" : "my",
      "whiteSpace" : false
    }, {
      "id" : "s0-t98",
      "begin" : 536,
      "end" : 544,
      "text" : "employee",
      "whiteSpace" : false
    }, {
      "id" : "s0-t99",
      "begin" : 545,
      "end" : 547,
      "text" : "id",
      "whiteSpace" : false
    }, {
      "id" : "s0-t100",
      "begin" : 548,
      "end" : 550,
      "text" : "is",
      "whiteSpace" : false
    }, {
      "id" : "s0-t101",
      "begin" : 551,
      "end" : 557,
      "text" : "904939",
      "whiteSpace" : false
    } ]
  } ],
  "mentions" : [ {
    "id" : "s0-m1",
    "properties" : {
      "SIRE_MENTION_ROLE" : "AccountNo",
      "SIRE_ENTITY_SUBTYPE" : "NONE",
      "SIRE_MENTION_TYPE" : "NONE",
      "SIRE_MENTION_CLASS" : "SPC"
    },
    "type" : "AccountNo",
    "begin" : 48,
    "end" : 58,
    "inCoref" : false
  }, {
    "id" : "s0-m2",
    "properties" : {
      "SIRE_MENTION_ROLE" : "MobileNo",
      "SIRE_ENTITY_SUBTYPE" : "NONE",
      "SIRE_MENTION_TYPE" : "NONE",
      "SIRE_MENTION_CLASS" : "SPC"
    },
    "type" : "MobileNo",
    "begin" : 143,
    "end" : 153,
    "inCoref" : false
  }, {
    "id" : "s0-m3",
    "properties" : {
      "SIRE_MENTION_ROLE" : "AadharCardNo",
      "SIRE_ENTITY_SUBTYPE" : "NONE",
      "SIRE_MENTION_TYPE" : "NONE",
      "SIRE_MENTION_CLASS" : "SPC"
    },
    "type" : "AadharCardNo",
    "begin" : 207,
    "end" : 226,
    "inCoref" : false
  }, {
    "id" : "s0-m4",
    "properties" : {
      "SIRE_MENTION_ROLE" : "PanCard",
      "SIRE_ENTITY_SUBTYPE" : "NONE",
      "SIRE_MENTION_TYPE" : "NONE",
      "SIRE_MENTION_CLASS" : "SPC"
    },
    "type" : "PanCard",
    "begin" : 245,
    "end" : 255,
    "inCoref" : false
  }, {
    "id" : "s0-m5",
    "properties" : {
      "SIRE_MENTION_ROLE" : "Address",
      "SIRE_ENTITY_SUBTYPE" : "NONE",
      "SIRE_MENTION_TYPE" : "NONE",
      "SIRE_MENTION_CLASS" : "SPC"
    },
    "type" : "Address",
    "begin" : 284,
    "end" : 304,
    "inCoref" : false
  }, {
    "id" : "s0-m6",
    "properties" : {
      "SIRE_MENTION_ROLE" : "Name",
      "SIRE_ENTITY_SUBTYPE" : "NONE",
      "SIRE_MENTION_TYPE" : "NONE",
      "SIRE_MENTION_CLASS" : "SPC"
    },
    "type" : "Name",
    "begin" : 389,
    "end" : 401,
    "inCoref" : false
  }, {
    "id" : "s0-m7",
    "properties" : {
      "SIRE_MENTION_ROLE" : "Price",
      "SIRE_ENTITY_SUBTYPE" : "NONE",
      "SIRE_MENTION_TYPE" : "NONE",
      "SIRE_MENTION_CLASS" : "SPC"
    },
    "type" : "Price",
    "begin" : 430,
    "end" : 435,
    "inCoref" : false
  }, {
    "id" : "s0-m8",
    "properties" : {
      "SIRE_MENTION_ROLE" : "EmailId",
      "SIRE_ENTITY_SUBTYPE" : "NONE",
      "SIRE_MENTION_TYPE" : "NONE",
      "SIRE_MENTION_CLASS" : "SPC"
    },
    "type" : "EmailId",
    "begin" : 452,
    "end" : 468,
    "inCoref" : false
  }, {
    "id" : "s0-m11",
    "properties" : {
      "SIRE_MENTION_ROLE" : "Company",
      "SIRE_ENTITY_SUBTYPE" : "NONE",
      "SIRE_MENTION_TYPE" : "NONE",
      "SIRE_MENTION_CLASS" : "SPC"
    },
    "type" : "Company",
    "begin" : 480,
    "end" : 499,
    "inCoref" : false
  }, {
    "id" : "s0-m9",
    "properties" : {
      "SIRE_MENTION_ROLE" : "DOB",
      "SIRE_ENTITY_SUBTYPE" : "NONE",
      "SIRE_MENTION_TYPE" : "NONE",
      "SIRE_MENTION_CLASS" : "SPC"
    },
    "type" : "DOB",
    "begin" : 521,
    "end" : 531,
    "inCoref" : false
  }, {
    "id" : "s0-m10",
    "properties" : {
      "SIRE_MENTION_ROLE" : "EmployeeId",
      "SIRE_ENTITY_SUBTYPE" : "NONE",
      "SIRE_MENTION_TYPE" : "NONE",
      "SIRE_MENTION_CLASS" : "SPC"
    },
    "type" : "EmployeeId",
    "begin" : 551,
    "end" : 557,
    "inCoref" : false
  } ],
  "relations" : [ ],
  "corefs" : [ ],
  "typeResolved" : true,
  "userResolved" : false
}