{
  "id" : "ccbdc340-3ce0-11e9-9a38-235c4e7dcc32-0",
  "name" : "data6.txt",
  "createdDate" : 0,
  "version" : 3,
  "text" : "Hello sir,\r\nPlease find my comlaint details here\r\nmy pancard id is BGRPL8034C\r\nmy address is house 34,Gandhi road,London\r\nI have bought mercedes benz for $12000\r\nMy name Arjun rawat and my work flow is smoooth i belong to mechanical department\r\nmy email id is arjun22@gmail.com\r\nI make rockets at Barc Industries\r\nmy date of birth is 11/08/1990\r\nTo know about my work and government ids\r\nmy employee id is 234000\r\nmy bank account no is 4321230981\r\nmy mobile no is 9097812345\r\nmy Aadhar acrd no is 9555-7777-4344-4567\r\n",
  "docLength" : 0,
  "language" : "EN",
  "status" : "SUBMITTED",
  "modifiedDate" : 1551528708041,
  "documentSet" : [ ],
  "preannotation" : [ ],
  "sentences" : [ {
    "id" : "s0",
    "begin" : 0,
    "end" : 516,
    "text" : "Hello sir,\r\nPlease find my comlaint details here\r\nmy pancard id is BGRPL8034C\r\nmy address is house 34,Gandhi road,London\r\nI have bought mercedes benz for $12000\r\nMy name Arjun rawat and my work flow is smoooth i belong to mechanical department\r\nmy email id is arjun22@gmail.com\r\nI make rockets at Barc Industries\r\nmy date of birth is 11/08/1990\r\nTo know about my work and government ids\r\nmy employee id is 234000\r\nmy bank account no is 4321230981\r\nmy mobile no is 9097812345\r\nmy Aadhar acrd no is 9555-7777-4344-4567",
    "tokens" : [ {
      "id" : "s0-t0",
      "begin" : 0,
      "end" : 5,
      "text" : "Hello",
      "whiteSpace" : false
    }, {
      "id" : "s0-t1",
      "begin" : 6,
      "end" : 9,
      "text" : "sir",
      "whiteSpace" : false
    }, {
      "id" : "s0-t2",
      "begin" : 9,
      "end" : 10,
      "text" : ",",
      "whiteSpace" : false
    }, {
      "id" : "s0-t3",
      "begin" : 12,
      "end" : 18,
      "text" : "Please",
      "whiteSpace" : false
    }, {
      "id" : "s0-t4",
      "begin" : 19,
      "end" : 23,
      "text" : "find",
      "whiteSpace" : false
    }, {
      "id" : "s0-t5",
      "begin" : 24,
      "end" : 26,
      "text" : "my",
      "whiteSpace" : false
    }, {
      "id" : "s0-t6",
      "begin" : 27,
      "end" : 35,
      "text" : "comlaint",
      "whiteSpace" : false
    }, {
      "id" : "s0-t7",
      "begin" : 36,
      "end" : 43,
      "text" : "details",
      "whiteSpace" : false
    }, {
      "id" : "s0-t8",
      "begin" : 44,
      "end" : 48,
      "text" : "here",
      "whiteSpace" : false
    }, {
      "id" : "s0-t9",
      "begin" : 50,
      "end" : 52,
      "text" : "my",
      "whiteSpace" : false
    }, {
      "id" : "s0-t10",
      "begin" : 53,
      "end" : 60,
      "text" : "pancard",
      "whiteSpace" : false
    }, {
      "id" : "s0-t11",
      "begin" : 61,
      "end" : 63,
      "text" : "id",
      "whiteSpace" : false
    }, {
      "id" : "s0-t12",
      "begin" : 64,
      "end" : 66,
      "text" : "is",
      "whiteSpace" : false
    }, {
      "id" : "s0-t13",
      "begin" : 67,
      "end" : 77,
      "text" : "BGRPL8034C",
      "whiteSpace" : false
    }, {
      "id" : "s0-t14",
      "begin" : 79,
      "end" : 81,
      "text" : "my",
      "whiteSpace" : false
    }, {
      "id" : "s0-t15",
      "begin" : 82,
      "end" : 89,
      "text" : "address",
      "whiteSpace" : false
    }, {
      "id" : "s0-t16",
      "begin" : 90,
      "end" : 92,
      "text" : "is",
      "whiteSpace" : false
    }, {
      "id" : "s0-t17",
      "begin" : 93,
      "end" : 98,
      "text" : "house",
      "whiteSpace" : false
    }, {
      "id" : "s0-t18",
      "begin" : 99,
      "end" : 101,
      "text" : "34",
      "whiteSpace" : false
    }, {
      "id" : "s0-t19",
      "begin" : 101,
      "end" : 102,
      "text" : ",",
      "whiteSpace" : false
    }, {
      "id" : "s0-t20",
      "begin" : 102,
      "end" : 108,
      "text" : "Gandhi",
      "whiteSpace" : false
    }, {
      "id" : "s0-t21",
      "begin" : 109,
      "end" : 113,
      "text" : "road",
      "whiteSpace" : false
    }, {
      "id" : "s0-t22",
      "begin" : 113,
      "end" : 114,
      "text" : ",",
      "whiteSpace" : false
    }, {
      "id" : "s0-t23",
      "begin" : 114,
      "end" : 120,
      "text" : "London",
      "whiteSpace" : false
    }, {
      "id" : "s0-t24",
      "begin" : 122,
      "end" : 123,
      "text" : "I",
      "whiteSpace" : false
    }, {
      "id" : "s0-t25",
      "begin" : 124,
      "end" : 128,
      "text" : "have",
      "whiteSpace" : false
    }, {
      "id" : "s0-t26",
      "begin" : 129,
      "end" : 135,
      "text" : "bought",
      "whiteSpace" : false
    }, {
      "id" : "s0-t27",
      "begin" : 136,
      "end" : 144,
      "text" : "mercedes",
      "whiteSpace" : false
    }, {
      "id" : "s0-t28",
      "begin" : 145,
      "end" : 149,
      "text" : "benz",
      "whiteSpace" : false
    }, {
      "id" : "s0-t29",
      "begin" : 150,
      "end" : 153,
      "text" : "for",
      "whiteSpace" : false
    }, {
      "id" : "s0-t30",
      "begin" : 154,
      "end" : 155,
      "text" : "$",
      "whiteSpace" : false
    }, {
      "id" : "s0-t31",
      "begin" : 155,
      "end" : 160,
      "text" : "12000",
      "whiteSpace" : false
    }, {
      "id" : "s0-t32",
      "begin" : 162,
      "end" : 164,
      "text" : "My",
      "whiteSpace" : false
    }, {
      "id" : "s0-t33",
      "begin" : 165,
      "end" : 169,
      "text" : "name",
      "whiteSpace" : false
    }, {
      "id" : "s0-t34",
      "begin" : 170,
      "end" : 175,
      "text" : "Arjun",
      "whiteSpace" : false
    }, {
      "id" : "s0-t35",
      "begin" : 176,
      "end" : 181,
      "text" : "rawat",
      "whiteSpace" : false
    }, {
      "id" : "s0-t36",
      "begin" : 182,
      "end" : 185,
      "text" : "and",
      "whiteSpace" : false
    }, {
      "id" : "s0-t37",
      "begin" : 186,
      "end" : 188,
      "text" : "my",
      "whiteSpace" : false
    }, {
      "id" : "s0-t38",
      "begin" : 189,
      "end" : 193,
      "text" : "work",
      "whiteSpace" : false
    }, {
      "id" : "s0-t39",
      "begin" : 194,
      "end" : 198,
      "text" : "flow",
      "whiteSpace" : false
    }, {
      "id" : "s0-t40",
      "begin" : 199,
      "end" : 201,
      "text" : "is",
      "whiteSpace" : false
    }, {
      "id" : "s0-t41",
      "begin" : 202,
      "end" : 209,
      "text" : "smoooth",
      "whiteSpace" : false
    }, {
      "id" : "s0-t42",
      "begin" : 210,
      "end" : 211,
      "text" : "i",
      "whiteSpace" : false
    }, {
      "id" : "s0-t43",
      "begin" : 212,
      "end" : 218,
      "text" : "belong",
      "whiteSpace" : false
    }, {
      "id" : "s0-t44",
      "begin" : 219,
      "end" : 221,
      "text" : "to",
      "whiteSpace" : false
    }, {
      "id" : "s0-t45",
      "begin" : 222,
      "end" : 232,
      "text" : "mechanical",
      "whiteSpace" : false
    }, {
      "id" : "s0-t46",
      "begin" : 233,
      "end" : 243,
      "text" : "department",
      "whiteSpace" : false
    }, {
      "id" : "s0-t47",
      "begin" : 245,
      "end" : 247,
      "text" : "my",
      "whiteSpace" : false
    }, {
      "id" : "s0-t48",
      "begin" : 248,
      "end" : 253,
      "text" : "email",
      "whiteSpace" : false
    }, {
      "id" : "s0-t49",
      "begin" : 254,
      "end" : 256,
      "text" : "id",
      "whiteSpace" : false
    }, {
      "id" : "s0-t50",
      "begin" : 257,
      "end" : 259,
      "text" : "is",
      "whiteSpace" : false
    }, {
      "id" : "s0-t51",
      "begin" : 260,
      "end" : 277,
      "text" : "arjun22@gmail.com",
      "whiteSpace" : false
    }, {
      "id" : "s0-t52",
      "begin" : 279,
      "end" : 280,
      "text" : "I",
      "whiteSpace" : false
    }, {
      "id" : "s0-t53",
      "begin" : 281,
      "end" : 285,
      "text" : "make",
      "whiteSpace" : false
    }, {
      "id" : "s0-t54",
      "begin" : 286,
      "end" : 293,
      "text" : "rockets",
      "whiteSpace" : false
    }, {
      "id" : "s0-t55",
      "begin" : 294,
      "end" : 296,
      "text" : "at",
      "whiteSpace" : false
    }, {
      "id" : "s0-t56",
      "begin" : 297,
      "end" : 301,
      "text" : "Barc",
      "whiteSpace" : false
    }, {
      "id" : "s0-t57",
      "begin" : 302,
      "end" : 312,
      "text" : "Industries",
      "whiteSpace" : false
    }, {
      "id" : "s0-t58",
      "begin" : 314,
      "end" : 316,
      "text" : "my",
      "whiteSpace" : false
    }, {
      "id" : "s0-t59",
      "begin" : 317,
      "end" : 321,
      "text" : "date",
      "whiteSpace" : false
    }, {
      "id" : "s0-t60",
      "begin" : 322,
      "end" : 324,
      "text" : "of",
      "whiteSpace" : false
    }, {
      "id" : "s0-t61",
      "begin" : 325,
      "end" : 330,
      "text" : "birth",
      "whiteSpace" : false
    }, {
      "id" : "s0-t62",
      "begin" : 331,
      "end" : 333,
      "text" : "is",
      "whiteSpace" : false
    }, {
      "id" : "s0-t63",
      "begin" : 334,
      "end" : 344,
      "text" : "11/08/1990",
      "whiteSpace" : false
    }, {
      "id" : "s0-t64",
      "begin" : 346,
      "end" : 348,
      "text" : "To",
      "whiteSpace" : false
    }, {
      "id" : "s0-t65",
      "begin" : 349,
      "end" : 353,
      "text" : "know",
      "whiteSpace" : false
    }, {
      "id" : "s0-t66",
      "begin" : 354,
      "end" : 359,
      "text" : "about",
      "whiteSpace" : false
    }, {
      "id" : "s0-t67",
      "begin" : 360,
      "end" : 362,
      "text" : "my",
      "whiteSpace" : false
    }, {
      "id" : "s0-t68",
      "begin" : 363,
      "end" : 367,
      "text" : "work",
      "whiteSpace" : false
    }, {
      "id" : "s0-t69",
      "begin" : 368,
      "end" : 371,
      "text" : "and",
      "whiteSpace" : false
    }, {
      "id" : "s0-t70",
      "begin" : 372,
      "end" : 382,
      "text" : "government",
      "whiteSpace" : false
    }, {
      "id" : "s0-t71",
      "begin" : 383,
      "end" : 386,
      "text" : "ids",
      "whiteSpace" : false
    }, {
      "id" : "s0-t72",
      "begin" : 388,
      "end" : 390,
      "text" : "my",
      "whiteSpace" : false
    }, {
      "id" : "s0-t73",
      "begin" : 391,
      "end" : 399,
      "text" : "employee",
      "whiteSpace" : false
    }, {
      "id" : "s0-t74",
      "begin" : 400,
      "end" : 402,
      "text" : "id",
      "whiteSpace" : false
    }, {
      "id" : "s0-t75",
      "begin" : 403,
      "end" : 405,
      "text" : "is",
      "whiteSpace" : false
    }, {
      "id" : "s0-t76",
      "begin" : 406,
      "end" : 412,
      "text" : "234000",
      "whiteSpace" : false
    }, {
      "id" : "s0-t77",
      "begin" : 414,
      "end" : 416,
      "text" : "my",
      "whiteSpace" : false
    }, {
      "id" : "s0-t78",
      "begin" : 417,
      "end" : 421,
      "text" : "bank",
      "whiteSpace" : false
    }, {
      "id" : "s0-t79",
      "begin" : 422,
      "end" : 429,
      "text" : "account",
      "whiteSpace" : false
    }, {
      "id" : "s0-t80",
      "begin" : 430,
      "end" : 432,
      "text" : "no",
      "whiteSpace" : false
    }, {
      "id" : "s0-t81",
      "begin" : 433,
      "end" : 435,
      "text" : "is",
      "whiteSpace" : false
    }, {
      "id" : "s0-t82",
      "begin" : 436,
      "end" : 446,
      "text" : "4321230981",
      "whiteSpace" : false
    }, {
      "id" : "s0-t83",
      "begin" : 448,
      "end" : 450,
      "text" : "my",
      "whiteSpace" : false
    }, {
      "id" : "s0-t84",
      "begin" : 451,
      "end" : 457,
      "text" : "mobile",
      "whiteSpace" : false
    }, {
      "id" : "s0-t85",
      "begin" : 458,
      "end" : 460,
      "text" : "no",
      "whiteSpace" : false
    }, {
      "id" : "s0-t86",
      "begin" : 461,
      "end" : 463,
      "text" : "is",
      "whiteSpace" : false
    }, {
      "id" : "s0-t87",
      "begin" : 464,
      "end" : 474,
      "text" : "9097812345",
      "whiteSpace" : false
    }, {
      "id" : "s0-t88",
      "begin" : 476,
      "end" : 478,
      "text" : "my",
      "whiteSpace" : false
    }, {
      "id" : "s0-t89",
      "begin" : 479,
      "end" : 485,
      "text" : "Aadhar",
      "whiteSpace" : false
    }, {
      "id" : "s0-t90",
      "begin" : 486,
      "end" : 490,
      "text" : "acrd",
      "whiteSpace" : false
    }, {
      "id" : "s0-t91",
      "begin" : 491,
      "end" : 493,
      "text" : "no",
      "whiteSpace" : false
    }, {
      "id" : "s0-t92",
      "begin" : 494,
      "end" : 496,
      "text" : "is",
      "whiteSpace" : false
    }, {
      "id" : "s0-t93",
      "begin" : 497,
      "end" : 516,
      "text" : "9555-7777-4344-4567",
      "whiteSpace" : false
    } ]
  } ],
  "mentions" : [ {
    "id" : "s0-m1",
    "properties" : {
      "SIRE_MENTION_ROLE" : "PanCard",
      "SIRE_ENTITY_SUBTYPE" : "NONE",
      "SIRE_MENTION_TYPE" : "NONE",
      "SIRE_MENTION_CLASS" : "SPC"
    },
    "type" : "PanCard",
    "begin" : 67,
    "end" : 77,
    "inCoref" : false
  }, {
    "id" : "s0-m2",
    "properties" : {
      "SIRE_MENTION_ROLE" : "Address",
      "SIRE_ENTITY_SUBTYPE" : "NONE",
      "SIRE_MENTION_TYPE" : "NONE",
      "SIRE_MENTION_CLASS" : "SPC"
    },
    "type" : "Address",
    "begin" : 93,
    "end" : 120,
    "inCoref" : false
  }, {
    "id" : "s0-m3",
    "properties" : {
      "SIRE_MENTION_ROLE" : "Price",
      "SIRE_ENTITY_SUBTYPE" : "NONE",
      "SIRE_MENTION_TYPE" : "NONE",
      "SIRE_MENTION_CLASS" : "SPC"
    },
    "type" : "Price",
    "begin" : 154,
    "end" : 160,
    "inCoref" : false
  }, {
    "id" : "s0-m4",
    "properties" : {
      "SIRE_MENTION_ROLE" : "Name",
      "SIRE_ENTITY_SUBTYPE" : "NONE",
      "SIRE_MENTION_TYPE" : "NONE",
      "SIRE_MENTION_CLASS" : "SPC"
    },
    "type" : "Name",
    "begin" : 170,
    "end" : 181,
    "inCoref" : false
  }, {
    "id" : "s0-m5",
    "properties" : {
      "SIRE_MENTION_ROLE" : "EmailId",
      "SIRE_ENTITY_SUBTYPE" : "NONE",
      "SIRE_MENTION_TYPE" : "NONE",
      "SIRE_MENTION_CLASS" : "SPC"
    },
    "type" : "EmailId",
    "begin" : 260,
    "end" : 277,
    "inCoref" : false
  }, {
    "id" : "s0-m6",
    "properties" : {
      "SIRE_MENTION_ROLE" : "Company",
      "SIRE_ENTITY_SUBTYPE" : "NONE",
      "SIRE_MENTION_TYPE" : "NONE",
      "SIRE_MENTION_CLASS" : "SPC"
    },
    "type" : "Company",
    "begin" : 297,
    "end" : 312,
    "inCoref" : false
  }, {
    "id" : "s0-m7",
    "properties" : {
      "SIRE_MENTION_ROLE" : "DOB",
      "SIRE_ENTITY_SUBTYPE" : "NONE",
      "SIRE_MENTION_TYPE" : "NONE",
      "SIRE_MENTION_CLASS" : "SPC"
    },
    "type" : "DOB",
    "begin" : 334,
    "end" : 344,
    "inCoref" : false
  }, {
    "id" : "s0-m8",
    "properties" : {
      "SIRE_MENTION_ROLE" : "EmployeeId",
      "SIRE_ENTITY_SUBTYPE" : "NONE",
      "SIRE_MENTION_TYPE" : "NONE",
      "SIRE_MENTION_CLASS" : "SPC"
    },
    "type" : "EmployeeId",
    "begin" : 406,
    "end" : 412,
    "inCoref" : false
  }, {
    "id" : "s0-m9",
    "properties" : {
      "SIRE_MENTION_ROLE" : "AccountNo",
      "SIRE_ENTITY_SUBTYPE" : "NONE",
      "SIRE_MENTION_TYPE" : "NONE",
      "SIRE_MENTION_CLASS" : "SPC"
    },
    "type" : "AccountNo",
    "begin" : 436,
    "end" : 446,
    "inCoref" : false
  }, {
    "id" : "s0-m10",
    "properties" : {
      "SIRE_MENTION_ROLE" : "MobileNo",
      "SIRE_ENTITY_SUBTYPE" : "NONE",
      "SIRE_MENTION_TYPE" : "NONE",
      "SIRE_MENTION_CLASS" : "SPC"
    },
    "type" : "MobileNo",
    "begin" : 464,
    "end" : 474,
    "inCoref" : false
  }, {
    "id" : "s0-m11",
    "properties" : {
      "SIRE_MENTION_ROLE" : "AadharCardNo",
      "SIRE_ENTITY_SUBTYPE" : "NONE",
      "SIRE_MENTION_TYPE" : "NONE",
      "SIRE_MENTION_CLASS" : "SPC"
    },
    "type" : "AadharCardNo",
    "begin" : 497,
    "end" : 516,
    "inCoref" : false
  } ],
  "relations" : [ ],
  "corefs" : [ ],
  "typeResolved" : true,
  "userResolved" : false
}