{
  "id" : "cfa1a950-3ce0-11e9-9a38-235c4e7dcc32-0",
  "name" : "data7.txt",
  "createdDate" : 0,
  "version" : 3,
  "text" : "Good Morning sir,\r\nPlease see that my details are very confidentail\r\nplease verify the same\r\nmy bank account no is 2009230189\r\nmy mobile no is 7224868378\r\nContrary to popular belief, Lorem Ipsum is not simply random text\r\nIt has roots in a piece of classical Latin literature from 45 BC, making it over 2000 yea\r\nmy aadhar no is 1598-4556-4344-0090\r\nmy pancard id is VTRPLO234C\r\nmy address is new Valley,California\r\nMy salary is ver low $123 only\r\nI work at Infosys Industries\r\nmy date of birth is 01/01/1999\r\ntell me yoyr name and email details\r\nmy employee id is 134000\r\nMy name is Rahul Gupta\r\nmy email id is rahul78@gmail.com\r\n",
  "docLength" : 0,
  "language" : "EN",
  "status" : "SUBMITTED",
  "modifiedDate" : 1551528810449,
  "documentSet" : [ ],
  "preannotation" : [ ],
  "sentences" : [ {
    "id" : "s0",
    "begin" : 0,
    "end" : 629,
    "text" : "Good Morning sir,\r\nPlease see that my details are very confidentail\r\nplease verify the same\r\nmy bank account no is 2009230189\r\nmy mobile no is 7224868378\r\nContrary to popular belief, Lorem Ipsum is not simply random text\r\nIt has roots in a piece of classical Latin literature from 45 BC, making it over 2000 yea\r\nmy aadhar no is 1598-4556-4344-0090\r\nmy pancard id is VTRPLO234C\r\nmy address is new Valley,California\r\nMy salary is ver low $123 only\r\nI work at Infosys Industries\r\nmy date of birth is 01/01/1999\r\ntell me yoyr name and email details\r\nmy employee id is 134000\r\nMy name is Rahul Gupta\r\nmy email id is rahul78@gmail.com",
    "tokens" : [ {
      "id" : "s0-t0",
      "begin" : 0,
      "end" : 4,
      "text" : "Good",
      "whiteSpace" : false
    }, {
      "id" : "s0-t1",
      "begin" : 5,
      "end" : 12,
      "text" : "Morning",
      "whiteSpace" : false
    }, {
      "id" : "s0-t2",
      "begin" : 13,
      "end" : 16,
      "text" : "sir",
      "whiteSpace" : false
    }, {
      "id" : "s0-t3",
      "begin" : 16,
      "end" : 17,
      "text" : ",",
      "whiteSpace" : false
    }, {
      "id" : "s0-t4",
      "begin" : 19,
      "end" : 25,
      "text" : "Please",
      "whiteSpace" : false
    }, {
      "id" : "s0-t5",
      "begin" : 26,
      "end" : 29,
      "text" : "see",
      "whiteSpace" : false
    }, {
      "id" : "s0-t6",
      "begin" : 30,
      "end" : 34,
      "text" : "that",
      "whiteSpace" : false
    }, {
      "id" : "s0-t7",
      "begin" : 35,
      "end" : 37,
      "text" : "my",
      "whiteSpace" : false
    }, {
      "id" : "s0-t8",
      "begin" : 38,
      "end" : 45,
      "text" : "details",
      "whiteSpace" : false
    }, {
      "id" : "s0-t9",
      "begin" : 46,
      "end" : 49,
      "text" : "are",
      "whiteSpace" : false
    }, {
      "id" : "s0-t10",
      "begin" : 50,
      "end" : 54,
      "text" : "very",
      "whiteSpace" : false
    }, {
      "id" : "s0-t11",
      "begin" : 55,
      "end" : 67,
      "text" : "confidentail",
      "whiteSpace" : false
    }, {
      "id" : "s0-t12",
      "begin" : 69,
      "end" : 75,
      "text" : "please",
      "whiteSpace" : false
    }, {
      "id" : "s0-t13",
      "begin" : 76,
      "end" : 82,
      "text" : "verify",
      "whiteSpace" : false
    }, {
      "id" : "s0-t14",
      "begin" : 83,
      "end" : 86,
      "text" : "the",
      "whiteSpace" : false
    }, {
      "id" : "s0-t15",
      "begin" : 87,
      "end" : 91,
      "text" : "same",
      "whiteSpace" : false
    }, {
      "id" : "s0-t16",
      "begin" : 93,
      "end" : 95,
      "text" : "my",
      "whiteSpace" : false
    }, {
      "id" : "s0-t17",
      "begin" : 96,
      "end" : 100,
      "text" : "bank",
      "whiteSpace" : false
    }, {
      "id" : "s0-t18",
      "begin" : 101,
      "end" : 108,
      "text" : "account",
      "whiteSpace" : false
    }, {
      "id" : "s0-t19",
      "begin" : 109,
      "end" : 111,
      "text" : "no",
      "whiteSpace" : false
    }, {
      "id" : "s0-t20",
      "begin" : 112,
      "end" : 114,
      "text" : "is",
      "whiteSpace" : false
    }, {
      "id" : "s0-t21",
      "begin" : 115,
      "end" : 125,
      "text" : "2009230189",
      "whiteSpace" : false
    }, {
      "id" : "s0-t22",
      "begin" : 127,
      "end" : 129,
      "text" : "my",
      "whiteSpace" : false
    }, {
      "id" : "s0-t23",
      "begin" : 130,
      "end" : 136,
      "text" : "mobile",
      "whiteSpace" : false
    }, {
      "id" : "s0-t24",
      "begin" : 137,
      "end" : 139,
      "text" : "no",
      "whiteSpace" : false
    }, {
      "id" : "s0-t25",
      "begin" : 140,
      "end" : 142,
      "text" : "is",
      "whiteSpace" : false
    }, {
      "id" : "s0-t26",
      "begin" : 143,
      "end" : 153,
      "text" : "7224868378",
      "whiteSpace" : false
    }, {
      "id" : "s0-t27",
      "begin" : 155,
      "end" : 163,
      "text" : "Contrary",
      "whiteSpace" : false
    }, {
      "id" : "s0-t28",
      "begin" : 164,
      "end" : 166,
      "text" : "to",
      "whiteSpace" : false
    }, {
      "id" : "s0-t29",
      "begin" : 167,
      "end" : 174,
      "text" : "popular",
      "whiteSpace" : false
    }, {
      "id" : "s0-t30",
      "begin" : 175,
      "end" : 181,
      "text" : "belief",
      "whiteSpace" : false
    }, {
      "id" : "s0-t31",
      "begin" : 181,
      "end" : 182,
      "text" : ",",
      "whiteSpace" : false
    }, {
      "id" : "s0-t32",
      "begin" : 183,
      "end" : 188,
      "text" : "Lorem",
      "whiteSpace" : false
    }, {
      "id" : "s0-t33",
      "begin" : 189,
      "end" : 194,
      "text" : "Ipsum",
      "whiteSpace" : false
    }, {
      "id" : "s0-t34",
      "begin" : 195,
      "end" : 197,
      "text" : "is",
      "whiteSpace" : false
    }, {
      "id" : "s0-t35",
      "begin" : 198,
      "end" : 201,
      "text" : "not",
      "whiteSpace" : false
    }, {
      "id" : "s0-t36",
      "begin" : 202,
      "end" : 208,
      "text" : "simply",
      "whiteSpace" : false
    }, {
      "id" : "s0-t37",
      "begin" : 209,
      "end" : 215,
      "text" : "random",
      "whiteSpace" : false
    }, {
      "id" : "s0-t38",
      "begin" : 216,
      "end" : 220,
      "text" : "text",
      "whiteSpace" : false
    }, {
      "id" : "s0-t39",
      "begin" : 222,
      "end" : 224,
      "text" : "It",
      "whiteSpace" : false
    }, {
      "id" : "s0-t40",
      "begin" : 225,
      "end" : 228,
      "text" : "has",
      "whiteSpace" : false
    }, {
      "id" : "s0-t41",
      "begin" : 229,
      "end" : 234,
      "text" : "roots",
      "whiteSpace" : false
    }, {
      "id" : "s0-t42",
      "begin" : 235,
      "end" : 237,
      "text" : "in",
      "whiteSpace" : false
    }, {
      "id" : "s0-t43",
      "begin" : 238,
      "end" : 239,
      "text" : "a",
      "whiteSpace" : false
    }, {
      "id" : "s0-t44",
      "begin" : 240,
      "end" : 245,
      "text" : "piece",
      "whiteSpace" : false
    }, {
      "id" : "s0-t45",
      "begin" : 246,
      "end" : 248,
      "text" : "of",
      "whiteSpace" : false
    }, {
      "id" : "s0-t46",
      "begin" : 249,
      "end" : 258,
      "text" : "classical",
      "whiteSpace" : false
    }, {
      "id" : "s0-t47",
      "begin" : 259,
      "end" : 264,
      "text" : "Latin",
      "whiteSpace" : false
    }, {
      "id" : "s0-t48",
      "begin" : 265,
      "end" : 275,
      "text" : "literature",
      "whiteSpace" : false
    }, {
      "id" : "s0-t49",
      "begin" : 276,
      "end" : 280,
      "text" : "from",
      "whiteSpace" : false
    }, {
      "id" : "s0-t50",
      "begin" : 281,
      "end" : 283,
      "text" : "45",
      "whiteSpace" : false
    }, {
      "id" : "s0-t51",
      "begin" : 284,
      "end" : 286,
      "text" : "BC",
      "whiteSpace" : false
    }, {
      "id" : "s0-t52",
      "begin" : 286,
      "end" : 287,
      "text" : ",",
      "whiteSpace" : false
    }, {
      "id" : "s0-t53",
      "begin" : 288,
      "end" : 294,
      "text" : "making",
      "whiteSpace" : false
    }, {
      "id" : "s0-t54",
      "begin" : 295,
      "end" : 297,
      "text" : "it",
      "whiteSpace" : false
    }, {
      "id" : "s0-t55",
      "begin" : 298,
      "end" : 302,
      "text" : "over",
      "whiteSpace" : false
    }, {
      "id" : "s0-t56",
      "begin" : 303,
      "end" : 307,
      "text" : "2000",
      "whiteSpace" : false
    }, {
      "id" : "s0-t57",
      "begin" : 308,
      "end" : 311,
      "text" : "yea",
      "whiteSpace" : false
    }, {
      "id" : "s0-t58",
      "begin" : 313,
      "end" : 315,
      "text" : "my",
      "whiteSpace" : false
    }, {
      "id" : "s0-t59",
      "begin" : 316,
      "end" : 322,
      "text" : "aadhar",
      "whiteSpace" : false
    }, {
      "id" : "s0-t60",
      "begin" : 323,
      "end" : 325,
      "text" : "no",
      "whiteSpace" : false
    }, {
      "id" : "s0-t61",
      "begin" : 326,
      "end" : 328,
      "text" : "is",
      "whiteSpace" : false
    }, {
      "id" : "s0-t62",
      "begin" : 329,
      "end" : 348,
      "text" : "1598-4556-4344-0090",
      "whiteSpace" : false
    }, {
      "id" : "s0-t63",
      "begin" : 350,
      "end" : 352,
      "text" : "my",
      "whiteSpace" : false
    }, {
      "id" : "s0-t64",
      "begin" : 353,
      "end" : 360,
      "text" : "pancard",
      "whiteSpace" : false
    }, {
      "id" : "s0-t65",
      "begin" : 361,
      "end" : 363,
      "text" : "id",
      "whiteSpace" : false
    }, {
      "id" : "s0-t66",
      "begin" : 364,
      "end" : 366,
      "text" : "is",
      "whiteSpace" : false
    }, {
      "id" : "s0-t67",
      "begin" : 367,
      "end" : 377,
      "text" : "VTRPLO234C",
      "whiteSpace" : false
    }, {
      "id" : "s0-t68",
      "begin" : 379,
      "end" : 381,
      "text" : "my",
      "whiteSpace" : false
    }, {
      "id" : "s0-t69",
      "begin" : 382,
      "end" : 389,
      "text" : "address",
      "whiteSpace" : false
    }, {
      "id" : "s0-t70",
      "begin" : 390,
      "end" : 392,
      "text" : "is",
      "whiteSpace" : false
    }, {
      "id" : "s0-t71",
      "begin" : 393,
      "end" : 396,
      "text" : "new",
      "whiteSpace" : false
    }, {
      "id" : "s0-t72",
      "begin" : 397,
      "end" : 403,
      "text" : "Valley",
      "whiteSpace" : false
    }, {
      "id" : "s0-t73",
      "begin" : 403,
      "end" : 404,
      "text" : ",",
      "whiteSpace" : false
    }, {
      "id" : "s0-t74",
      "begin" : 404,
      "end" : 414,
      "text" : "California",
      "whiteSpace" : false
    }, {
      "id" : "s0-t75",
      "begin" : 416,
      "end" : 418,
      "text" : "My",
      "whiteSpace" : false
    }, {
      "id" : "s0-t76",
      "begin" : 419,
      "end" : 425,
      "text" : "salary",
      "whiteSpace" : false
    }, {
      "id" : "s0-t77",
      "begin" : 426,
      "end" : 428,
      "text" : "is",
      "whiteSpace" : false
    }, {
      "id" : "s0-t78",
      "begin" : 429,
      "end" : 432,
      "text" : "ver",
      "whiteSpace" : false
    }, {
      "id" : "s0-t79",
      "begin" : 433,
      "end" : 436,
      "text" : "low",
      "whiteSpace" : false
    }, {
      "id" : "s0-t80",
      "begin" : 437,
      "end" : 438,
      "text" : "$",
      "whiteSpace" : false
    }, {
      "id" : "s0-t81",
      "begin" : 438,
      "end" : 441,
      "text" : "123",
      "whiteSpace" : false
    }, {
      "id" : "s0-t82",
      "begin" : 442,
      "end" : 446,
      "text" : "only",
      "whiteSpace" : false
    }, {
      "id" : "s0-t83",
      "begin" : 448,
      "end" : 449,
      "text" : "I",
      "whiteSpace" : false
    }, {
      "id" : "s0-t84",
      "begin" : 450,
      "end" : 454,
      "text" : "work",
      "whiteSpace" : false
    }, {
      "id" : "s0-t85",
      "begin" : 455,
      "end" : 457,
      "text" : "at",
      "whiteSpace" : false
    }, {
      "id" : "s0-t86",
      "begin" : 458,
      "end" : 465,
      "text" : "Infosys",
      "whiteSpace" : false
    }, {
      "id" : "s0-t87",
      "begin" : 466,
      "end" : 476,
      "text" : "Industries",
      "whiteSpace" : false
    }, {
      "id" : "s0-t88",
      "begin" : 478,
      "end" : 480,
      "text" : "my",
      "whiteSpace" : false
    }, {
      "id" : "s0-t89",
      "begin" : 481,
      "end" : 485,
      "text" : "date",
      "whiteSpace" : false
    }, {
      "id" : "s0-t90",
      "begin" : 486,
      "end" : 488,
      "text" : "of",
      "whiteSpace" : false
    }, {
      "id" : "s0-t91",
      "begin" : 489,
      "end" : 494,
      "text" : "birth",
      "whiteSpace" : false
    }, {
      "id" : "s0-t92",
      "begin" : 495,
      "end" : 497,
      "text" : "is",
      "whiteSpace" : false
    }, {
      "id" : "s0-t93",
      "begin" : 498,
      "end" : 508,
      "text" : "01/01/1999",
      "whiteSpace" : false
    }, {
      "id" : "s0-t94",
      "begin" : 510,
      "end" : 514,
      "text" : "tell",
      "whiteSpace" : false
    }, {
      "id" : "s0-t95",
      "begin" : 515,
      "end" : 517,
      "text" : "me",
      "whiteSpace" : false
    }, {
      "id" : "s0-t96",
      "begin" : 518,
      "end" : 522,
      "text" : "yoyr",
      "whiteSpace" : false
    }, {
      "id" : "s0-t97",
      "begin" : 523,
      "end" : 527,
      "text" : "name",
      "whiteSpace" : false
    }, {
      "id" : "s0-t98",
      "begin" : 528,
      "end" : 531,
      "text" : "and",
      "whiteSpace" : false
    }, {
      "id" : "s0-t99",
      "begin" : 532,
      "end" : 537,
      "text" : "email",
      "whiteSpace" : false
    }, {
      "id" : "s0-t100",
      "begin" : 538,
      "end" : 545,
      "text" : "details",
      "whiteSpace" : false
    }, {
      "id" : "s0-t101",
      "begin" : 547,
      "end" : 549,
      "text" : "my",
      "whiteSpace" : false
    }, {
      "id" : "s0-t102",
      "begin" : 550,
      "end" : 558,
      "text" : "employee",
      "whiteSpace" : false
    }, {
      "id" : "s0-t103",
      "begin" : 559,
      "end" : 561,
      "text" : "id",
      "whiteSpace" : false
    }, {
      "id" : "s0-t104",
      "begin" : 562,
      "end" : 564,
      "text" : "is",
      "whiteSpace" : false
    }, {
      "id" : "s0-t105",
      "begin" : 565,
      "end" : 571,
      "text" : "134000",
      "whiteSpace" : false
    }, {
      "id" : "s0-t106",
      "begin" : 573,
      "end" : 575,
      "text" : "My",
      "whiteSpace" : false
    }, {
      "id" : "s0-t107",
      "begin" : 576,
      "end" : 580,
      "text" : "name",
      "whiteSpace" : false
    }, {
      "id" : "s0-t108",
      "begin" : 581,
      "end" : 583,
      "text" : "is",
      "whiteSpace" : false
    }, {
      "id" : "s0-t109",
      "begin" : 584,
      "end" : 589,
      "text" : "Rahul",
      "whiteSpace" : false
    }, {
      "id" : "s0-t110",
      "begin" : 590,
      "end" : 595,
      "text" : "Gupta",
      "whiteSpace" : false
    }, {
      "id" : "s0-t111",
      "begin" : 597,
      "end" : 599,
      "text" : "my",
      "whiteSpace" : false
    }, {
      "id" : "s0-t112",
      "begin" : 600,
      "end" : 605,
      "text" : "email",
      "whiteSpace" : false
    }, {
      "id" : "s0-t113",
      "begin" : 606,
      "end" : 608,
      "text" : "id",
      "whiteSpace" : false
    }, {
      "id" : "s0-t114",
      "begin" : 609,
      "end" : 611,
      "text" : "is",
      "whiteSpace" : false
    }, {
      "id" : "s0-t115",
      "begin" : 612,
      "end" : 629,
      "text" : "rahul78@gmail.com",
      "whiteSpace" : false
    } ]
  } ],
  "mentions" : [ {
    "id" : "s0-m1",
    "properties" : {
      "SIRE_MENTION_ROLE" : "AccountNo",
      "SIRE_ENTITY_SUBTYPE" : "NONE",
      "SIRE_MENTION_TYPE" : "NONE",
      "SIRE_MENTION_CLASS" : "SPC"
    },
    "type" : "AccountNo",
    "begin" : 115,
    "end" : 125,
    "inCoref" : false
  }, {
    "id" : "s0-m2",
    "properties" : {
      "SIRE_MENTION_ROLE" : "MobileNo",
      "SIRE_ENTITY_SUBTYPE" : "NONE",
      "SIRE_MENTION_TYPE" : "NONE",
      "SIRE_MENTION_CLASS" : "SPC"
    },
    "type" : "MobileNo",
    "begin" : 143,
    "end" : 153,
    "inCoref" : false
  }, {
    "id" : "s0-m3",
    "properties" : {
      "SIRE_MENTION_ROLE" : "Company",
      "SIRE_ENTITY_SUBTYPE" : "NONE",
      "SIRE_MENTION_TYPE" : "NONE",
      "SIRE_MENTION_CLASS" : "SPC"
    },
    "type" : "Company",
    "begin" : 183,
    "end" : 194,
    "inCoref" : false
  }, {
    "id" : "s0-m5",
    "properties" : {
      "SIRE_MENTION_ROLE" : "AadharCardNo",
      "SIRE_ENTITY_SUBTYPE" : "NONE",
      "SIRE_MENTION_TYPE" : "NONE",
      "SIRE_MENTION_CLASS" : "SPC"
    },
    "type" : "AadharCardNo",
    "begin" : 329,
    "end" : 348,
    "inCoref" : false
  }, {
    "id" : "s0-m6",
    "properties" : {
      "SIRE_MENTION_ROLE" : "PanCard",
      "SIRE_ENTITY_SUBTYPE" : "NONE",
      "SIRE_MENTION_TYPE" : "NONE",
      "SIRE_MENTION_CLASS" : "SPC"
    },
    "type" : "PanCard",
    "begin" : 367,
    "end" : 377,
    "inCoref" : false
  }, {
    "id" : "s0-m7",
    "properties" : {
      "SIRE_MENTION_ROLE" : "Address",
      "SIRE_ENTITY_SUBTYPE" : "NONE",
      "SIRE_MENTION_TYPE" : "NONE",
      "SIRE_MENTION_CLASS" : "SPC"
    },
    "type" : "Address",
    "begin" : 393,
    "end" : 414,
    "inCoref" : false
  }, {
    "id" : "s0-m8",
    "properties" : {
      "SIRE_MENTION_ROLE" : "Price",
      "SIRE_ENTITY_SUBTYPE" : "NONE",
      "SIRE_MENTION_TYPE" : "NONE",
      "SIRE_MENTION_CLASS" : "SPC"
    },
    "type" : "Price",
    "begin" : 437,
    "end" : 441,
    "inCoref" : false
  }, {
    "id" : "s0-m9",
    "properties" : {
      "SIRE_MENTION_ROLE" : "Company",
      "SIRE_ENTITY_SUBTYPE" : "NONE",
      "SIRE_MENTION_TYPE" : "NONE",
      "SIRE_MENTION_CLASS" : "SPC"
    },
    "type" : "Company",
    "begin" : 458,
    "end" : 476,
    "inCoref" : false
  }, {
    "id" : "s0-m10",
    "properties" : {
      "SIRE_MENTION_ROLE" : "DOB",
      "SIRE_ENTITY_SUBTYPE" : "NONE",
      "SIRE_MENTION_TYPE" : "NONE",
      "SIRE_MENTION_CLASS" : "SPC"
    },
    "type" : "DOB",
    "begin" : 498,
    "end" : 508,
    "inCoref" : false
  }, {
    "id" : "s0-m11",
    "properties" : {
      "SIRE_MENTION_ROLE" : "EmployeeId",
      "SIRE_ENTITY_SUBTYPE" : "NONE",
      "SIRE_MENTION_TYPE" : "NONE",
      "SIRE_MENTION_CLASS" : "SPC"
    },
    "type" : "EmployeeId",
    "begin" : 565,
    "end" : 571,
    "inCoref" : false
  }, {
    "id" : "s0-m12",
    "properties" : {
      "SIRE_MENTION_ROLE" : "Name",
      "SIRE_ENTITY_SUBTYPE" : "NONE",
      "SIRE_MENTION_TYPE" : "NONE",
      "SIRE_MENTION_CLASS" : "SPC"
    },
    "type" : "Name",
    "begin" : 584,
    "end" : 595,
    "inCoref" : false
  }, {
    "id" : "s0-m13",
    "properties" : {
      "SIRE_MENTION_ROLE" : "EmailId",
      "SIRE_ENTITY_SUBTYPE" : "NONE",
      "SIRE_MENTION_TYPE" : "NONE",
      "SIRE_MENTION_CLASS" : "SPC"
    },
    "type" : "EmailId",
    "begin" : 612,
    "end" : 629,
    "inCoref" : false
  } ],
  "relations" : [ ],
  "corefs" : [ ],
  "typeResolved" : true,
  "userResolved" : false
}