{
  "id" : "d2f28200-3ce0-11e9-9a38-235c4e7dcc32-0",
  "name" : "data8.txt",
  "createdDate" : 0,
  "version" : 3,
  "text" : "Dear Sir,\r\nI am the top employee of this company\r\nMy name is anurag kumar\r\nI am a django developer\r\nmy email id is anurag@gmail.com\r\nI work at a very big company\r\nI work at OlX India\r\nmy birthday is on 18 January,1995\r\nTo know my employee details and to contact me see below\r\nmy employee id is 098765\r\nTo know my pancard details see below\r\nmy pancard id is UTPL0031C\r\nmy address is Mall Road, Chennai\r\nThanking you,\r\nYour's Respectfully\r\nAnurag\r\n",
  "docLength" : 0,
  "language" : "EN",
  "status" : "SUBMITTED",
  "modifiedDate" : 1551528866404,
  "documentSet" : [ ],
  "preannotation" : [ ],
  "sentences" : [ {
    "id" : "s0",
    "begin" : 0,
    "end" : 444,
    "text" : "Dear Sir,\r\nI am the top employee of this company\r\nMy name is anurag kumar\r\nI am a django developer\r\nmy email id is anurag@gmail.com\r\nI work at a very big company\r\nI work at OlX India\r\nmy birthday is on 18 January,1995\r\nTo know my employee details and to contact me see below\r\nmy employee id is 098765\r\nTo know my pancard details see below\r\nmy pancard id is UTPL0031C\r\nmy address is Mall Road, Chennai\r\nThanking you,\r\nYour's Respectfully\r\nAnurag",
    "tokens" : [ {
      "id" : "s0-t0",
      "begin" : 0,
      "end" : 4,
      "text" : "Dear",
      "whiteSpace" : false
    }, {
      "id" : "s0-t1",
      "begin" : 5,
      "end" : 8,
      "text" : "Sir",
      "whiteSpace" : false
    }, {
      "id" : "s0-t2",
      "begin" : 8,
      "end" : 9,
      "text" : ",",
      "whiteSpace" : false
    }, {
      "id" : "s0-t3",
      "begin" : 11,
      "end" : 12,
      "text" : "I",
      "whiteSpace" : false
    }, {
      "id" : "s0-t4",
      "begin" : 13,
      "end" : 15,
      "text" : "am",
      "whiteSpace" : false
    }, {
      "id" : "s0-t5",
      "begin" : 16,
      "end" : 19,
      "text" : "the",
      "whiteSpace" : false
    }, {
      "id" : "s0-t6",
      "begin" : 20,
      "end" : 23,
      "text" : "top",
      "whiteSpace" : false
    }, {
      "id" : "s0-t7",
      "begin" : 24,
      "end" : 32,
      "text" : "employee",
      "whiteSpace" : false
    }, {
      "id" : "s0-t8",
      "begin" : 33,
      "end" : 35,
      "text" : "of",
      "whiteSpace" : false
    }, {
      "id" : "s0-t9",
      "begin" : 36,
      "end" : 40,
      "text" : "this",
      "whiteSpace" : false
    }, {
      "id" : "s0-t10",
      "begin" : 41,
      "end" : 48,
      "text" : "company",
      "whiteSpace" : false
    }, {
      "id" : "s0-t11",
      "begin" : 50,
      "end" : 52,
      "text" : "My",
      "whiteSpace" : false
    }, {
      "id" : "s0-t12",
      "begin" : 53,
      "end" : 57,
      "text" : "name",
      "whiteSpace" : false
    }, {
      "id" : "s0-t13",
      "begin" : 58,
      "end" : 60,
      "text" : "is",
      "whiteSpace" : false
    }, {
      "id" : "s0-t14",
      "begin" : 61,
      "end" : 67,
      "text" : "anurag",
      "whiteSpace" : false
    }, {
      "id" : "s0-t15",
      "begin" : 68,
      "end" : 73,
      "text" : "kumar",
      "whiteSpace" : false
    }, {
      "id" : "s0-t16",
      "begin" : 75,
      "end" : 76,
      "text" : "I",
      "whiteSpace" : false
    }, {
      "id" : "s0-t17",
      "begin" : 77,
      "end" : 79,
      "text" : "am",
      "whiteSpace" : false
    }, {
      "id" : "s0-t18",
      "begin" : 80,
      "end" : 81,
      "text" : "a",
      "whiteSpace" : false
    }, {
      "id" : "s0-t19",
      "begin" : 82,
      "end" : 88,
      "text" : "django",
      "whiteSpace" : false
    }, {
      "id" : "s0-t20",
      "begin" : 89,
      "end" : 98,
      "text" : "developer",
      "whiteSpace" : false
    }, {
      "id" : "s0-t21",
      "begin" : 100,
      "end" : 102,
      "text" : "my",
      "whiteSpace" : false
    }, {
      "id" : "s0-t22",
      "begin" : 103,
      "end" : 108,
      "text" : "email",
      "whiteSpace" : false
    }, {
      "id" : "s0-t23",
      "begin" : 109,
      "end" : 111,
      "text" : "id",
      "whiteSpace" : false
    }, {
      "id" : "s0-t24",
      "begin" : 112,
      "end" : 114,
      "text" : "is",
      "whiteSpace" : false
    }, {
      "id" : "s0-t25",
      "begin" : 115,
      "end" : 131,
      "text" : "anurag@gmail.com",
      "whiteSpace" : false
    }, {
      "id" : "s0-t26",
      "begin" : 133,
      "end" : 134,
      "text" : "I",
      "whiteSpace" : false
    }, {
      "id" : "s0-t27",
      "begin" : 135,
      "end" : 139,
      "text" : "work",
      "whiteSpace" : false
    }, {
      "id" : "s0-t28",
      "begin" : 140,
      "end" : 142,
      "text" : "at",
      "whiteSpace" : false
    }, {
      "id" : "s0-t29",
      "begin" : 143,
      "end" : 144,
      "text" : "a",
      "whiteSpace" : false
    }, {
      "id" : "s0-t30",
      "begin" : 145,
      "end" : 149,
      "text" : "very",
      "whiteSpace" : false
    }, {
      "id" : "s0-t31",
      "begin" : 150,
      "end" : 153,
      "text" : "big",
      "whiteSpace" : false
    }, {
      "id" : "s0-t32",
      "begin" : 154,
      "end" : 161,
      "text" : "company",
      "whiteSpace" : false
    }, {
      "id" : "s0-t33",
      "begin" : 163,
      "end" : 164,
      "text" : "I",
      "whiteSpace" : false
    }, {
      "id" : "s0-t34",
      "begin" : 165,
      "end" : 169,
      "text" : "work",
      "whiteSpace" : false
    }, {
      "id" : "s0-t35",
      "begin" : 170,
      "end" : 172,
      "text" : "at",
      "whiteSpace" : false
    }, {
      "id" : "s0-t36",
      "begin" : 173,
      "end" : 176,
      "text" : "OlX",
      "whiteSpace" : false
    }, {
      "id" : "s0-t37",
      "begin" : 177,
      "end" : 182,
      "text" : "India",
      "whiteSpace" : false
    }, {
      "id" : "s0-t38",
      "begin" : 184,
      "end" : 186,
      "text" : "my",
      "whiteSpace" : false
    }, {
      "id" : "s0-t39",
      "begin" : 187,
      "end" : 195,
      "text" : "birthday",
      "whiteSpace" : false
    }, {
      "id" : "s0-t40",
      "begin" : 196,
      "end" : 198,
      "text" : "is",
      "whiteSpace" : false
    }, {
      "id" : "s0-t41",
      "begin" : 199,
      "end" : 201,
      "text" : "on",
      "whiteSpace" : false
    }, {
      "id" : "s0-t42",
      "begin" : 202,
      "end" : 204,
      "text" : "18",
      "whiteSpace" : false
    }, {
      "id" : "s0-t43",
      "begin" : 205,
      "end" : 212,
      "text" : "January",
      "whiteSpace" : false
    }, {
      "id" : "s0-t44",
      "begin" : 212,
      "end" : 213,
      "text" : ",",
      "whiteSpace" : false
    }, {
      "id" : "s0-t45",
      "begin" : 213,
      "end" : 217,
      "text" : "1995",
      "whiteSpace" : false
    }, {
      "id" : "s0-t46",
      "begin" : 219,
      "end" : 221,
      "text" : "To",
      "whiteSpace" : false
    }, {
      "id" : "s0-t47",
      "begin" : 222,
      "end" : 226,
      "text" : "know",
      "whiteSpace" : false
    }, {
      "id" : "s0-t48",
      "begin" : 227,
      "end" : 229,
      "text" : "my",
      "whiteSpace" : false
    }, {
      "id" : "s0-t49",
      "begin" : 230,
      "end" : 238,
      "text" : "employee",
      "whiteSpace" : false
    }, {
      "id" : "s0-t50",
      "begin" : 239,
      "end" : 246,
      "text" : "details",
      "whiteSpace" : false
    }, {
      "id" : "s0-t51",
      "begin" : 247,
      "end" : 250,
      "text" : "and",
      "whiteSpace" : false
    }, {
      "id" : "s0-t52",
      "begin" : 251,
      "end" : 253,
      "text" : "to",
      "whiteSpace" : false
    }, {
      "id" : "s0-t53",
      "begin" : 254,
      "end" : 261,
      "text" : "contact",
      "whiteSpace" : false
    }, {
      "id" : "s0-t54",
      "begin" : 262,
      "end" : 264,
      "text" : "me",
      "whiteSpace" : false
    }, {
      "id" : "s0-t55",
      "begin" : 265,
      "end" : 268,
      "text" : "see",
      "whiteSpace" : false
    }, {
      "id" : "s0-t56",
      "begin" : 269,
      "end" : 274,
      "text" : "below",
      "whiteSpace" : false
    }, {
      "id" : "s0-t57",
      "begin" : 276,
      "end" : 278,
      "text" : "my",
      "whiteSpace" : false
    }, {
      "id" : "s0-t58",
      "begin" : 279,
      "end" : 287,
      "text" : "employee",
      "whiteSpace" : false
    }, {
      "id" : "s0-t59",
      "begin" : 288,
      "end" : 290,
      "text" : "id",
      "whiteSpace" : false
    }, {
      "id" : "s0-t60",
      "begin" : 291,
      "end" : 293,
      "text" : "is",
      "whiteSpace" : false
    }, {
      "id" : "s0-t61",
      "begin" : 294,
      "end" : 300,
      "text" : "098765",
      "whiteSpace" : false
    }, {
      "id" : "s0-t62",
      "begin" : 302,
      "end" : 304,
      "text" : "To",
      "whiteSpace" : false
    }, {
      "id" : "s0-t63",
      "begin" : 305,
      "end" : 309,
      "text" : "know",
      "whiteSpace" : false
    }, {
      "id" : "s0-t64",
      "begin" : 310,
      "end" : 312,
      "text" : "my",
      "whiteSpace" : false
    }, {
      "id" : "s0-t65",
      "begin" : 313,
      "end" : 320,
      "text" : "pancard",
      "whiteSpace" : false
    }, {
      "id" : "s0-t66",
      "begin" : 321,
      "end" : 328,
      "text" : "details",
      "whiteSpace" : false
    }, {
      "id" : "s0-t67",
      "begin" : 329,
      "end" : 332,
      "text" : "see",
      "whiteSpace" : false
    }, {
      "id" : "s0-t68",
      "begin" : 333,
      "end" : 338,
      "text" : "below",
      "whiteSpace" : false
    }, {
      "id" : "s0-t69",
      "begin" : 340,
      "end" : 342,
      "text" : "my",
      "whiteSpace" : false
    }, {
      "id" : "s0-t70",
      "begin" : 343,
      "end" : 350,
      "text" : "pancard",
      "whiteSpace" : false
    }, {
      "id" : "s0-t71",
      "begin" : 351,
      "end" : 353,
      "text" : "id",
      "whiteSpace" : false
    }, {
      "id" : "s0-t72",
      "begin" : 354,
      "end" : 356,
      "text" : "is",
      "whiteSpace" : false
    }, {
      "id" : "s0-t73",
      "begin" : 357,
      "end" : 366,
      "text" : "UTPL0031C",
      "whiteSpace" : false
    }, {
      "id" : "s0-t74",
      "begin" : 368,
      "end" : 370,
      "text" : "my",
      "whiteSpace" : false
    }, {
      "id" : "s0-t75",
      "begin" : 371,
      "end" : 378,
      "text" : "address",
      "whiteSpace" : false
    }, {
      "id" : "s0-t76",
      "begin" : 379,
      "end" : 381,
      "text" : "is",
      "whiteSpace" : false
    }, {
      "id" : "s0-t77",
      "begin" : 382,
      "end" : 386,
      "text" : "Mall",
      "whiteSpace" : false
    }, {
      "id" : "s0-t78",
      "begin" : 387,
      "end" : 391,
      "text" : "Road",
      "whiteSpace" : false
    }, {
      "id" : "s0-t79",
      "begin" : 391,
      "end" : 392,
      "text" : ",",
      "whiteSpace" : false
    }, {
      "id" : "s0-t80",
      "begin" : 393,
      "end" : 400,
      "text" : "Chennai",
      "whiteSpace" : false
    }, {
      "id" : "s0-t81",
      "begin" : 402,
      "end" : 410,
      "text" : "Thanking",
      "whiteSpace" : false
    }, {
      "id" : "s0-t82",
      "begin" : 411,
      "end" : 414,
      "text" : "you",
      "whiteSpace" : false
    }, {
      "id" : "s0-t83",
      "begin" : 414,
      "end" : 415,
      "text" : ",",
      "whiteSpace" : false
    }, {
      "id" : "s0-t84",
      "begin" : 417,
      "end" : 421,
      "text" : "Your",
      "whiteSpace" : false
    }, {
      "id" : "s0-t85",
      "begin" : 421,
      "end" : 423,
      "text" : "'s",
      "whiteSpace" : false
    }, {
      "id" : "s0-t86",
      "begin" : 424,
      "end" : 436,
      "text" : "Respectfully",
      "whiteSpace" : false
    }, {
      "id" : "s0-t87",
      "begin" : 438,
      "end" : 444,
      "text" : "Anurag",
      "whiteSpace" : false
    } ]
  } ],
  "mentions" : [ {
    "id" : "s0-m1",
    "properties" : {
      "SIRE_MENTION_ROLE" : "Name",
      "SIRE_ENTITY_SUBTYPE" : "NONE",
      "SIRE_MENTION_TYPE" : "NONE",
      "SIRE_MENTION_CLASS" : "SPC"
    },
    "type" : "Name",
    "begin" : 61,
    "end" : 73,
    "inCoref" : false
  }, {
    "id" : "s0-m2",
    "properties" : {
      "SIRE_MENTION_ROLE" : "EmailId",
      "SIRE_ENTITY_SUBTYPE" : "NONE",
      "SIRE_MENTION_TYPE" : "NONE",
      "SIRE_MENTION_CLASS" : "SPC"
    },
    "type" : "EmailId",
    "begin" : 115,
    "end" : 131,
    "inCoref" : false
  }, {
    "id" : "s0-m3",
    "properties" : {
      "SIRE_MENTION_ROLE" : "Company",
      "SIRE_ENTITY_SUBTYPE" : "NONE",
      "SIRE_MENTION_TYPE" : "NONE",
      "SIRE_MENTION_CLASS" : "SPC"
    },
    "type" : "Company",
    "begin" : 173,
    "end" : 182,
    "inCoref" : false
  }, {
    "id" : "s0-m4",
    "properties" : {
      "SIRE_MENTION_ROLE" : "DOB",
      "SIRE_ENTITY_SUBTYPE" : "NONE",
      "SIRE_MENTION_TYPE" : "NONE",
      "SIRE_MENTION_CLASS" : "SPC"
    },
    "type" : "DOB",
    "begin" : 202,
    "end" : 217,
    "inCoref" : false
  }, {
    "id" : "s0-m5",
    "properties" : {
      "SIRE_MENTION_ROLE" : "EmployeeId",
      "SIRE_ENTITY_SUBTYPE" : "NONE",
      "SIRE_MENTION_TYPE" : "NONE",
      "SIRE_MENTION_CLASS" : "SPC"
    },
    "type" : "EmployeeId",
    "begin" : 294,
    "end" : 300,
    "inCoref" : false
  }, {
    "id" : "s0-m6",
    "properties" : {
      "SIRE_MENTION_ROLE" : "PanCard",
      "SIRE_ENTITY_SUBTYPE" : "NONE",
      "SIRE_MENTION_TYPE" : "NONE",
      "SIRE_MENTION_CLASS" : "SPC"
    },
    "type" : "PanCard",
    "begin" : 357,
    "end" : 366,
    "inCoref" : false
  }, {
    "id" : "s0-m7",
    "properties" : {
      "SIRE_MENTION_ROLE" : "Address",
      "SIRE_ENTITY_SUBTYPE" : "NONE",
      "SIRE_MENTION_TYPE" : "NONE",
      "SIRE_MENTION_CLASS" : "SPC"
    },
    "type" : "Address",
    "begin" : 382,
    "end" : 400,
    "inCoref" : false
  }, {
    "id" : "s0-m8",
    "properties" : {
      "SIRE_MENTION_ROLE" : "Name",
      "SIRE_ENTITY_SUBTYPE" : "NONE",
      "SIRE_MENTION_TYPE" : "NONE",
      "SIRE_MENTION_CLASS" : "SPC"
    },
    "type" : "Name",
    "begin" : 438,
    "end" : 444,
    "inCoref" : false
  } ],
  "relations" : [ ],
  "corefs" : [ ],
  "typeResolved" : true,
  "userResolved" : false
}