{
  "id" : "d60df2d0-3ce0-11e9-9a38-235c4e7dcc32-0",
  "name" : "data9.txt",
  "createdDate" : 0,
  "version" : 3,
  "text" : "This is Vini thakur.\r\nhow can i help you?\r\n Hi, this is John.\r\nI wanted to request for pickup of car service\r\nSure, I can help you.\r\nFor verification purpose may I know your aadhar number, date of birth and\r\nemail id to check for promo deals Caller: Aadhar nummber is 858-0556-4344-4567,\r\ndate of birth is April 8th 1989 and email is vivi@yahoo.com\r\nRep: I have pulled up the aadhar details.\r\ncan you verify communication address for the Car pickup Caller: Plot 2/S BTM II Stage,\r\nBangalore\r\nRep: May I have your phone number Caller : 9090343490\r\nRep:Thanks for providing the details.\r\nYour vehicle will be picked up tommorow\r\n",
  "docLength" : 0,
  "language" : "EN",
  "status" : "SUBMITTED",
  "modifiedDate" : 1551528922666,
  "documentSet" : [ ],
  "preannotation" : [ ],
  "sentences" : [ {
    "id" : "s0",
    "begin" : 0,
    "end" : 20,
    "text" : "This is Vini thakur.",
    "tokens" : [ {
      "id" : "s0-t0",
      "begin" : 0,
      "end" : 4,
      "text" : "This",
      "whiteSpace" : false
    }, {
      "id" : "s0-t1",
      "begin" : 5,
      "end" : 7,
      "text" : "is",
      "whiteSpace" : false
    }, {
      "id" : "s0-t2",
      "begin" : 8,
      "end" : 12,
      "text" : "Vini",
      "whiteSpace" : false
    }, {
      "id" : "s0-t3",
      "begin" : 13,
      "end" : 19,
      "text" : "thakur",
      "whiteSpace" : false
    }, {
      "id" : "s0-t4",
      "begin" : 19,
      "end" : 20,
      "text" : ".",
      "whiteSpace" : false
    } ]
  }, {
    "id" : "s1",
    "begin" : 22,
    "end" : 41,
    "text" : "how can i help you?",
    "tokens" : [ {
      "id" : "s1-t0",
      "begin" : 22,
      "end" : 25,
      "text" : "how",
      "whiteSpace" : false
    }, {
      "id" : "s1-t1",
      "begin" : 26,
      "end" : 29,
      "text" : "can",
      "whiteSpace" : false
    }, {
      "id" : "s1-t2",
      "begin" : 30,
      "end" : 31,
      "text" : "i",
      "whiteSpace" : false
    }, {
      "id" : "s1-t3",
      "begin" : 32,
      "end" : 36,
      "text" : "help",
      "whiteSpace" : false
    }, {
      "id" : "s1-t4",
      "begin" : 37,
      "end" : 40,
      "text" : "you",
      "whiteSpace" : false
    }, {
      "id" : "s1-t5",
      "begin" : 40,
      "end" : 41,
      "text" : "?",
      "whiteSpace" : false
    } ]
  }, {
    "id" : "s2",
    "begin" : 44,
    "end" : 61,
    "text" : "Hi, this is John.",
    "tokens" : [ {
      "id" : "s2-t0",
      "begin" : 44,
      "end" : 46,
      "text" : "Hi",
      "whiteSpace" : false
    }, {
      "id" : "s2-t1",
      "begin" : 46,
      "end" : 47,
      "text" : ",",
      "whiteSpace" : false
    }, {
      "id" : "s2-t2",
      "begin" : 48,
      "end" : 52,
      "text" : "this",
      "whiteSpace" : false
    }, {
      "id" : "s2-t3",
      "begin" : 53,
      "end" : 55,
      "text" : "is",
      "whiteSpace" : false
    }, {
      "id" : "s2-t4",
      "begin" : 56,
      "end" : 60,
      "text" : "John",
      "whiteSpace" : false
    }, {
      "id" : "s2-t5",
      "begin" : 60,
      "end" : 61,
      "text" : ".",
      "whiteSpace" : false
    } ]
  }, {
    "id" : "s3",
    "begin" : 63,
    "end" : 131,
    "text" : "I wanted to request for pickup of car service\r\nSure, I can help you.",
    "tokens" : [ {
      "id" : "s3-t0",
      "begin" : 63,
      "end" : 64,
      "text" : "I",
      "whiteSpace" : false
    }, {
      "id" : "s3-t1",
      "begin" : 65,
      "end" : 71,
      "text" : "wanted",
      "whiteSpace" : false
    }, {
      "id" : "s3-t2",
      "begin" : 72,
      "end" : 74,
      "text" : "to",
      "whiteSpace" : false
    }, {
      "id" : "s3-t3",
      "begin" : 75,
      "end" : 82,
      "text" : "request",
      "whiteSpace" : false
    }, {
      "id" : "s3-t4",
      "begin" : 83,
      "end" : 86,
      "text" : "for",
      "whiteSpace" : false
    }, {
      "id" : "s3-t5",
      "begin" : 87,
      "end" : 93,
      "text" : "pickup",
      "whiteSpace" : false
    }, {
      "id" : "s3-t6",
      "begin" : 94,
      "end" : 96,
      "text" : "of",
      "whiteSpace" : false
    }, {
      "id" : "s3-t7",
      "begin" : 97,
      "end" : 100,
      "text" : "car",
      "whiteSpace" : false
    }, {
      "id" : "s3-t8",
      "begin" : 101,
      "end" : 108,
      "text" : "service",
      "whiteSpace" : false
    }, {
      "id" : "s3-t9",
      "begin" : 110,
      "end" : 114,
      "text" : "Sure",
      "whiteSpace" : false
    }, {
      "id" : "s3-t10",
      "begin" : 114,
      "end" : 115,
      "text" : ",",
      "whiteSpace" : false
    }, {
      "id" : "s3-t11",
      "begin" : 116,
      "end" : 117,
      "text" : "I",
      "whiteSpace" : false
    }, {
      "id" : "s3-t12",
      "begin" : 118,
      "end" : 121,
      "text" : "can",
      "whiteSpace" : false
    }, {
      "id" : "s3-t13",
      "begin" : 122,
      "end" : 126,
      "text" : "help",
      "whiteSpace" : false
    }, {
      "id" : "s3-t14",
      "begin" : 127,
      "end" : 130,
      "text" : "you",
      "whiteSpace" : false
    }, {
      "id" : "s3-t15",
      "begin" : 130,
      "end" : 131,
      "text" : ".",
      "whiteSpace" : false
    } ]
  }, {
    "id" : "s4",
    "begin" : 133,
    "end" : 391,
    "text" : "For verification purpose may I know your aadhar number, date of birth and\r\nemail id to check for promo deals Caller: Aadhar nummber is 858-0556-4344-4567,\r\ndate of birth is April 8th 1989 and email is vivi@yahoo.com\r\nRep: I have pulled up the aadhar details.",
    "tokens" : [ {
      "id" : "s4-t0",
      "begin" : 133,
      "end" : 136,
      "text" : "For",
      "whiteSpace" : false
    }, {
      "id" : "s4-t1",
      "begin" : 137,
      "end" : 149,
      "text" : "verification",
      "whiteSpace" : false
    }, {
      "id" : "s4-t2",
      "begin" : 150,
      "end" : 157,
      "text" : "purpose",
      "whiteSpace" : false
    }, {
      "id" : "s4-t3",
      "begin" : 158,
      "end" : 161,
      "text" : "may",
      "whiteSpace" : false
    }, {
      "id" : "s4-t4",
      "begin" : 162,
      "end" : 163,
      "text" : "I",
      "whiteSpace" : false
    }, {
      "id" : "s4-t5",
      "begin" : 164,
      "end" : 168,
      "text" : "know",
      "whiteSpace" : false
    }, {
      "id" : "s4-t6",
      "begin" : 169,
      "end" : 173,
      "text" : "your",
      "whiteSpace" : false
    }, {
      "id" : "s4-t7",
      "begin" : 174,
      "end" : 180,
      "text" : "aadhar",
      "whiteSpace" : false
    }, {
      "id" : "s4-t8",
      "begin" : 181,
      "end" : 187,
      "text" : "number",
      "whiteSpace" : false
    }, {
      "id" : "s4-t9",
      "begin" : 187,
      "end" : 188,
      "text" : ",",
      "whiteSpace" : false
    }, {
      "id" : "s4-t10",
      "begin" : 189,
      "end" : 193,
      "text" : "date",
      "whiteSpace" : false
    }, {
      "id" : "s4-t11",
      "begin" : 194,
      "end" : 196,
      "text" : "of",
      "whiteSpace" : false
    }, {
      "id" : "s4-t12",
      "begin" : 197,
      "end" : 202,
      "text" : "birth",
      "whiteSpace" : false
    }, {
      "id" : "s4-t13",
      "begin" : 203,
      "end" : 206,
      "text" : "and",
      "whiteSpace" : false
    }, {
      "id" : "s4-t14",
      "begin" : 208,
      "end" : 213,
      "text" : "email",
      "whiteSpace" : false
    }, {
      "id" : "s4-t15",
      "begin" : 214,
      "end" : 216,
      "text" : "id",
      "whiteSpace" : false
    }, {
      "id" : "s4-t16",
      "begin" : 217,
      "end" : 219,
      "text" : "to",
      "whiteSpace" : false
    }, {
      "id" : "s4-t17",
      "begin" : 220,
      "end" : 225,
      "text" : "check",
      "whiteSpace" : false
    }, {
      "id" : "s4-t18",
      "begin" : 226,
      "end" : 229,
      "text" : "for",
      "whiteSpace" : false
    }, {
      "id" : "s4-t19",
      "begin" : 230,
      "end" : 235,
      "text" : "promo",
      "whiteSpace" : false
    }, {
      "id" : "s4-t20",
      "begin" : 236,
      "end" : 241,
      "text" : "deals",
      "whiteSpace" : false
    }, {
      "id" : "s4-t21",
      "begin" : 242,
      "end" : 248,
      "text" : "Caller",
      "whiteSpace" : false
    }, {
      "id" : "s4-t22",
      "begin" : 248,
      "end" : 249,
      "text" : ":",
      "whiteSpace" : false
    }, {
      "id" : "s4-t23",
      "begin" : 250,
      "end" : 256,
      "text" : "Aadhar",
      "whiteSpace" : false
    }, {
      "id" : "s4-t24",
      "begin" : 257,
      "end" : 264,
      "text" : "nummber",
      "whiteSpace" : false
    }, {
      "id" : "s4-t25",
      "begin" : 265,
      "end" : 267,
      "text" : "is",
      "whiteSpace" : false
    }, {
      "id" : "s4-t26",
      "begin" : 268,
      "end" : 286,
      "text" : "858-0556-4344-4567",
      "whiteSpace" : false
    }, {
      "id" : "s4-t27",
      "begin" : 286,
      "end" : 287,
      "text" : ",",
      "whiteSpace" : false
    }, {
      "id" : "s4-t28",
      "begin" : 289,
      "end" : 293,
      "text" : "date",
      "whiteSpace" : false
    }, {
      "id" : "s4-t29",
      "begin" : 294,
      "end" : 296,
      "text" : "of",
      "whiteSpace" : false
    }, {
      "id" : "s4-t30",
      "begin" : 297,
      "end" : 302,
      "text" : "birth",
      "whiteSpace" : false
    }, {
      "id" : "s4-t31",
      "begin" : 303,
      "end" : 305,
      "text" : "is",
      "whiteSpace" : false
    }, {
      "id" : "s4-t32",
      "begin" : 306,
      "end" : 311,
      "text" : "April",
      "whiteSpace" : false
    }, {
      "id" : "s4-t33",
      "begin" : 312,
      "end" : 315,
      "text" : "8th",
      "whiteSpace" : false
    }, {
      "id" : "s4-t34",
      "begin" : 316,
      "end" : 320,
      "text" : "1989",
      "whiteSpace" : false
    }, {
      "id" : "s4-t35",
      "begin" : 321,
      "end" : 324,
      "text" : "and",
      "whiteSpace" : false
    }, {
      "id" : "s4-t36",
      "begin" : 325,
      "end" : 330,
      "text" : "email",
      "whiteSpace" : false
    }, {
      "id" : "s4-t37",
      "begin" : 331,
      "end" : 333,
      "text" : "is",
      "whiteSpace" : false
    }, {
      "id" : "s4-t38",
      "begin" : 334,
      "end" : 348,
      "text" : "vivi@yahoo.com",
      "whiteSpace" : false
    }, {
      "id" : "s4-t39",
      "begin" : 350,
      "end" : 353,
      "text" : "Rep",
      "whiteSpace" : false
    }, {
      "id" : "s4-t40",
      "begin" : 353,
      "end" : 354,
      "text" : ":",
      "whiteSpace" : false
    }, {
      "id" : "s4-t41",
      "begin" : 355,
      "end" : 356,
      "text" : "I",
      "whiteSpace" : false
    }, {
      "id" : "s4-t42",
      "begin" : 357,
      "end" : 361,
      "text" : "have",
      "whiteSpace" : false
    }, {
      "id" : "s4-t43",
      "begin" : 362,
      "end" : 368,
      "text" : "pulled",
      "whiteSpace" : false
    }, {
      "id" : "s4-t44",
      "begin" : 369,
      "end" : 371,
      "text" : "up",
      "whiteSpace" : false
    }, {
      "id" : "s4-t45",
      "begin" : 372,
      "end" : 375,
      "text" : "the",
      "whiteSpace" : false
    }, {
      "id" : "s4-t46",
      "begin" : 376,
      "end" : 382,
      "text" : "aadhar",
      "whiteSpace" : false
    }, {
      "id" : "s4-t47",
      "begin" : 383,
      "end" : 390,
      "text" : "details",
      "whiteSpace" : false
    }, {
      "id" : "s4-t48",
      "begin" : 390,
      "end" : 391,
      "text" : ".",
      "whiteSpace" : false
    } ]
  }, {
    "id" : "s5",
    "begin" : 393,
    "end" : 584,
    "text" : "can you verify communication address for the Car pickup Caller: Plot 2/S BTM II Stage,\r\nBangalore\r\nRep: May I have your phone number Caller : 9090343490\r\nRep:Thanks for providing the details.",
    "tokens" : [ {
      "id" : "s5-t0",
      "begin" : 393,
      "end" : 396,
      "text" : "can",
      "whiteSpace" : false
    }, {
      "id" : "s5-t1",
      "begin" : 397,
      "end" : 400,
      "text" : "you",
      "whiteSpace" : false
    }, {
      "id" : "s5-t2",
      "begin" : 401,
      "end" : 407,
      "text" : "verify",
      "whiteSpace" : false
    }, {
      "id" : "s5-t3",
      "begin" : 408,
      "end" : 421,
      "text" : "communication",
      "whiteSpace" : false
    }, {
      "id" : "s5-t4",
      "begin" : 422,
      "end" : 429,
      "text" : "address",
      "whiteSpace" : false
    }, {
      "id" : "s5-t5",
      "begin" : 430,
      "end" : 433,
      "text" : "for",
      "whiteSpace" : false
    }, {
      "id" : "s5-t6",
      "begin" : 434,
      "end" : 437,
      "text" : "the",
      "whiteSpace" : false
    }, {
      "id" : "s5-t7",
      "begin" : 438,
      "end" : 441,
      "text" : "Car",
      "whiteSpace" : false
    }, {
      "id" : "s5-t8",
      "begin" : 442,
      "end" : 448,
      "text" : "pickup",
      "whiteSpace" : false
    }, {
      "id" : "s5-t9",
      "begin" : 449,
      "end" : 455,
      "text" : "Caller",
      "whiteSpace" : false
    }, {
      "id" : "s5-t10",
      "begin" : 455,
      "end" : 456,
      "text" : ":",
      "whiteSpace" : false
    }, {
      "id" : "s5-t11",
      "begin" : 457,
      "end" : 461,
      "text" : "Plot",
      "whiteSpace" : false
    }, {
      "id" : "s5-t12",
      "begin" : 462,
      "end" : 465,
      "text" : "2/S",
      "whiteSpace" : false
    }, {
      "id" : "s5-t13",
      "begin" : 466,
      "end" : 469,
      "text" : "BTM",
      "whiteSpace" : false
    }, {
      "id" : "s5-t14",
      "begin" : 470,
      "end" : 472,
      "text" : "II",
      "whiteSpace" : false
    }, {
      "id" : "s5-t15",
      "begin" : 473,
      "end" : 478,
      "text" : "Stage",
      "whiteSpace" : false
    }, {
      "id" : "s5-t16",
      "begin" : 478,
      "end" : 479,
      "text" : ",",
      "whiteSpace" : false
    }, {
      "id" : "s5-t17",
      "begin" : 481,
      "end" : 490,
      "text" : "Bangalore",
      "whiteSpace" : false
    }, {
      "id" : "s5-t18",
      "begin" : 492,
      "end" : 495,
      "text" : "Rep",
      "whiteSpace" : false
    }, {
      "id" : "s5-t19",
      "begin" : 495,
      "end" : 496,
      "text" : ":",
      "whiteSpace" : false
    }, {
      "id" : "s5-t20",
      "begin" : 497,
      "end" : 500,
      "text" : "May",
      "whiteSpace" : false
    }, {
      "id" : "s5-t21",
      "begin" : 501,
      "end" : 502,
      "text" : "I",
      "whiteSpace" : false
    }, {
      "id" : "s5-t22",
      "begin" : 503,
      "end" : 507,
      "text" : "have",
      "whiteSpace" : false
    }, {
      "id" : "s5-t23",
      "begin" : 508,
      "end" : 512,
      "text" : "your",
      "whiteSpace" : false
    }, {
      "id" : "s5-t24",
      "begin" : 513,
      "end" : 518,
      "text" : "phone",
      "whiteSpace" : false
    }, {
      "id" : "s5-t25",
      "begin" : 519,
      "end" : 525,
      "text" : "number",
      "whiteSpace" : false
    }, {
      "id" : "s5-t26",
      "begin" : 526,
      "end" : 532,
      "text" : "Caller",
      "whiteSpace" : false
    }, {
      "id" : "s5-t27",
      "begin" : 533,
      "end" : 534,
      "text" : ":",
      "whiteSpace" : false
    }, {
      "id" : "s5-t28",
      "begin" : 535,
      "end" : 545,
      "text" : "9090343490",
      "whiteSpace" : false
    }, {
      "id" : "s5-t29",
      "begin" : 547,
      "end" : 550,
      "text" : "Rep",
      "whiteSpace" : false
    }, {
      "id" : "s5-t30",
      "begin" : 550,
      "end" : 551,
      "text" : ":",
      "whiteSpace" : false
    }, {
      "id" : "s5-t31",
      "begin" : 551,
      "end" : 557,
      "text" : "Thanks",
      "whiteSpace" : false
    }, {
      "id" : "s5-t32",
      "begin" : 558,
      "end" : 561,
      "text" : "for",
      "whiteSpace" : false
    }, {
      "id" : "s5-t33",
      "begin" : 562,
      "end" : 571,
      "text" : "providing",
      "whiteSpace" : false
    }, {
      "id" : "s5-t34",
      "begin" : 572,
      "end" : 575,
      "text" : "the",
      "whiteSpace" : false
    }, {
      "id" : "s5-t35",
      "begin" : 576,
      "end" : 583,
      "text" : "details",
      "whiteSpace" : false
    }, {
      "id" : "s5-t36",
      "begin" : 583,
      "end" : 584,
      "text" : ".",
      "whiteSpace" : false
    } ]
  }, {
    "id" : "s6",
    "begin" : 586,
    "end" : 625,
    "text" : "Your vehicle will be picked up tommorow",
    "tokens" : [ {
      "id" : "s6-t0",
      "begin" : 586,
      "end" : 590,
      "text" : "Your",
      "whiteSpace" : false
    }, {
      "id" : "s6-t1",
      "begin" : 591,
      "end" : 598,
      "text" : "vehicle",
      "whiteSpace" : false
    }, {
      "id" : "s6-t2",
      "begin" : 599,
      "end" : 603,
      "text" : "will",
      "whiteSpace" : false
    }, {
      "id" : "s6-t3",
      "begin" : 604,
      "end" : 606,
      "text" : "be",
      "whiteSpace" : false
    }, {
      "id" : "s6-t4",
      "begin" : 607,
      "end" : 613,
      "text" : "picked",
      "whiteSpace" : false
    }, {
      "id" : "s6-t5",
      "begin" : 614,
      "end" : 616,
      "text" : "up",
      "whiteSpace" : false
    }, {
      "id" : "s6-t6",
      "begin" : 617,
      "end" : 625,
      "text" : "tommorow",
      "whiteSpace" : false
    } ]
  } ],
  "mentions" : [ {
    "id" : "s0-m1",
    "properties" : {
      "SIRE_MENTION_ROLE" : "Name",
      "SIRE_ENTITY_SUBTYPE" : "NONE",
      "SIRE_MENTION_TYPE" : "NONE",
      "SIRE_MENTION_CLASS" : "SPC"
    },
    "type" : "Name",
    "begin" : 8,
    "end" : 19,
    "inCoref" : false
  }, {
    "id" : "s2-m1",
    "properties" : {
      "SIRE_MENTION_ROLE" : "Name",
      "SIRE_ENTITY_SUBTYPE" : "NONE",
      "SIRE_MENTION_TYPE" : "NONE",
      "SIRE_MENTION_CLASS" : "SPC"
    },
    "type" : "Name",
    "begin" : 56,
    "end" : 60,
    "inCoref" : false
  }, {
    "id" : "s4-m1",
    "properties" : {
      "SIRE_MENTION_ROLE" : "AadharCardNo",
      "SIRE_ENTITY_SUBTYPE" : "NONE",
      "SIRE_MENTION_TYPE" : "NONE",
      "SIRE_MENTION_CLASS" : "SPC"
    },
    "type" : "AadharCardNo",
    "begin" : 268,
    "end" : 286,
    "inCoref" : false
  }, {
    "id" : "s4-m2",
    "properties" : {
      "SIRE_MENTION_ROLE" : "DOB",
      "SIRE_ENTITY_SUBTYPE" : "NONE",
      "SIRE_MENTION_TYPE" : "NONE",
      "SIRE_MENTION_CLASS" : "SPC"
    },
    "type" : "DOB",
    "begin" : 306,
    "end" : 320,
    "inCoref" : false
  }, {
    "id" : "s4-m3",
    "properties" : {
      "SIRE_MENTION_ROLE" : "EmailId",
      "SIRE_ENTITY_SUBTYPE" : "NONE",
      "SIRE_MENTION_TYPE" : "NONE",
      "SIRE_MENTION_CLASS" : "SPC"
    },
    "type" : "EmailId",
    "begin" : 334,
    "end" : 348,
    "inCoref" : false
  }, {
    "id" : "s5-m2",
    "properties" : {
      "SIRE_MENTION_ROLE" : "Address",
      "SIRE_ENTITY_SUBTYPE" : "NONE",
      "SIRE_MENTION_TYPE" : "NONE",
      "SIRE_MENTION_CLASS" : "SPC"
    },
    "type" : "Address",
    "begin" : 457,
    "end" : 490,
    "inCoref" : false
  }, {
    "id" : "s5-m1",
    "properties" : {
      "SIRE_MENTION_ROLE" : "MobileNo",
      "SIRE_ENTITY_SUBTYPE" : "NONE",
      "SIRE_MENTION_TYPE" : "NONE",
      "SIRE_MENTION_CLASS" : "SPC"
    },
    "type" : "MobileNo",
    "begin" : 535,
    "end" : 545,
    "inCoref" : false
  } ],
  "relations" : [ ],
  "corefs" : [ ],
  "typeResolved" : true,
  "userResolved" : false
}