{
  "id" : "daf80920-3ce0-11e9-a384-4d0969022ab9-0",
  "name" : "data10.txt",
  "createdDate" : 0,
  "version" : 3,
  "text" : "Dear Sir,\r\nMy name is Gaurav I am from Alpha Company. I am a good machine learning Engineer\r\nmy email id is gaurav4@gmail.com and my date of birth is 19/0/1995\r\nfor giving me an salary my bank account no is 6011230981\r\nPlease contact me at my mobile no is 9217480378\r\nFor my verification my aadhar no is 9008-4556-4344-0067\r\nIncome gst can be refered from my pancard id which is AAAPL1234C\r\nI live at sector-23,ring Road,Jabalpur\r\nMy salary is $8,038 and I hope you will litsen to my complaints and take necessary actions\r\nthanking you,\r\nyour's respectfully,\r\nGaurav\r\n",
  "docLength" : 0,
  "language" : "EN",
  "status" : "SUBMITTED",
  "modifiedDate" : 1551529020044,
  "documentSet" : [ ],
  "preannotation" : [ ],
  "sentences" : [ {
    "id" : "s0",
    "begin" : 0,
    "end" : 53,
    "text" : "Dear Sir,\r\nMy name is Gaurav I am from Alpha Company.",
    "tokens" : [ {
      "id" : "s0-t0",
      "begin" : 0,
      "end" : 4,
      "text" : "Dear",
      "whiteSpace" : false
    }, {
      "id" : "s0-t1",
      "begin" : 5,
      "end" : 8,
      "text" : "Sir",
      "whiteSpace" : false
    }, {
      "id" : "s0-t2",
      "begin" : 8,
      "end" : 9,
      "text" : ",",
      "whiteSpace" : false
    }, {
      "id" : "s0-t3",
      "begin" : 11,
      "end" : 13,
      "text" : "My",
      "whiteSpace" : false
    }, {
      "id" : "s0-t4",
      "begin" : 14,
      "end" : 18,
      "text" : "name",
      "whiteSpace" : false
    }, {
      "id" : "s0-t5",
      "begin" : 19,
      "end" : 21,
      "text" : "is",
      "whiteSpace" : false
    }, {
      "id" : "s0-t6",
      "begin" : 22,
      "end" : 28,
      "text" : "Gaurav",
      "whiteSpace" : false
    }, {
      "id" : "s0-t7",
      "begin" : 29,
      "end" : 30,
      "text" : "I",
      "whiteSpace" : false
    }, {
      "id" : "s0-t8",
      "begin" : 31,
      "end" : 33,
      "text" : "am",
      "whiteSpace" : false
    }, {
      "id" : "s0-t9",
      "begin" : 34,
      "end" : 38,
      "text" : "from",
      "whiteSpace" : false
    }, {
      "id" : "s0-t10",
      "begin" : 39,
      "end" : 44,
      "text" : "Alpha",
      "whiteSpace" : false
    }, {
      "id" : "s0-t11",
      "begin" : 45,
      "end" : 52,
      "text" : "Company",
      "whiteSpace" : false
    }, {
      "id" : "s0-t12",
      "begin" : 52,
      "end" : 53,
      "text" : ".",
      "whiteSpace" : false
    } ]
  }, {
    "id" : "s1",
    "begin" : 54,
    "end" : 566,
    "text" : "I am a good machine learning Engineer\r\nmy email id is gaurav4@gmail.com and my date of birth is 19/0/1995\r\nfor giving me an salary my bank account no is 6011230981\r\nPlease contact me at my mobile no is 9217480378\r\nFor my verification my aadhar no is 9008-4556-4344-0067\r\nIncome gst can be refered from my pancard id which is AAAPL1234C\r\nI live at sector-23,ring Road,Jabalpur\r\nMy salary is $8,038 and I hope you will litsen to my complaints and take necessary actions\r\nthanking you,\r\nyour's respectfully,\r\nGaurav",
    "tokens" : [ {
      "id" : "s1-t0",
      "begin" : 54,
      "end" : 55,
      "text" : "I",
      "whiteSpace" : false
    }, {
      "id" : "s1-t1",
      "begin" : 56,
      "end" : 58,
      "text" : "am",
      "whiteSpace" : false
    }, {
      "id" : "s1-t2",
      "begin" : 59,
      "end" : 60,
      "text" : "a",
      "whiteSpace" : false
    }, {
      "id" : "s1-t3",
      "begin" : 61,
      "end" : 65,
      "text" : "good",
      "whiteSpace" : false
    }, {
      "id" : "s1-t4",
      "begin" : 66,
      "end" : 73,
      "text" : "machine",
      "whiteSpace" : false
    }, {
      "id" : "s1-t5",
      "begin" : 74,
      "end" : 82,
      "text" : "learning",
      "whiteSpace" : false
    }, {
      "id" : "s1-t6",
      "begin" : 83,
      "end" : 91,
      "text" : "Engineer",
      "whiteSpace" : false
    }, {
      "id" : "s1-t7",
      "begin" : 93,
      "end" : 95,
      "text" : "my",
      "whiteSpace" : false
    }, {
      "id" : "s1-t8",
      "begin" : 96,
      "end" : 101,
      "text" : "email",
      "whiteSpace" : false
    }, {
      "id" : "s1-t9",
      "begin" : 102,
      "end" : 104,
      "text" : "id",
      "whiteSpace" : false
    }, {
      "id" : "s1-t10",
      "begin" : 105,
      "end" : 107,
      "text" : "is",
      "whiteSpace" : false
    }, {
      "id" : "s1-t11",
      "begin" : 108,
      "end" : 125,
      "text" : "gaurav4@gmail.com",
      "whiteSpace" : false
    }, {
      "id" : "s1-t12",
      "begin" : 126,
      "end" : 129,
      "text" : "and",
      "whiteSpace" : false
    }, {
      "id" : "s1-t13",
      "begin" : 130,
      "end" : 132,
      "text" : "my",
      "whiteSpace" : false
    }, {
      "id" : "s1-t14",
      "begin" : 133,
      "end" : 137,
      "text" : "date",
      "whiteSpace" : false
    }, {
      "id" : "s1-t15",
      "begin" : 138,
      "end" : 140,
      "text" : "of",
      "whiteSpace" : false
    }, {
      "id" : "s1-t16",
      "begin" : 141,
      "end" : 146,
      "text" : "birth",
      "whiteSpace" : false
    }, {
      "id" : "s1-t17",
      "begin" : 147,
      "end" : 149,
      "text" : "is",
      "whiteSpace" : false
    }, {
      "id" : "s1-t18",
      "begin" : 150,
      "end" : 159,
      "text" : "19/0/1995",
      "whiteSpace" : false
    }, {
      "id" : "s1-t19",
      "begin" : 161,
      "end" : 164,
      "text" : "for",
      "whiteSpace" : false
    }, {
      "id" : "s1-t20",
      "begin" : 165,
      "end" : 171,
      "text" : "giving",
      "whiteSpace" : false
    }, {
      "id" : "s1-t21",
      "begin" : 172,
      "end" : 174,
      "text" : "me",
      "whiteSpace" : false
    }, {
      "id" : "s1-t22",
      "begin" : 175,
      "end" : 177,
      "text" : "an",
      "whiteSpace" : false
    }, {
      "id" : "s1-t23",
      "begin" : 178,
      "end" : 184,
      "text" : "salary",
      "whiteSpace" : false
    }, {
      "id" : "s1-t24",
      "begin" : 185,
      "end" : 187,
      "text" : "my",
      "whiteSpace" : false
    }, {
      "id" : "s1-t25",
      "begin" : 188,
      "end" : 192,
      "text" : "bank",
      "whiteSpace" : false
    }, {
      "id" : "s1-t26",
      "begin" : 193,
      "end" : 200,
      "text" : "account",
      "whiteSpace" : false
    }, {
      "id" : "s1-t27",
      "begin" : 201,
      "end" : 203,
      "text" : "no",
      "whiteSpace" : false
    }, {
      "id" : "s1-t28",
      "begin" : 204,
      "end" : 206,
      "text" : "is",
      "whiteSpace" : false
    }, {
      "id" : "s1-t29",
      "begin" : 207,
      "end" : 217,
      "text" : "6011230981",
      "whiteSpace" : false
    }, {
      "id" : "s1-t30",
      "begin" : 219,
      "end" : 225,
      "text" : "Please",
      "whiteSpace" : false
    }, {
      "id" : "s1-t31",
      "begin" : 226,
      "end" : 233,
      "text" : "contact",
      "whiteSpace" : false
    }, {
      "id" : "s1-t32",
      "begin" : 234,
      "end" : 236,
      "text" : "me",
      "whiteSpace" : false
    }, {
      "id" : "s1-t33",
      "begin" : 237,
      "end" : 239,
      "text" : "at",
      "whiteSpace" : false
    }, {
      "id" : "s1-t34",
      "begin" : 240,
      "end" : 242,
      "text" : "my",
      "whiteSpace" : false
    }, {
      "id" : "s1-t35",
      "begin" : 243,
      "end" : 249,
      "text" : "mobile",
      "whiteSpace" : false
    }, {
      "id" : "s1-t36",
      "begin" : 250,
      "end" : 252,
      "text" : "no",
      "whiteSpace" : false
    }, {
      "id" : "s1-t37",
      "begin" : 253,
      "end" : 255,
      "text" : "is",
      "whiteSpace" : false
    }, {
      "id" : "s1-t38",
      "begin" : 256,
      "end" : 266,
      "text" : "9217480378",
      "whiteSpace" : false
    }, {
      "id" : "s1-t39",
      "begin" : 268,
      "end" : 271,
      "text" : "For",
      "whiteSpace" : false
    }, {
      "id" : "s1-t40",
      "begin" : 272,
      "end" : 274,
      "text" : "my",
      "whiteSpace" : false
    }, {
      "id" : "s1-t41",
      "begin" : 275,
      "end" : 287,
      "text" : "verification",
      "whiteSpace" : false
    }, {
      "id" : "s1-t42",
      "begin" : 288,
      "end" : 290,
      "text" : "my",
      "whiteSpace" : false
    }, {
      "id" : "s1-t43",
      "begin" : 291,
      "end" : 297,
      "text" : "aadhar",
      "whiteSpace" : false
    }, {
      "id" : "s1-t44",
      "begin" : 298,
      "end" : 300,
      "text" : "no",
      "whiteSpace" : false
    }, {
      "id" : "s1-t45",
      "begin" : 301,
      "end" : 303,
      "text" : "is",
      "whiteSpace" : false
    }, {
      "id" : "s1-t46",
      "begin" : 304,
      "end" : 323,
      "text" : "9008-4556-4344-0067",
      "whiteSpace" : false
    }, {
      "id" : "s1-t47",
      "begin" : 325,
      "end" : 331,
      "text" : "Income",
      "whiteSpace" : false
    }, {
      "id" : "s1-t48",
      "begin" : 332,
      "end" : 335,
      "text" : "gst",
      "whiteSpace" : false
    }, {
      "id" : "s1-t49",
      "begin" : 336,
      "end" : 339,
      "text" : "can",
      "whiteSpace" : false
    }, {
      "id" : "s1-t50",
      "begin" : 340,
      "end" : 342,
      "text" : "be",
      "whiteSpace" : false
    }, {
      "id" : "s1-t51",
      "begin" : 343,
      "end" : 350,
      "text" : "refered",
      "whiteSpace" : false
    }, {
      "id" : "s1-t52",
      "begin" : 351,
      "end" : 355,
      "text" : "from",
      "whiteSpace" : false
    }, {
      "id" : "s1-t53",
      "begin" : 356,
      "end" : 358,
      "text" : "my",
      "whiteSpace" : false
    }, {
      "id" : "s1-t54",
      "begin" : 359,
      "end" : 366,
      "text" : "pancard",
      "whiteSpace" : false
    }, {
      "id" : "s1-t55",
      "begin" : 367,
      "end" : 369,
      "text" : "id",
      "whiteSpace" : false
    }, {
      "id" : "s1-t56",
      "begin" : 370,
      "end" : 375,
      "text" : "which",
      "whiteSpace" : false
    }, {
      "id" : "s1-t57",
      "begin" : 376,
      "end" : 378,
      "text" : "is",
      "whiteSpace" : false
    }, {
      "id" : "s1-t58",
      "begin" : 379,
      "end" : 389,
      "text" : "AAAPL1234C",
      "whiteSpace" : false
    }, {
      "id" : "s1-t59",
      "begin" : 391,
      "end" : 392,
      "text" : "I",
      "whiteSpace" : false
    }, {
      "id" : "s1-t60",
      "begin" : 393,
      "end" : 397,
      "text" : "live",
      "whiteSpace" : false
    }, {
      "id" : "s1-t61",
      "begin" : 398,
      "end" : 400,
      "text" : "at",
      "whiteSpace" : false
    }, {
      "id" : "s1-t62",
      "begin" : 401,
      "end" : 407,
      "text" : "sector",
      "whiteSpace" : false
    }, {
      "id" : "s1-t63",
      "begin" : 407,
      "end" : 408,
      "text" : "-",
      "whiteSpace" : false
    }, {
      "id" : "s1-t64",
      "begin" : 408,
      "end" : 410,
      "text" : "23",
      "whiteSpace" : false
    }, {
      "id" : "s1-t65",
      "begin" : 410,
      "end" : 415,
      "text" : ",ring",
      "whiteSpace" : false
    }, {
      "id" : "s1-t66",
      "begin" : 416,
      "end" : 420,
      "text" : "Road",
      "whiteSpace" : false
    }, {
      "id" : "s1-t67",
      "begin" : 420,
      "end" : 421,
      "text" : ",",
      "whiteSpace" : false
    }, {
      "id" : "s1-t68",
      "begin" : 421,
      "end" : 429,
      "text" : "Jabalpur",
      "whiteSpace" : false
    }, {
      "id" : "s1-t69",
      "begin" : 431,
      "end" : 433,
      "text" : "My",
      "whiteSpace" : false
    }, {
      "id" : "s1-t70",
      "begin" : 434,
      "end" : 440,
      "text" : "salary",
      "whiteSpace" : false
    }, {
      "id" : "s1-t71",
      "begin" : 441,
      "end" : 443,
      "text" : "is",
      "whiteSpace" : false
    }, {
      "id" : "s1-t72",
      "begin" : 444,
      "end" : 445,
      "text" : "$",
      "whiteSpace" : false
    }, {
      "id" : "s1-t73",
      "begin" : 445,
      "end" : 450,
      "text" : "8,038",
      "whiteSpace" : false
    }, {
      "id" : "s1-t74",
      "begin" : 451,
      "end" : 454,
      "text" : "and",
      "whiteSpace" : false
    }, {
      "id" : "s1-t75",
      "begin" : 455,
      "end" : 456,
      "text" : "I",
      "whiteSpace" : false
    }, {
      "id" : "s1-t76",
      "begin" : 457,
      "end" : 461,
      "text" : "hope",
      "whiteSpace" : false
    }, {
      "id" : "s1-t77",
      "begin" : 462,
      "end" : 465,
      "text" : "you",
      "whiteSpace" : false
    }, {
      "id" : "s1-t78",
      "begin" : 466,
      "end" : 470,
      "text" : "will",
      "whiteSpace" : false
    }, {
      "id" : "s1-t79",
      "begin" : 471,
      "end" : 477,
      "text" : "litsen",
      "whiteSpace" : false
    }, {
      "id" : "s1-t80",
      "begin" : 478,
      "end" : 480,
      "text" : "to",
      "whiteSpace" : false
    }, {
      "id" : "s1-t81",
      "begin" : 481,
      "end" : 483,
      "text" : "my",
      "whiteSpace" : false
    }, {
      "id" : "s1-t82",
      "begin" : 484,
      "end" : 494,
      "text" : "complaints",
      "whiteSpace" : false
    }, {
      "id" : "s1-t83",
      "begin" : 495,
      "end" : 498,
      "text" : "and",
      "whiteSpace" : false
    }, {
      "id" : "s1-t84",
      "begin" : 499,
      "end" : 503,
      "text" : "take",
      "whiteSpace" : false
    }, {
      "id" : "s1-t85",
      "begin" : 504,
      "end" : 513,
      "text" : "necessary",
      "whiteSpace" : false
    }, {
      "id" : "s1-t86",
      "begin" : 514,
      "end" : 521,
      "text" : "actions",
      "whiteSpace" : false
    }, {
      "id" : "s1-t87",
      "begin" : 523,
      "end" : 531,
      "text" : "thanking",
      "whiteSpace" : false
    }, {
      "id" : "s1-t88",
      "begin" : 532,
      "end" : 535,
      "text" : "you",
      "whiteSpace" : false
    }, {
      "id" : "s1-t89",
      "begin" : 535,
      "end" : 536,
      "text" : ",",
      "whiteSpace" : false
    }, {
      "id" : "s1-t90",
      "begin" : 538,
      "end" : 542,
      "text" : "your",
      "whiteSpace" : false
    }, {
      "id" : "s1-t91",
      "begin" : 542,
      "end" : 544,
      "text" : "'s",
      "whiteSpace" : false
    }, {
      "id" : "s1-t92",
      "begin" : 545,
      "end" : 557,
      "text" : "respectfully",
      "whiteSpace" : false
    }, {
      "id" : "s1-t93",
      "begin" : 557,
      "end" : 558,
      "text" : ",",
      "whiteSpace" : false
    }, {
      "id" : "s1-t94",
      "begin" : 560,
      "end" : 566,
      "text" : "Gaurav",
      "whiteSpace" : false
    } ]
  } ],
  "mentions" : [ {
    "id" : "s0-m1",
    "properties" : {
      "SIRE_MENTION_ROLE" : "Name",
      "SIRE_ENTITY_SUBTYPE" : "NONE",
      "SIRE_MENTION_TYPE" : "NONE",
      "SIRE_MENTION_CLASS" : "SPC"
    },
    "type" : "Name",
    "begin" : 22,
    "end" : 28,
    "inCoref" : false
  }, {
    "id" : "s0-m2",
    "properties" : {
      "SIRE_MENTION_ROLE" : "Company",
      "SIRE_ENTITY_SUBTYPE" : "NONE",
      "SIRE_MENTION_TYPE" : "NONE",
      "SIRE_MENTION_CLASS" : "SPC"
    },
    "type" : "Company",
    "begin" : 39,
    "end" : 52,
    "inCoref" : false
  }, {
    "id" : "s1-m1",
    "properties" : {
      "SIRE_MENTION_ROLE" : "EmailId",
      "SIRE_ENTITY_SUBTYPE" : "NONE",
      "SIRE_MENTION_TYPE" : "NONE",
      "SIRE_MENTION_CLASS" : "SPC"
    },
    "type" : "EmailId",
    "begin" : 108,
    "end" : 125,
    "inCoref" : false
  }, {
    "id" : "s1-m2",
    "properties" : {
      "SIRE_MENTION_ROLE" : "DOB",
      "SIRE_ENTITY_SUBTYPE" : "NONE",
      "SIRE_MENTION_TYPE" : "NONE",
      "SIRE_MENTION_CLASS" : "SPC"
    },
    "type" : "DOB",
    "begin" : 150,
    "end" : 159,
    "inCoref" : false
  }, {
    "id" : "s1-m3",
    "properties" : {
      "SIRE_MENTION_ROLE" : "AccountNo",
      "SIRE_ENTITY_SUBTYPE" : "NONE",
      "SIRE_MENTION_TYPE" : "NONE",
      "SIRE_MENTION_CLASS" : "SPC"
    },
    "type" : "AccountNo",
    "begin" : 207,
    "end" : 217,
    "inCoref" : false
  }, {
    "id" : "s1-m4",
    "properties" : {
      "SIRE_MENTION_ROLE" : "MobileNo",
      "SIRE_ENTITY_SUBTYPE" : "NONE",
      "SIRE_MENTION_TYPE" : "NONE",
      "SIRE_MENTION_CLASS" : "SPC"
    },
    "type" : "MobileNo",
    "begin" : 256,
    "end" : 266,
    "inCoref" : false
  }, {
    "id" : "s1-m5",
    "properties" : {
      "SIRE_MENTION_ROLE" : "AadharCardNo",
      "SIRE_ENTITY_SUBTYPE" : "NONE",
      "SIRE_MENTION_TYPE" : "NONE",
      "SIRE_MENTION_CLASS" : "SPC"
    },
    "type" : "AadharCardNo",
    "begin" : 304,
    "end" : 323,
    "inCoref" : false
  }, {
    "id" : "s1-m6",
    "properties" : {
      "SIRE_MENTION_ROLE" : "PanCard",
      "SIRE_ENTITY_SUBTYPE" : "NONE",
      "SIRE_MENTION_TYPE" : "NONE",
      "SIRE_MENTION_CLASS" : "SPC"
    },
    "type" : "PanCard",
    "begin" : 379,
    "end" : 389,
    "inCoref" : false
  }, {
    "id" : "s1-m7",
    "properties" : {
      "SIRE_MENTION_ROLE" : "Address",
      "SIRE_ENTITY_SUBTYPE" : "NONE",
      "SIRE_MENTION_TYPE" : "NONE",
      "SIRE_MENTION_CLASS" : "SPC"
    },
    "type" : "Address",
    "begin" : 401,
    "end" : 429,
    "inCoref" : false
  }, {
    "id" : "s1-m8",
    "properties" : {
      "SIRE_MENTION_ROLE" : "Price",
      "SIRE_ENTITY_SUBTYPE" : "NONE",
      "SIRE_MENTION_TYPE" : "NONE",
      "SIRE_MENTION_CLASS" : "SPC"
    },
    "type" : "Price",
    "begin" : 444,
    "end" : 450,
    "inCoref" : false
  }, {
    "id" : "s1-m9",
    "properties" : {
      "SIRE_MENTION_ROLE" : "Name",
      "SIRE_ENTITY_SUBTYPE" : "NONE",
      "SIRE_MENTION_TYPE" : "NONE",
      "SIRE_MENTION_CLASS" : "SPC"
    },
    "type" : "Name",
    "begin" : 560,
    "end" : 566,
    "inCoref" : false
  } ],
  "relations" : [ ],
  "corefs" : [ ],
  "typeResolved" : true,
  "userResolved" : false
}