{
  "id" : "e3009d80-3ce0-11e9-9a38-235c4e7dcc32-0",
  "name" : "data11.txt",
  "createdDate" : 0,
  "version" : 3,
  "text" : "Dear Sir,\r\nMy name is John I am from Amazon Australia. I am a good Software Developer.\r\nmy email id is john04@yahoo.com and my date of birth is 8 August,1985\r\nfor giving me an salary my bank account no is 8122230981\r\nPlease contact me at my mobile no is 9217480000\r\nFor my verification my aadhar no is 8008-1556-1144-0011\r\nIncome gst can be refered from my pancard id which is HJKPL1234T\r\nI live at Block 2,Jolly Road,Brisbane\r\n I hope you will litsen to my complaints and take necessary actions\r\nthanking you,\r\nyour's respectfully,\r\nGaurav\r\n",
  "docLength" : 0,
  "language" : "EN",
  "status" : "SUBMITTED",
  "modifiedDate" : 1551529214456,
  "documentSet" : [ ],
  "preannotation" : [ ],
  "sentences" : [ {
    "id" : "s0",
    "begin" : 0,
    "end" : 54,
    "text" : "Dear Sir,\r\nMy name is John I am from Amazon Australia.",
    "tokens" : [ {
      "id" : "s0-t0",
      "begin" : 0,
      "end" : 4,
      "text" : "Dear",
      "whiteSpace" : false
    }, {
      "id" : "s0-t1",
      "begin" : 5,
      "end" : 8,
      "text" : "Sir",
      "whiteSpace" : false
    }, {
      "id" : "s0-t2",
      "begin" : 8,
      "end" : 9,
      "text" : ",",
      "whiteSpace" : false
    }, {
      "id" : "s0-t3",
      "begin" : 11,
      "end" : 13,
      "text" : "My",
      "whiteSpace" : false
    }, {
      "id" : "s0-t4",
      "begin" : 14,
      "end" : 18,
      "text" : "name",
      "whiteSpace" : false
    }, {
      "id" : "s0-t5",
      "begin" : 19,
      "end" : 21,
      "text" : "is",
      "whiteSpace" : false
    }, {
      "id" : "s0-t6",
      "begin" : 22,
      "end" : 26,
      "text" : "John",
      "whiteSpace" : false
    }, {
      "id" : "s0-t7",
      "begin" : 27,
      "end" : 28,
      "text" : "I",
      "whiteSpace" : false
    }, {
      "id" : "s0-t8",
      "begin" : 29,
      "end" : 31,
      "text" : "am",
      "whiteSpace" : false
    }, {
      "id" : "s0-t9",
      "begin" : 32,
      "end" : 36,
      "text" : "from",
      "whiteSpace" : false
    }, {
      "id" : "s0-t10",
      "begin" : 37,
      "end" : 43,
      "text" : "Amazon",
      "whiteSpace" : false
    }, {
      "id" : "s0-t11",
      "begin" : 44,
      "end" : 53,
      "text" : "Australia",
      "whiteSpace" : false
    }, {
      "id" : "s0-t12",
      "begin" : 53,
      "end" : 54,
      "text" : ".",
      "whiteSpace" : false
    } ]
  }, {
    "id" : "s1",
    "begin" : 55,
    "end" : 86,
    "text" : "I am a good Software Developer.",
    "tokens" : [ {
      "id" : "s1-t0",
      "begin" : 55,
      "end" : 56,
      "text" : "I",
      "whiteSpace" : false
    }, {
      "id" : "s1-t1",
      "begin" : 57,
      "end" : 59,
      "text" : "am",
      "whiteSpace" : false
    }, {
      "id" : "s1-t2",
      "begin" : 60,
      "end" : 61,
      "text" : "a",
      "whiteSpace" : false
    }, {
      "id" : "s1-t3",
      "begin" : 62,
      "end" : 66,
      "text" : "good",
      "whiteSpace" : false
    }, {
      "id" : "s1-t4",
      "begin" : 67,
      "end" : 75,
      "text" : "Software",
      "whiteSpace" : false
    }, {
      "id" : "s1-t5",
      "begin" : 76,
      "end" : 85,
      "text" : "Developer",
      "whiteSpace" : false
    }, {
      "id" : "s1-t6",
      "begin" : 85,
      "end" : 86,
      "text" : ".",
      "whiteSpace" : false
    } ]
  }, {
    "id" : "s2",
    "begin" : 88,
    "end" : 540,
    "text" : "my email id is john04@yahoo.com and my date of birth is 8 August,1985\r\nfor giving me an salary my bank account no is 8122230981\r\nPlease contact me at my mobile no is 9217480000\r\nFor my verification my aadhar no is 8008-1556-1144-0011\r\nIncome gst can be refered from my pancard id which is HJKPL1234T\r\nI live at Block 2,Jolly Road,Brisbane\r\n I hope you will litsen to my complaints and take necessary actions\r\nthanking you,\r\nyour's respectfully,\r\nGaurav",
    "tokens" : [ {
      "id" : "s2-t0",
      "begin" : 88,
      "end" : 90,
      "text" : "my",
      "whiteSpace" : false
    }, {
      "id" : "s2-t1",
      "begin" : 91,
      "end" : 96,
      "text" : "email",
      "whiteSpace" : false
    }, {
      "id" : "s2-t2",
      "begin" : 97,
      "end" : 99,
      "text" : "id",
      "whiteSpace" : false
    }, {
      "id" : "s2-t3",
      "begin" : 100,
      "end" : 102,
      "text" : "is",
      "whiteSpace" : false
    }, {
      "id" : "s2-t4",
      "begin" : 103,
      "end" : 119,
      "text" : "john04@yahoo.com",
      "whiteSpace" : false
    }, {
      "id" : "s2-t5",
      "begin" : 120,
      "end" : 123,
      "text" : "and",
      "whiteSpace" : false
    }, {
      "id" : "s2-t6",
      "begin" : 124,
      "end" : 126,
      "text" : "my",
      "whiteSpace" : false
    }, {
      "id" : "s2-t7",
      "begin" : 127,
      "end" : 131,
      "text" : "date",
      "whiteSpace" : false
    }, {
      "id" : "s2-t8",
      "begin" : 132,
      "end" : 134,
      "text" : "of",
      "whiteSpace" : false
    }, {
      "id" : "s2-t9",
      "begin" : 135,
      "end" : 140,
      "text" : "birth",
      "whiteSpace" : false
    }, {
      "id" : "s2-t10",
      "begin" : 141,
      "end" : 143,
      "text" : "is",
      "whiteSpace" : false
    }, {
      "id" : "s2-t11",
      "begin" : 144,
      "end" : 145,
      "text" : "8",
      "whiteSpace" : false
    }, {
      "id" : "s2-t12",
      "begin" : 146,
      "end" : 152,
      "text" : "August",
      "whiteSpace" : false
    }, {
      "id" : "s2-t13",
      "begin" : 152,
      "end" : 153,
      "text" : ",",
      "whiteSpace" : false
    }, {
      "id" : "s2-t14",
      "begin" : 153,
      "end" : 157,
      "text" : "1985",
      "whiteSpace" : false
    }, {
      "id" : "s2-t15",
      "begin" : 159,
      "end" : 162,
      "text" : "for",
      "whiteSpace" : false
    }, {
      "id" : "s2-t16",
      "begin" : 163,
      "end" : 169,
      "text" : "giving",
      "whiteSpace" : false
    }, {
      "id" : "s2-t17",
      "begin" : 170,
      "end" : 172,
      "text" : "me",
      "whiteSpace" : false
    }, {
      "id" : "s2-t18",
      "begin" : 173,
      "end" : 175,
      "text" : "an",
      "whiteSpace" : false
    }, {
      "id" : "s2-t19",
      "begin" : 176,
      "end" : 182,
      "text" : "salary",
      "whiteSpace" : false
    }, {
      "id" : "s2-t20",
      "begin" : 183,
      "end" : 185,
      "text" : "my",
      "whiteSpace" : false
    }, {
      "id" : "s2-t21",
      "begin" : 186,
      "end" : 190,
      "text" : "bank",
      "whiteSpace" : false
    }, {
      "id" : "s2-t22",
      "begin" : 191,
      "end" : 198,
      "text" : "account",
      "whiteSpace" : false
    }, {
      "id" : "s2-t23",
      "begin" : 199,
      "end" : 201,
      "text" : "no",
      "whiteSpace" : false
    }, {
      "id" : "s2-t24",
      "begin" : 202,
      "end" : 204,
      "text" : "is",
      "whiteSpace" : false
    }, {
      "id" : "s2-t25",
      "begin" : 205,
      "end" : 215,
      "text" : "8122230981",
      "whiteSpace" : false
    }, {
      "id" : "s2-t26",
      "begin" : 217,
      "end" : 223,
      "text" : "Please",
      "whiteSpace" : false
    }, {
      "id" : "s2-t27",
      "begin" : 224,
      "end" : 231,
      "text" : "contact",
      "whiteSpace" : false
    }, {
      "id" : "s2-t28",
      "begin" : 232,
      "end" : 234,
      "text" : "me",
      "whiteSpace" : false
    }, {
      "id" : "s2-t29",
      "begin" : 235,
      "end" : 237,
      "text" : "at",
      "whiteSpace" : false
    }, {
      "id" : "s2-t30",
      "begin" : 238,
      "end" : 240,
      "text" : "my",
      "whiteSpace" : false
    }, {
      "id" : "s2-t31",
      "begin" : 241,
      "end" : 247,
      "text" : "mobile",
      "whiteSpace" : false
    }, {
      "id" : "s2-t32",
      "begin" : 248,
      "end" : 250,
      "text" : "no",
      "whiteSpace" : false
    }, {
      "id" : "s2-t33",
      "begin" : 251,
      "end" : 253,
      "text" : "is",
      "whiteSpace" : false
    }, {
      "id" : "s2-t34",
      "begin" : 254,
      "end" : 264,
      "text" : "9217480000",
      "whiteSpace" : false
    }, {
      "id" : "s2-t35",
      "begin" : 266,
      "end" : 269,
      "text" : "For",
      "whiteSpace" : false
    }, {
      "id" : "s2-t36",
      "begin" : 270,
      "end" : 272,
      "text" : "my",
      "whiteSpace" : false
    }, {
      "id" : "s2-t37",
      "begin" : 273,
      "end" : 285,
      "text" : "verification",
      "whiteSpace" : false
    }, {
      "id" : "s2-t38",
      "begin" : 286,
      "end" : 288,
      "text" : "my",
      "whiteSpace" : false
    }, {
      "id" : "s2-t39",
      "begin" : 289,
      "end" : 295,
      "text" : "aadhar",
      "whiteSpace" : false
    }, {
      "id" : "s2-t40",
      "begin" : 296,
      "end" : 298,
      "text" : "no",
      "whiteSpace" : false
    }, {
      "id" : "s2-t41",
      "begin" : 299,
      "end" : 301,
      "text" : "is",
      "whiteSpace" : false
    }, {
      "id" : "s2-t42",
      "begin" : 302,
      "end" : 321,
      "text" : "8008-1556-1144-0011",
      "whiteSpace" : false
    }, {
      "id" : "s2-t43",
      "begin" : 323,
      "end" : 329,
      "text" : "Income",
      "whiteSpace" : false
    }, {
      "id" : "s2-t44",
      "begin" : 330,
      "end" : 333,
      "text" : "gst",
      "whiteSpace" : false
    }, {
      "id" : "s2-t45",
      "begin" : 334,
      "end" : 337,
      "text" : "can",
      "whiteSpace" : false
    }, {
      "id" : "s2-t46",
      "begin" : 338,
      "end" : 340,
      "text" : "be",
      "whiteSpace" : false
    }, {
      "id" : "s2-t47",
      "begin" : 341,
      "end" : 348,
      "text" : "refered",
      "whiteSpace" : false
    }, {
      "id" : "s2-t48",
      "begin" : 349,
      "end" : 353,
      "text" : "from",
      "whiteSpace" : false
    }, {
      "id" : "s2-t49",
      "begin" : 354,
      "end" : 356,
      "text" : "my",
      "whiteSpace" : false
    }, {
      "id" : "s2-t50",
      "begin" : 357,
      "end" : 364,
      "text" : "pancard",
      "whiteSpace" : false
    }, {
      "id" : "s2-t51",
      "begin" : 365,
      "end" : 367,
      "text" : "id",
      "whiteSpace" : false
    }, {
      "id" : "s2-t52",
      "begin" : 368,
      "end" : 373,
      "text" : "which",
      "whiteSpace" : false
    }, {
      "id" : "s2-t53",
      "begin" : 374,
      "end" : 376,
      "text" : "is",
      "whiteSpace" : false
    }, {
      "id" : "s2-t54",
      "begin" : 377,
      "end" : 387,
      "text" : "HJKPL1234T",
      "whiteSpace" : false
    }, {
      "id" : "s2-t55",
      "begin" : 389,
      "end" : 390,
      "text" : "I",
      "whiteSpace" : false
    }, {
      "id" : "s2-t56",
      "begin" : 391,
      "end" : 395,
      "text" : "live",
      "whiteSpace" : false
    }, {
      "id" : "s2-t57",
      "begin" : 396,
      "end" : 398,
      "text" : "at",
      "whiteSpace" : false
    }, {
      "id" : "s2-t58",
      "begin" : 399,
      "end" : 404,
      "text" : "Block",
      "whiteSpace" : false
    }, {
      "id" : "s2-t59",
      "begin" : 405,
      "end" : 406,
      "text" : "2",
      "whiteSpace" : false
    }, {
      "id" : "s2-t60",
      "begin" : 406,
      "end" : 407,
      "text" : ",",
      "whiteSpace" : false
    }, {
      "id" : "s2-t61",
      "begin" : 407,
      "end" : 412,
      "text" : "Jolly",
      "whiteSpace" : false
    }, {
      "id" : "s2-t62",
      "begin" : 413,
      "end" : 417,
      "text" : "Road",
      "whiteSpace" : false
    }, {
      "id" : "s2-t63",
      "begin" : 417,
      "end" : 418,
      "text" : ",",
      "whiteSpace" : false
    }, {
      "id" : "s2-t64",
      "begin" : 418,
      "end" : 426,
      "text" : "Brisbane",
      "whiteSpace" : false
    }, {
      "id" : "s2-t65",
      "begin" : 429,
      "end" : 430,
      "text" : "I",
      "whiteSpace" : false
    }, {
      "id" : "s2-t66",
      "begin" : 431,
      "end" : 435,
      "text" : "hope",
      "whiteSpace" : false
    }, {
      "id" : "s2-t67",
      "begin" : 436,
      "end" : 439,
      "text" : "you",
      "whiteSpace" : false
    }, {
      "id" : "s2-t68",
      "begin" : 440,
      "end" : 444,
      "text" : "will",
      "whiteSpace" : false
    }, {
      "id" : "s2-t69",
      "begin" : 445,
      "end" : 451,
      "text" : "litsen",
      "whiteSpace" : false
    }, {
      "id" : "s2-t70",
      "begin" : 452,
      "end" : 454,
      "text" : "to",
      "whiteSpace" : false
    }, {
      "id" : "s2-t71",
      "begin" : 455,
      "end" : 457,
      "text" : "my",
      "whiteSpace" : false
    }, {
      "id" : "s2-t72",
      "begin" : 458,
      "end" : 468,
      "text" : "complaints",
      "whiteSpace" : false
    }, {
      "id" : "s2-t73",
      "begin" : 469,
      "end" : 472,
      "text" : "and",
      "whiteSpace" : false
    }, {
      "id" : "s2-t74",
      "begin" : 473,
      "end" : 477,
      "text" : "take",
      "whiteSpace" : false
    }, {
      "id" : "s2-t75",
      "begin" : 478,
      "end" : 487,
      "text" : "necessary",
      "whiteSpace" : false
    }, {
      "id" : "s2-t76",
      "begin" : 488,
      "end" : 495,
      "text" : "actions",
      "whiteSpace" : false
    }, {
      "id" : "s2-t77",
      "begin" : 497,
      "end" : 505,
      "text" : "thanking",
      "whiteSpace" : false
    }, {
      "id" : "s2-t78",
      "begin" : 506,
      "end" : 509,
      "text" : "you",
      "whiteSpace" : false
    }, {
      "id" : "s2-t79",
      "begin" : 509,
      "end" : 510,
      "text" : ",",
      "whiteSpace" : false
    }, {
      "id" : "s2-t80",
      "begin" : 512,
      "end" : 516,
      "text" : "your",
      "whiteSpace" : false
    }, {
      "id" : "s2-t81",
      "begin" : 516,
      "end" : 518,
      "text" : "'s",
      "whiteSpace" : false
    }, {
      "id" : "s2-t82",
      "begin" : 519,
      "end" : 531,
      "text" : "respectfully",
      "whiteSpace" : false
    }, {
      "id" : "s2-t83",
      "begin" : 531,
      "end" : 532,
      "text" : ",",
      "whiteSpace" : false
    }, {
      "id" : "s2-t84",
      "begin" : 534,
      "end" : 540,
      "text" : "Gaurav",
      "whiteSpace" : false
    } ]
  } ],
  "mentions" : [ {
    "id" : "s0-m1",
    "properties" : {
      "SIRE_MENTION_ROLE" : "Name",
      "SIRE_ENTITY_SUBTYPE" : "NONE",
      "SIRE_MENTION_TYPE" : "NONE",
      "SIRE_MENTION_CLASS" : "SPC"
    },
    "type" : "Name",
    "begin" : 22,
    "end" : 26,
    "inCoref" : false
  }, {
    "id" : "s0-m2",
    "properties" : {
      "SIRE_MENTION_ROLE" : "Company",
      "SIRE_ENTITY_SUBTYPE" : "NONE",
      "SIRE_MENTION_TYPE" : "NONE",
      "SIRE_MENTION_CLASS" : "SPC"
    },
    "type" : "Company",
    "begin" : 37,
    "end" : 53,
    "inCoref" : false
  }, {
    "id" : "s2-m1",
    "properties" : {
      "SIRE_MENTION_ROLE" : "EmailId",
      "SIRE_ENTITY_SUBTYPE" : "NONE",
      "SIRE_MENTION_TYPE" : "NONE",
      "SIRE_MENTION_CLASS" : "SPC"
    },
    "type" : "EmailId",
    "begin" : 103,
    "end" : 119,
    "inCoref" : false
  }, {
    "id" : "s2-m2",
    "properties" : {
      "SIRE_MENTION_ROLE" : "DOB",
      "SIRE_ENTITY_SUBTYPE" : "NONE",
      "SIRE_MENTION_TYPE" : "NONE",
      "SIRE_MENTION_CLASS" : "SPC"
    },
    "type" : "DOB",
    "begin" : 144,
    "end" : 157,
    "inCoref" : false
  }, {
    "id" : "s2-m3",
    "properties" : {
      "SIRE_MENTION_ROLE" : "AccountNo",
      "SIRE_ENTITY_SUBTYPE" : "NONE",
      "SIRE_MENTION_TYPE" : "NONE",
      "SIRE_MENTION_CLASS" : "SPC"
    },
    "type" : "AccountNo",
    "begin" : 205,
    "end" : 215,
    "inCoref" : false
  }, {
    "id" : "s2-m4",
    "properties" : {
      "SIRE_MENTION_ROLE" : "MobileNo",
      "SIRE_ENTITY_SUBTYPE" : "NONE",
      "SIRE_MENTION_TYPE" : "NONE",
      "SIRE_MENTION_CLASS" : "SPC"
    },
    "type" : "MobileNo",
    "begin" : 254,
    "end" : 264,
    "inCoref" : false
  }, {
    "id" : "s2-m5",
    "properties" : {
      "SIRE_MENTION_ROLE" : "AadharCardNo",
      "SIRE_ENTITY_SUBTYPE" : "NONE",
      "SIRE_MENTION_TYPE" : "NONE",
      "SIRE_MENTION_CLASS" : "SPC"
    },
    "type" : "AadharCardNo",
    "begin" : 302,
    "end" : 321,
    "inCoref" : false
  }, {
    "id" : "s2-m6",
    "properties" : {
      "SIRE_MENTION_ROLE" : "BillNo",
      "SIRE_ENTITY_SUBTYPE" : "NONE",
      "SIRE_MENTION_TYPE" : "NONE",
      "SIRE_MENTION_CLASS" : "SPC"
    },
    "type" : "BillNo",
    "begin" : 377,
    "end" : 387,
    "inCoref" : false
  }, {
    "id" : "s2-m7",
    "properties" : {
      "SIRE_MENTION_ROLE" : "Address",
      "SIRE_ENTITY_SUBTYPE" : "NONE",
      "SIRE_MENTION_TYPE" : "NONE",
      "SIRE_MENTION_CLASS" : "SPC"
    },
    "type" : "Address",
    "begin" : 399,
    "end" : 426,
    "inCoref" : false
  }, {
    "id" : "s2-m8",
    "properties" : {
      "SIRE_MENTION_ROLE" : "Name",
      "SIRE_ENTITY_SUBTYPE" : "NONE",
      "SIRE_MENTION_TYPE" : "NONE",
      "SIRE_MENTION_CLASS" : "SPC"
    },
    "type" : "Name",
    "begin" : 534,
    "end" : 540,
    "inCoref" : false
  } ],
  "relations" : [ ],
  "corefs" : [ ],
  "typeResolved" : true,
  "userResolved" : false
}