{
  "id" : "e6395a50-3ce0-11e9-9a38-235c4e7dcc32-0",
  "name" : "data12.txt",
  "createdDate" : 0,
  "version" : 3,
  "text" : "Dear Sir,\r\nMy name is swati I am from Dell . I am a PHP Developer.\r\nmy email id is swati12@yahoo.com and my date of birth is 8 July,1985 My bank name is Icici bank\r\nfor giving me an salary my bank account no is 8121234567\r\nPlease contact me at my mobile no is 8217480009\r\nmy hobbies are singing, playing football, laughing at comedy movies\r\nFor my verification my aadhar no is 1008-1880-1664-0099\r\nIncome gst can be refered from my pancard id is HTTTL1234P\r\nI live at Block 9,Jk Colony,New Zealand\r\nyour's respectfully,\r\nswati\r\n",
  "docLength" : 0,
  "language" : "EN",
  "status" : "SUBMITTED",
  "modifiedDate" : 1551529276437,
  "documentSet" : [ ],
  "preannotation" : [ ],
  "sentences" : [ {
    "id" : "s0",
    "begin" : 0,
    "end" : 44,
    "text" : "Dear Sir,\r\nMy name is swati I am from Dell .",
    "tokens" : [ {
      "id" : "s0-t0",
      "begin" : 0,
      "end" : 4,
      "text" : "Dear",
      "whiteSpace" : false
    }, {
      "id" : "s0-t1",
      "begin" : 5,
      "end" : 8,
      "text" : "Sir",
      "whiteSpace" : false
    }, {
      "id" : "s0-t2",
      "begin" : 8,
      "end" : 9,
      "text" : ",",
      "whiteSpace" : false
    }, {
      "id" : "s0-t3",
      "begin" : 11,
      "end" : 13,
      "text" : "My",
      "whiteSpace" : false
    }, {
      "id" : "s0-t4",
      "begin" : 14,
      "end" : 18,
      "text" : "name",
      "whiteSpace" : false
    }, {
      "id" : "s0-t5",
      "begin" : 19,
      "end" : 21,
      "text" : "is",
      "whiteSpace" : false
    }, {
      "id" : "s0-t6",
      "begin" : 22,
      "end" : 27,
      "text" : "swati",
      "whiteSpace" : false
    }, {
      "id" : "s0-t7",
      "begin" : 28,
      "end" : 29,
      "text" : "I",
      "whiteSpace" : false
    }, {
      "id" : "s0-t8",
      "begin" : 30,
      "end" : 32,
      "text" : "am",
      "whiteSpace" : false
    }, {
      "id" : "s0-t9",
      "begin" : 33,
      "end" : 37,
      "text" : "from",
      "whiteSpace" : false
    }, {
      "id" : "s0-t10",
      "begin" : 38,
      "end" : 42,
      "text" : "Dell",
      "whiteSpace" : false
    }, {
      "id" : "s0-t11",
      "begin" : 43,
      "end" : 44,
      "text" : ".",
      "whiteSpace" : false
    } ]
  }, {
    "id" : "s1",
    "begin" : 45,
    "end" : 66,
    "text" : "I am a PHP Developer.",
    "tokens" : [ {
      "id" : "s1-t0",
      "begin" : 45,
      "end" : 46,
      "text" : "I",
      "whiteSpace" : false
    }, {
      "id" : "s1-t1",
      "begin" : 47,
      "end" : 49,
      "text" : "am",
      "whiteSpace" : false
    }, {
      "id" : "s1-t2",
      "begin" : 50,
      "end" : 51,
      "text" : "a",
      "whiteSpace" : false
    }, {
      "id" : "s1-t3",
      "begin" : 52,
      "end" : 55,
      "text" : "PHP",
      "whiteSpace" : false
    }, {
      "id" : "s1-t4",
      "begin" : 56,
      "end" : 65,
      "text" : "Developer",
      "whiteSpace" : false
    }, {
      "id" : "s1-t5",
      "begin" : 65,
      "end" : 66,
      "text" : ".",
      "whiteSpace" : false
    } ]
  }, {
    "id" : "s2",
    "begin" : 68,
    "end" : 526,
    "text" : "my email id is swati12@yahoo.com and my date of birth is 8 July,1985 My bank name is Icici bank\r\nfor giving me an salary my bank account no is 8121234567\r\nPlease contact me at my mobile no is 8217480009\r\nmy hobbies are singing, playing football, laughing at comedy movies\r\nFor my verification my aadhar no is 1008-1880-1664-0099\r\nIncome gst can be refered from my pancard id is HTTTL1234P\r\nI live at Block 9,Jk Colony,New Zealand\r\nyour's respectfully,\r\nswati",
    "tokens" : [ {
      "id" : "s2-t0",
      "begin" : 68,
      "end" : 70,
      "text" : "my",
      "whiteSpace" : false
    }, {
      "id" : "s2-t1",
      "begin" : 71,
      "end" : 76,
      "text" : "email",
      "whiteSpace" : false
    }, {
      "id" : "s2-t2",
      "begin" : 77,
      "end" : 79,
      "text" : "id",
      "whiteSpace" : false
    }, {
      "id" : "s2-t3",
      "begin" : 80,
      "end" : 82,
      "text" : "is",
      "whiteSpace" : false
    }, {
      "id" : "s2-t4",
      "begin" : 83,
      "end" : 100,
      "text" : "swati12@yahoo.com",
      "whiteSpace" : false
    }, {
      "id" : "s2-t5",
      "begin" : 101,
      "end" : 104,
      "text" : "and",
      "whiteSpace" : false
    }, {
      "id" : "s2-t6",
      "begin" : 105,
      "end" : 107,
      "text" : "my",
      "whiteSpace" : false
    }, {
      "id" : "s2-t7",
      "begin" : 108,
      "end" : 112,
      "text" : "date",
      "whiteSpace" : false
    }, {
      "id" : "s2-t8",
      "begin" : 113,
      "end" : 115,
      "text" : "of",
      "whiteSpace" : false
    }, {
      "id" : "s2-t9",
      "begin" : 116,
      "end" : 121,
      "text" : "birth",
      "whiteSpace" : false
    }, {
      "id" : "s2-t10",
      "begin" : 122,
      "end" : 124,
      "text" : "is",
      "whiteSpace" : false
    }, {
      "id" : "s2-t11",
      "begin" : 125,
      "end" : 126,
      "text" : "8",
      "whiteSpace" : false
    }, {
      "id" : "s2-t12",
      "begin" : 127,
      "end" : 131,
      "text" : "July",
      "whiteSpace" : false
    }, {
      "id" : "s2-t13",
      "begin" : 131,
      "end" : 132,
      "text" : ",",
      "whiteSpace" : false
    }, {
      "id" : "s2-t14",
      "begin" : 132,
      "end" : 136,
      "text" : "1985",
      "whiteSpace" : false
    }, {
      "id" : "s2-t15",
      "begin" : 137,
      "end" : 139,
      "text" : "My",
      "whiteSpace" : false
    }, {
      "id" : "s2-t16",
      "begin" : 140,
      "end" : 144,
      "text" : "bank",
      "whiteSpace" : false
    }, {
      "id" : "s2-t17",
      "begin" : 145,
      "end" : 149,
      "text" : "name",
      "whiteSpace" : false
    }, {
      "id" : "s2-t18",
      "begin" : 150,
      "end" : 152,
      "text" : "is",
      "whiteSpace" : false
    }, {
      "id" : "s2-t19",
      "begin" : 153,
      "end" : 158,
      "text" : "Icici",
      "whiteSpace" : false
    }, {
      "id" : "s2-t20",
      "begin" : 159,
      "end" : 163,
      "text" : "bank",
      "whiteSpace" : false
    }, {
      "id" : "s2-t21",
      "begin" : 165,
      "end" : 168,
      "text" : "for",
      "whiteSpace" : false
    }, {
      "id" : "s2-t22",
      "begin" : 169,
      "end" : 175,
      "text" : "giving",
      "whiteSpace" : false
    }, {
      "id" : "s2-t23",
      "begin" : 176,
      "end" : 178,
      "text" : "me",
      "whiteSpace" : false
    }, {
      "id" : "s2-t24",
      "begin" : 179,
      "end" : 181,
      "text" : "an",
      "whiteSpace" : false
    }, {
      "id" : "s2-t25",
      "begin" : 182,
      "end" : 188,
      "text" : "salary",
      "whiteSpace" : false
    }, {
      "id" : "s2-t26",
      "begin" : 189,
      "end" : 191,
      "text" : "my",
      "whiteSpace" : false
    }, {
      "id" : "s2-t27",
      "begin" : 192,
      "end" : 196,
      "text" : "bank",
      "whiteSpace" : false
    }, {
      "id" : "s2-t28",
      "begin" : 197,
      "end" : 204,
      "text" : "account",
      "whiteSpace" : false
    }, {
      "id" : "s2-t29",
      "begin" : 205,
      "end" : 207,
      "text" : "no",
      "whiteSpace" : false
    }, {
      "id" : "s2-t30",
      "begin" : 208,
      "end" : 210,
      "text" : "is",
      "whiteSpace" : false
    }, {
      "id" : "s2-t31",
      "begin" : 211,
      "end" : 221,
      "text" : "8121234567",
      "whiteSpace" : false
    }, {
      "id" : "s2-t32",
      "begin" : 223,
      "end" : 229,
      "text" : "Please",
      "whiteSpace" : false
    }, {
      "id" : "s2-t33",
      "begin" : 230,
      "end" : 237,
      "text" : "contact",
      "whiteSpace" : false
    }, {
      "id" : "s2-t34",
      "begin" : 238,
      "end" : 240,
      "text" : "me",
      "whiteSpace" : false
    }, {
      "id" : "s2-t35",
      "begin" : 241,
      "end" : 243,
      "text" : "at",
      "whiteSpace" : false
    }, {
      "id" : "s2-t36",
      "begin" : 244,
      "end" : 246,
      "text" : "my",
      "whiteSpace" : false
    }, {
      "id" : "s2-t37",
      "begin" : 247,
      "end" : 253,
      "text" : "mobile",
      "whiteSpace" : false
    }, {
      "id" : "s2-t38",
      "begin" : 254,
      "end" : 256,
      "text" : "no",
      "whiteSpace" : false
    }, {
      "id" : "s2-t39",
      "begin" : 257,
      "end" : 259,
      "text" : "is",
      "whiteSpace" : false
    }, {
      "id" : "s2-t40",
      "begin" : 260,
      "end" : 270,
      "text" : "8217480009",
      "whiteSpace" : false
    }, {
      "id" : "s2-t41",
      "begin" : 272,
      "end" : 274,
      "text" : "my",
      "whiteSpace" : false
    }, {
      "id" : "s2-t42",
      "begin" : 275,
      "end" : 282,
      "text" : "hobbies",
      "whiteSpace" : false
    }, {
      "id" : "s2-t43",
      "begin" : 283,
      "end" : 286,
      "text" : "are",
      "whiteSpace" : false
    }, {
      "id" : "s2-t44",
      "begin" : 287,
      "end" : 294,
      "text" : "singing",
      "whiteSpace" : false
    }, {
      "id" : "s2-t45",
      "begin" : 294,
      "end" : 295,
      "text" : ",",
      "whiteSpace" : false
    }, {
      "id" : "s2-t46",
      "begin" : 296,
      "end" : 303,
      "text" : "playing",
      "whiteSpace" : false
    }, {
      "id" : "s2-t47",
      "begin" : 304,
      "end" : 312,
      "text" : "football",
      "whiteSpace" : false
    }, {
      "id" : "s2-t48",
      "begin" : 312,
      "end" : 313,
      "text" : ",",
      "whiteSpace" : false
    }, {
      "id" : "s2-t49",
      "begin" : 314,
      "end" : 322,
      "text" : "laughing",
      "whiteSpace" : false
    }, {
      "id" : "s2-t50",
      "begin" : 323,
      "end" : 325,
      "text" : "at",
      "whiteSpace" : false
    }, {
      "id" : "s2-t51",
      "begin" : 326,
      "end" : 332,
      "text" : "comedy",
      "whiteSpace" : false
    }, {
      "id" : "s2-t52",
      "begin" : 333,
      "end" : 339,
      "text" : "movies",
      "whiteSpace" : false
    }, {
      "id" : "s2-t53",
      "begin" : 341,
      "end" : 344,
      "text" : "For",
      "whiteSpace" : false
    }, {
      "id" : "s2-t54",
      "begin" : 345,
      "end" : 347,
      "text" : "my",
      "whiteSpace" : false
    }, {
      "id" : "s2-t55",
      "begin" : 348,
      "end" : 360,
      "text" : "verification",
      "whiteSpace" : false
    }, {
      "id" : "s2-t56",
      "begin" : 361,
      "end" : 363,
      "text" : "my",
      "whiteSpace" : false
    }, {
      "id" : "s2-t57",
      "begin" : 364,
      "end" : 370,
      "text" : "aadhar",
      "whiteSpace" : false
    }, {
      "id" : "s2-t58",
      "begin" : 371,
      "end" : 373,
      "text" : "no",
      "whiteSpace" : false
    }, {
      "id" : "s2-t59",
      "begin" : 374,
      "end" : 376,
      "text" : "is",
      "whiteSpace" : false
    }, {
      "id" : "s2-t60",
      "begin" : 377,
      "end" : 396,
      "text" : "1008-1880-1664-0099",
      "whiteSpace" : false
    }, {
      "id" : "s2-t61",
      "begin" : 398,
      "end" : 404,
      "text" : "Income",
      "whiteSpace" : false
    }, {
      "id" : "s2-t62",
      "begin" : 405,
      "end" : 408,
      "text" : "gst",
      "whiteSpace" : false
    }, {
      "id" : "s2-t63",
      "begin" : 409,
      "end" : 412,
      "text" : "can",
      "whiteSpace" : false
    }, {
      "id" : "s2-t64",
      "begin" : 413,
      "end" : 415,
      "text" : "be",
      "whiteSpace" : false
    }, {
      "id" : "s2-t65",
      "begin" : 416,
      "end" : 423,
      "text" : "refered",
      "whiteSpace" : false
    }, {
      "id" : "s2-t66",
      "begin" : 424,
      "end" : 428,
      "text" : "from",
      "whiteSpace" : false
    }, {
      "id" : "s2-t67",
      "begin" : 429,
      "end" : 431,
      "text" : "my",
      "whiteSpace" : false
    }, {
      "id" : "s2-t68",
      "begin" : 432,
      "end" : 439,
      "text" : "pancard",
      "whiteSpace" : false
    }, {
      "id" : "s2-t69",
      "begin" : 440,
      "end" : 442,
      "text" : "id",
      "whiteSpace" : false
    }, {
      "id" : "s2-t70",
      "begin" : 443,
      "end" : 445,
      "text" : "is",
      "whiteSpace" : false
    }, {
      "id" : "s2-t71",
      "begin" : 446,
      "end" : 456,
      "text" : "HTTTL1234P",
      "whiteSpace" : false
    }, {
      "id" : "s2-t72",
      "begin" : 458,
      "end" : 459,
      "text" : "I",
      "whiteSpace" : false
    }, {
      "id" : "s2-t73",
      "begin" : 460,
      "end" : 464,
      "text" : "live",
      "whiteSpace" : false
    }, {
      "id" : "s2-t74",
      "begin" : 465,
      "end" : 467,
      "text" : "at",
      "whiteSpace" : false
    }, {
      "id" : "s2-t75",
      "begin" : 468,
      "end" : 473,
      "text" : "Block",
      "whiteSpace" : false
    }, {
      "id" : "s2-t76",
      "begin" : 474,
      "end" : 475,
      "text" : "9",
      "whiteSpace" : false
    }, {
      "id" : "s2-t77",
      "begin" : 475,
      "end" : 476,
      "text" : ",",
      "whiteSpace" : false
    }, {
      "id" : "s2-t78",
      "begin" : 476,
      "end" : 478,
      "text" : "Jk",
      "whiteSpace" : false
    }, {
      "id" : "s2-t79",
      "begin" : 479,
      "end" : 485,
      "text" : "Colony",
      "whiteSpace" : false
    }, {
      "id" : "s2-t80",
      "begin" : 485,
      "end" : 486,
      "text" : ",",
      "whiteSpace" : false
    }, {
      "id" : "s2-t81",
      "begin" : 486,
      "end" : 489,
      "text" : "New",
      "whiteSpace" : false
    }, {
      "id" : "s2-t82",
      "begin" : 490,
      "end" : 497,
      "text" : "Zealand",
      "whiteSpace" : false
    }, {
      "id" : "s2-t83",
      "begin" : 499,
      "end" : 503,
      "text" : "your",
      "whiteSpace" : false
    }, {
      "id" : "s2-t84",
      "begin" : 503,
      "end" : 505,
      "text" : "'s",
      "whiteSpace" : false
    }, {
      "id" : "s2-t85",
      "begin" : 506,
      "end" : 518,
      "text" : "respectfully",
      "whiteSpace" : false
    }, {
      "id" : "s2-t86",
      "begin" : 518,
      "end" : 519,
      "text" : ",",
      "whiteSpace" : false
    }, {
      "id" : "s2-t87",
      "begin" : 521,
      "end" : 526,
      "text" : "swati",
      "whiteSpace" : false
    } ]
  } ],
  "mentions" : [ {
    "id" : "s0-m1",
    "properties" : {
      "SIRE_MENTION_ROLE" : "Name",
      "SIRE_ENTITY_SUBTYPE" : "NONE",
      "SIRE_MENTION_TYPE" : "NONE",
      "SIRE_MENTION_CLASS" : "SPC"
    },
    "type" : "Name",
    "begin" : 22,
    "end" : 27,
    "inCoref" : false
  }, {
    "id" : "s0-m2",
    "properties" : {
      "SIRE_MENTION_ROLE" : "Company",
      "SIRE_ENTITY_SUBTYPE" : "NONE",
      "SIRE_MENTION_TYPE" : "NONE",
      "SIRE_MENTION_CLASS" : "SPC"
    },
    "type" : "Company",
    "begin" : 38,
    "end" : 42,
    "inCoref" : false
  }, {
    "id" : "s2-m1",
    "properties" : {
      "SIRE_MENTION_ROLE" : "EmailId",
      "SIRE_ENTITY_SUBTYPE" : "NONE",
      "SIRE_MENTION_TYPE" : "NONE",
      "SIRE_MENTION_CLASS" : "SPC"
    },
    "type" : "EmailId",
    "begin" : 83,
    "end" : 100,
    "inCoref" : false
  }, {
    "id" : "s2-m2",
    "properties" : {
      "SIRE_MENTION_ROLE" : "DOB",
      "SIRE_ENTITY_SUBTYPE" : "NONE",
      "SIRE_MENTION_TYPE" : "NONE",
      "SIRE_MENTION_CLASS" : "SPC"
    },
    "type" : "DOB",
    "begin" : 125,
    "end" : 136,
    "inCoref" : false
  }, {
    "id" : "s2-m3",
    "properties" : {
      "SIRE_MENTION_ROLE" : "AccountNo",
      "SIRE_ENTITY_SUBTYPE" : "NONE",
      "SIRE_MENTION_TYPE" : "NONE",
      "SIRE_MENTION_CLASS" : "SPC"
    },
    "type" : "AccountNo",
    "begin" : 211,
    "end" : 221,
    "inCoref" : false
  }, {
    "id" : "s2-m4",
    "properties" : {
      "SIRE_MENTION_ROLE" : "MobileNo",
      "SIRE_ENTITY_SUBTYPE" : "NONE",
      "SIRE_MENTION_TYPE" : "NONE",
      "SIRE_MENTION_CLASS" : "SPC"
    },
    "type" : "MobileNo",
    "begin" : 260,
    "end" : 270,
    "inCoref" : false
  }, {
    "id" : "s2-m5",
    "properties" : {
      "SIRE_MENTION_ROLE" : "AadharCardNo",
      "SIRE_ENTITY_SUBTYPE" : "NONE",
      "SIRE_MENTION_TYPE" : "NONE",
      "SIRE_MENTION_CLASS" : "SPC"
    },
    "type" : "AadharCardNo",
    "begin" : 377,
    "end" : 396,
    "inCoref" : false
  }, {
    "id" : "s2-m6",
    "properties" : {
      "SIRE_MENTION_ROLE" : "PanCard",
      "SIRE_ENTITY_SUBTYPE" : "NONE",
      "SIRE_MENTION_TYPE" : "NONE",
      "SIRE_MENTION_CLASS" : "SPC"
    },
    "type" : "PanCard",
    "begin" : 446,
    "end" : 456,
    "inCoref" : false
  }, {
    "id" : "s2-m7",
    "properties" : {
      "SIRE_MENTION_ROLE" : "Address",
      "SIRE_ENTITY_SUBTYPE" : "NONE",
      "SIRE_MENTION_TYPE" : "NONE",
      "SIRE_MENTION_CLASS" : "SPC"
    },
    "type" : "Address",
    "begin" : 468,
    "end" : 497,
    "inCoref" : false
  }, {
    "id" : "s2-m8",
    "properties" : {
      "SIRE_MENTION_ROLE" : "Name",
      "SIRE_ENTITY_SUBTYPE" : "NONE",
      "SIRE_MENTION_TYPE" : "NONE",
      "SIRE_MENTION_CLASS" : "SPC"
    },
    "type" : "Name",
    "begin" : 521,
    "end" : 526,
    "inCoref" : false
  } ],
  "relations" : [ ],
  "corefs" : [ ],
  "typeResolved" : true,
  "userResolved" : false
}