{
  "id" : "e9640d60-3ce0-11e9-9a38-235c4e7dcc32-0",
  "name" : "data13.txt",
  "createdDate" : 0,
  "version" : 3,
  "text" : "Dear Sir,\r\nmy hobbies are singing, playing football, laughing at comedy movies\r\nFor my verification my aadhar no is 4567-0000-1664-0019\r\nIncome gst can be refered from my pancard id is FFTTL1234P\r\nI live at villa 1,North coast,South Africa\r\nyour's respectfully,\r\nemilly\r\nMy name is emilly  I am from HP SA . I am a Java Developer.\r\nmy email id is emilly67@yahoo.com and my date of birth is 8 December,1999 My bank name is Indusland bank\r\nfor giving me an salary my bank account no is 8121234567\r\nPlease contact me at my mobile no is 8217480009\r\n",
  "docLength" : 0,
  "language" : "EN",
  "status" : "SUBMITTED",
  "modifiedDate" : 1551529355135,
  "documentSet" : [ ],
  "preannotation" : [ ],
  "sentences" : [ {
    "id" : "s0",
    "begin" : 0,
    "end" : 307,
    "text" : "Dear Sir,\r\nmy hobbies are singing, playing football, laughing at comedy movies\r\nFor my verification my aadhar no is 4567-0000-1664-0019\r\nIncome gst can be refered from my pancard id is FFTTL1234P\r\nI live at villa 1,North coast,South Africa\r\nyour's respectfully,\r\nemilly\r\nMy name is emilly  I am from HP SA .",
    "tokens" : [ {
      "id" : "s0-t0",
      "begin" : 0,
      "end" : 4,
      "text" : "Dear",
      "whiteSpace" : false
    }, {
      "id" : "s0-t1",
      "begin" : 5,
      "end" : 8,
      "text" : "Sir",
      "whiteSpace" : false
    }, {
      "id" : "s0-t2",
      "begin" : 8,
      "end" : 9,
      "text" : ",",
      "whiteSpace" : false
    }, {
      "id" : "s0-t3",
      "begin" : 11,
      "end" : 13,
      "text" : "my",
      "whiteSpace" : false
    }, {
      "id" : "s0-t4",
      "begin" : 14,
      "end" : 21,
      "text" : "hobbies",
      "whiteSpace" : false
    }, {
      "id" : "s0-t5",
      "begin" : 22,
      "end" : 25,
      "text" : "are",
      "whiteSpace" : false
    }, {
      "id" : "s0-t6",
      "begin" : 26,
      "end" : 33,
      "text" : "singing",
      "whiteSpace" : false
    }, {
      "id" : "s0-t7",
      "begin" : 33,
      "end" : 34,
      "text" : ",",
      "whiteSpace" : false
    }, {
      "id" : "s0-t8",
      "begin" : 35,
      "end" : 42,
      "text" : "playing",
      "whiteSpace" : false
    }, {
      "id" : "s0-t9",
      "begin" : 43,
      "end" : 51,
      "text" : "football",
      "whiteSpace" : false
    }, {
      "id" : "s0-t10",
      "begin" : 51,
      "end" : 52,
      "text" : ",",
      "whiteSpace" : false
    }, {
      "id" : "s0-t11",
      "begin" : 53,
      "end" : 61,
      "text" : "laughing",
      "whiteSpace" : false
    }, {
      "id" : "s0-t12",
      "begin" : 62,
      "end" : 64,
      "text" : "at",
      "whiteSpace" : false
    }, {
      "id" : "s0-t13",
      "begin" : 65,
      "end" : 71,
      "text" : "comedy",
      "whiteSpace" : false
    }, {
      "id" : "s0-t14",
      "begin" : 72,
      "end" : 78,
      "text" : "movies",
      "whiteSpace" : false
    }, {
      "id" : "s0-t15",
      "begin" : 80,
      "end" : 83,
      "text" : "For",
      "whiteSpace" : false
    }, {
      "id" : "s0-t16",
      "begin" : 84,
      "end" : 86,
      "text" : "my",
      "whiteSpace" : false
    }, {
      "id" : "s0-t17",
      "begin" : 87,
      "end" : 99,
      "text" : "verification",
      "whiteSpace" : false
    }, {
      "id" : "s0-t18",
      "begin" : 100,
      "end" : 102,
      "text" : "my",
      "whiteSpace" : false
    }, {
      "id" : "s0-t19",
      "begin" : 103,
      "end" : 109,
      "text" : "aadhar",
      "whiteSpace" : false
    }, {
      "id" : "s0-t20",
      "begin" : 110,
      "end" : 112,
      "text" : "no",
      "whiteSpace" : false
    }, {
      "id" : "s0-t21",
      "begin" : 113,
      "end" : 115,
      "text" : "is",
      "whiteSpace" : false
    }, {
      "id" : "s0-t22",
      "begin" : 116,
      "end" : 135,
      "text" : "4567-0000-1664-0019",
      "whiteSpace" : false
    }, {
      "id" : "s0-t23",
      "begin" : 137,
      "end" : 143,
      "text" : "Income",
      "whiteSpace" : false
    }, {
      "id" : "s0-t24",
      "begin" : 144,
      "end" : 147,
      "text" : "gst",
      "whiteSpace" : false
    }, {
      "id" : "s0-t25",
      "begin" : 148,
      "end" : 151,
      "text" : "can",
      "whiteSpace" : false
    }, {
      "id" : "s0-t26",
      "begin" : 152,
      "end" : 154,
      "text" : "be",
      "whiteSpace" : false
    }, {
      "id" : "s0-t27",
      "begin" : 155,
      "end" : 162,
      "text" : "refered",
      "whiteSpace" : false
    }, {
      "id" : "s0-t28",
      "begin" : 163,
      "end" : 167,
      "text" : "from",
      "whiteSpace" : false
    }, {
      "id" : "s0-t29",
      "begin" : 168,
      "end" : 170,
      "text" : "my",
      "whiteSpace" : false
    }, {
      "id" : "s0-t30",
      "begin" : 171,
      "end" : 178,
      "text" : "pancard",
      "whiteSpace" : false
    }, {
      "id" : "s0-t31",
      "begin" : 179,
      "end" : 181,
      "text" : "id",
      "whiteSpace" : false
    }, {
      "id" : "s0-t32",
      "begin" : 182,
      "end" : 184,
      "text" : "is",
      "whiteSpace" : false
    }, {
      "id" : "s0-t33",
      "begin" : 185,
      "end" : 195,
      "text" : "FFTTL1234P",
      "whiteSpace" : false
    }, {
      "id" : "s0-t34",
      "begin" : 197,
      "end" : 198,
      "text" : "I",
      "whiteSpace" : false
    }, {
      "id" : "s0-t35",
      "begin" : 199,
      "end" : 203,
      "text" : "live",
      "whiteSpace" : false
    }, {
      "id" : "s0-t36",
      "begin" : 204,
      "end" : 206,
      "text" : "at",
      "whiteSpace" : false
    }, {
      "id" : "s0-t37",
      "begin" : 207,
      "end" : 212,
      "text" : "villa",
      "whiteSpace" : false
    }, {
      "id" : "s0-t38",
      "begin" : 213,
      "end" : 214,
      "text" : "1",
      "whiteSpace" : false
    }, {
      "id" : "s0-t39",
      "begin" : 214,
      "end" : 215,
      "text" : ",",
      "whiteSpace" : false
    }, {
      "id" : "s0-t40",
      "begin" : 215,
      "end" : 220,
      "text" : "North",
      "whiteSpace" : false
    }, {
      "id" : "s0-t41",
      "begin" : 221,
      "end" : 226,
      "text" : "coast",
      "whiteSpace" : false
    }, {
      "id" : "s0-t42",
      "begin" : 226,
      "end" : 227,
      "text" : ",",
      "whiteSpace" : false
    }, {
      "id" : "s0-t43",
      "begin" : 227,
      "end" : 232,
      "text" : "South",
      "whiteSpace" : false
    }, {
      "id" : "s0-t44",
      "begin" : 233,
      "end" : 239,
      "text" : "Africa",
      "whiteSpace" : false
    }, {
      "id" : "s0-t45",
      "begin" : 241,
      "end" : 245,
      "text" : "your",
      "whiteSpace" : false
    }, {
      "id" : "s0-t46",
      "begin" : 245,
      "end" : 247,
      "text" : "'s",
      "whiteSpace" : false
    }, {
      "id" : "s0-t47",
      "begin" : 248,
      "end" : 260,
      "text" : "respectfully",
      "whiteSpace" : false
    }, {
      "id" : "s0-t48",
      "begin" : 260,
      "end" : 261,
      "text" : ",",
      "whiteSpace" : false
    }, {
      "id" : "s0-t49",
      "begin" : 263,
      "end" : 269,
      "text" : "emilly",
      "whiteSpace" : false
    }, {
      "id" : "s0-t50",
      "begin" : 271,
      "end" : 273,
      "text" : "My",
      "whiteSpace" : false
    }, {
      "id" : "s0-t51",
      "begin" : 274,
      "end" : 278,
      "text" : "name",
      "whiteSpace" : false
    }, {
      "id" : "s0-t52",
      "begin" : 279,
      "end" : 281,
      "text" : "is",
      "whiteSpace" : false
    }, {
      "id" : "s0-t53",
      "begin" : 282,
      "end" : 288,
      "text" : "emilly",
      "whiteSpace" : false
    }, {
      "id" : "s0-t54",
      "begin" : 290,
      "end" : 291,
      "text" : "I",
      "whiteSpace" : false
    }, {
      "id" : "s0-t55",
      "begin" : 292,
      "end" : 294,
      "text" : "am",
      "whiteSpace" : false
    }, {
      "id" : "s0-t56",
      "begin" : 295,
      "end" : 299,
      "text" : "from",
      "whiteSpace" : false
    }, {
      "id" : "s0-t57",
      "begin" : 300,
      "end" : 302,
      "text" : "HP",
      "whiteSpace" : false
    }, {
      "id" : "s0-t58",
      "begin" : 303,
      "end" : 305,
      "text" : "SA",
      "whiteSpace" : false
    }, {
      "id" : "s0-t59",
      "begin" : 306,
      "end" : 307,
      "text" : ".",
      "whiteSpace" : false
    } ]
  }, {
    "id" : "s1",
    "begin" : 308,
    "end" : 330,
    "text" : "I am a Java Developer.",
    "tokens" : [ {
      "id" : "s1-t0",
      "begin" : 308,
      "end" : 309,
      "text" : "I",
      "whiteSpace" : false
    }, {
      "id" : "s1-t1",
      "begin" : 310,
      "end" : 312,
      "text" : "am",
      "whiteSpace" : false
    }, {
      "id" : "s1-t2",
      "begin" : 313,
      "end" : 314,
      "text" : "a",
      "whiteSpace" : false
    }, {
      "id" : "s1-t3",
      "begin" : 315,
      "end" : 319,
      "text" : "Java",
      "whiteSpace" : false
    }, {
      "id" : "s1-t4",
      "begin" : 320,
      "end" : 329,
      "text" : "Developer",
      "whiteSpace" : false
    }, {
      "id" : "s1-t5",
      "begin" : 329,
      "end" : 330,
      "text" : ".",
      "whiteSpace" : false
    } ]
  }, {
    "id" : "s2",
    "begin" : 332,
    "end" : 543,
    "text" : "my email id is emilly67@yahoo.com and my date of birth is 8 December,1999 My bank name is Indusland bank\r\nfor giving me an salary my bank account no is 8121234567\r\nPlease contact me at my mobile no is 8217480009",
    "tokens" : [ {
      "id" : "s2-t0",
      "begin" : 332,
      "end" : 334,
      "text" : "my",
      "whiteSpace" : false
    }, {
      "id" : "s2-t1",
      "begin" : 335,
      "end" : 340,
      "text" : "email",
      "whiteSpace" : false
    }, {
      "id" : "s2-t2",
      "begin" : 341,
      "end" : 343,
      "text" : "id",
      "whiteSpace" : false
    }, {
      "id" : "s2-t3",
      "begin" : 344,
      "end" : 346,
      "text" : "is",
      "whiteSpace" : false
    }, {
      "id" : "s2-t4",
      "begin" : 347,
      "end" : 365,
      "text" : "emilly67@yahoo.com",
      "whiteSpace" : false
    }, {
      "id" : "s2-t5",
      "begin" : 366,
      "end" : 369,
      "text" : "and",
      "whiteSpace" : false
    }, {
      "id" : "s2-t6",
      "begin" : 370,
      "end" : 372,
      "text" : "my",
      "whiteSpace" : false
    }, {
      "id" : "s2-t7",
      "begin" : 373,
      "end" : 377,
      "text" : "date",
      "whiteSpace" : false
    }, {
      "id" : "s2-t8",
      "begin" : 378,
      "end" : 380,
      "text" : "of",
      "whiteSpace" : false
    }, {
      "id" : "s2-t9",
      "begin" : 381,
      "end" : 386,
      "text" : "birth",
      "whiteSpace" : false
    }, {
      "id" : "s2-t10",
      "begin" : 387,
      "end" : 389,
      "text" : "is",
      "whiteSpace" : false
    }, {
      "id" : "s2-t11",
      "begin" : 390,
      "end" : 391,
      "text" : "8",
      "whiteSpace" : false
    }, {
      "id" : "s2-t12",
      "begin" : 392,
      "end" : 400,
      "text" : "December",
      "whiteSpace" : false
    }, {
      "id" : "s2-t13",
      "begin" : 400,
      "end" : 401,
      "text" : ",",
      "whiteSpace" : false
    }, {
      "id" : "s2-t14",
      "begin" : 401,
      "end" : 405,
      "text" : "1999",
      "whiteSpace" : false
    }, {
      "id" : "s2-t15",
      "begin" : 406,
      "end" : 408,
      "text" : "My",
      "whiteSpace" : false
    }, {
      "id" : "s2-t16",
      "begin" : 409,
      "end" : 413,
      "text" : "bank",
      "whiteSpace" : false
    }, {
      "id" : "s2-t17",
      "begin" : 414,
      "end" : 418,
      "text" : "name",
      "whiteSpace" : false
    }, {
      "id" : "s2-t18",
      "begin" : 419,
      "end" : 421,
      "text" : "is",
      "whiteSpace" : false
    }, {
      "id" : "s2-t19",
      "begin" : 422,
      "end" : 431,
      "text" : "Indusland",
      "whiteSpace" : false
    }, {
      "id" : "s2-t20",
      "begin" : 432,
      "end" : 436,
      "text" : "bank",
      "whiteSpace" : false
    }, {
      "id" : "s2-t21",
      "begin" : 438,
      "end" : 441,
      "text" : "for",
      "whiteSpace" : false
    }, {
      "id" : "s2-t22",
      "begin" : 442,
      "end" : 448,
      "text" : "giving",
      "whiteSpace" : false
    }, {
      "id" : "s2-t23",
      "begin" : 449,
      "end" : 451,
      "text" : "me",
      "whiteSpace" : false
    }, {
      "id" : "s2-t24",
      "begin" : 452,
      "end" : 454,
      "text" : "an",
      "whiteSpace" : false
    }, {
      "id" : "s2-t25",
      "begin" : 455,
      "end" : 461,
      "text" : "salary",
      "whiteSpace" : false
    }, {
      "id" : "s2-t26",
      "begin" : 462,
      "end" : 464,
      "text" : "my",
      "whiteSpace" : false
    }, {
      "id" : "s2-t27",
      "begin" : 465,
      "end" : 469,
      "text" : "bank",
      "whiteSpace" : false
    }, {
      "id" : "s2-t28",
      "begin" : 470,
      "end" : 477,
      "text" : "account",
      "whiteSpace" : false
    }, {
      "id" : "s2-t29",
      "begin" : 478,
      "end" : 480,
      "text" : "no",
      "whiteSpace" : false
    }, {
      "id" : "s2-t30",
      "begin" : 481,
      "end" : 483,
      "text" : "is",
      "whiteSpace" : false
    }, {
      "id" : "s2-t31",
      "begin" : 484,
      "end" : 494,
      "text" : "8121234567",
      "whiteSpace" : false
    }, {
      "id" : "s2-t32",
      "begin" : 496,
      "end" : 502,
      "text" : "Please",
      "whiteSpace" : false
    }, {
      "id" : "s2-t33",
      "begin" : 503,
      "end" : 510,
      "text" : "contact",
      "whiteSpace" : false
    }, {
      "id" : "s2-t34",
      "begin" : 511,
      "end" : 513,
      "text" : "me",
      "whiteSpace" : false
    }, {
      "id" : "s2-t35",
      "begin" : 514,
      "end" : 516,
      "text" : "at",
      "whiteSpace" : false
    }, {
      "id" : "s2-t36",
      "begin" : 517,
      "end" : 519,
      "text" : "my",
      "whiteSpace" : false
    }, {
      "id" : "s2-t37",
      "begin" : 520,
      "end" : 526,
      "text" : "mobile",
      "whiteSpace" : false
    }, {
      "id" : "s2-t38",
      "begin" : 527,
      "end" : 529,
      "text" : "no",
      "whiteSpace" : false
    }, {
      "id" : "s2-t39",
      "begin" : 530,
      "end" : 532,
      "text" : "is",
      "whiteSpace" : false
    }, {
      "id" : "s2-t40",
      "begin" : 533,
      "end" : 543,
      "text" : "8217480009",
      "whiteSpace" : false
    } ]
  } ],
  "mentions" : [ {
    "id" : "s0-m1",
    "properties" : {
      "SIRE_MENTION_ROLE" : "AadharCardNo",
      "SIRE_ENTITY_SUBTYPE" : "NONE",
      "SIRE_MENTION_TYPE" : "NONE",
      "SIRE_MENTION_CLASS" : "SPC"
    },
    "type" : "AadharCardNo",
    "begin" : 116,
    "end" : 135,
    "inCoref" : false
  }, {
    "id" : "s0-m2",
    "properties" : {
      "SIRE_MENTION_ROLE" : "PanCard",
      "SIRE_ENTITY_SUBTYPE" : "NONE",
      "SIRE_MENTION_TYPE" : "NONE",
      "SIRE_MENTION_CLASS" : "SPC"
    },
    "type" : "PanCard",
    "begin" : 185,
    "end" : 195,
    "inCoref" : false
  }, {
    "id" : "s0-m3",
    "properties" : {
      "SIRE_MENTION_ROLE" : "Name",
      "SIRE_ENTITY_SUBTYPE" : "NONE",
      "SIRE_MENTION_TYPE" : "NONE",
      "SIRE_MENTION_CLASS" : "SPC"
    },
    "type" : "Name",
    "begin" : 207,
    "end" : 239,
    "inCoref" : false
  }, {
    "id" : "s0-m4",
    "properties" : {
      "SIRE_MENTION_ROLE" : "Address",
      "SIRE_ENTITY_SUBTYPE" : "NONE",
      "SIRE_MENTION_TYPE" : "NONE",
      "SIRE_MENTION_CLASS" : "SPC"
    },
    "type" : "Address",
    "begin" : 233,
    "end" : 239,
    "inCoref" : false
  }, {
    "id" : "s0-m5",
    "properties" : {
      "SIRE_MENTION_ROLE" : "Name",
      "SIRE_ENTITY_SUBTYPE" : "NONE",
      "SIRE_MENTION_TYPE" : "NONE",
      "SIRE_MENTION_CLASS" : "SPC"
    },
    "type" : "Name",
    "begin" : 282,
    "end" : 288,
    "inCoref" : false
  }, {
    "id" : "s0-m6",
    "properties" : {
      "SIRE_MENTION_ROLE" : "Company",
      "SIRE_ENTITY_SUBTYPE" : "NONE",
      "SIRE_MENTION_TYPE" : "NONE",
      "SIRE_MENTION_CLASS" : "SPC"
    },
    "type" : "Company",
    "begin" : 300,
    "end" : 305,
    "inCoref" : false
  }, {
    "id" : "s2-m1",
    "properties" : {
      "SIRE_MENTION_ROLE" : "EmailId",
      "SIRE_ENTITY_SUBTYPE" : "NONE",
      "SIRE_MENTION_TYPE" : "NONE",
      "SIRE_MENTION_CLASS" : "SPC"
    },
    "type" : "EmailId",
    "begin" : 347,
    "end" : 365,
    "inCoref" : false
  }, {
    "id" : "s2-m2",
    "properties" : {
      "SIRE_MENTION_ROLE" : "DOB",
      "SIRE_ENTITY_SUBTYPE" : "NONE",
      "SIRE_MENTION_TYPE" : "NONE",
      "SIRE_MENTION_CLASS" : "SPC"
    },
    "type" : "DOB",
    "begin" : 390,
    "end" : 405,
    "inCoref" : false
  }, {
    "id" : "s2-m3",
    "properties" : {
      "SIRE_MENTION_ROLE" : "AccountNo",
      "SIRE_ENTITY_SUBTYPE" : "NONE",
      "SIRE_MENTION_TYPE" : "NONE",
      "SIRE_MENTION_CLASS" : "SPC"
    },
    "type" : "AccountNo",
    "begin" : 484,
    "end" : 494,
    "inCoref" : false
  }, {
    "id" : "s2-m4",
    "properties" : {
      "SIRE_MENTION_ROLE" : "MobileNo",
      "SIRE_ENTITY_SUBTYPE" : "NONE",
      "SIRE_MENTION_TYPE" : "NONE",
      "SIRE_MENTION_CLASS" : "SPC"
    },
    "type" : "MobileNo",
    "begin" : 533,
    "end" : 543,
    "inCoref" : false
  } ],
  "relations" : [ ],
  "corefs" : [ ],
  "typeResolved" : true,
  "userResolved" : false
}