{
  "id" : "ec3a5ee0-3ce0-11e9-af06-cfe80a4f0ad0-0",
  "name" : "data14.txt",
  "createdDate" : 0,
  "version" : 3,
  "text" : "Dear Sir,\r\nLorem Ipsum is simply dummy text of the printing and typesetting industry. Lorem Ipsum has been the industry's standard dummy text ever since the 1500s, when an unknown printer took a galley of type and scrambled it to make a type specimen book. It has survived not only five centuries, but also the leap into electronic typesetting, remaining essentially unchanged. It was popularised in the 1960s with the release of Letraset sheets containing Lorem Ipsum passages, and more recently with desktop publishing software like Aldus PageMaker including versions of Lorem Ipsum.\r\n\r\nFor my verification my aadhar no is 0887-9090-1064-0011\r\nIncome gst can be refered from my pancard id is IITTL0234O\r\nI live at Avenue2,South coast,Kenya\r\n\r\nMy name is Kishan  I work at OLA cabs . I am a Python Developer.\r\nmy email id is kishan67@gmail.com and my date of birth is 08/08/1999 My bank name is Indusland bank\r\nfor giving me an salary my bank account no is 5021234567\r\nPlease contact me at my mobile no is 9017480055\r\n",
  "docLength" : 0,
  "language" : "EN",
  "status" : "SUBMITTED",
  "modifiedDate" : 1551529497065,
  "documentSet" : [ ],
  "preannotation" : [ ],
  "sentences" : [ {
    "id" : "s0",
    "begin" : 0,
    "end" : 85,
    "text" : "Dear Sir,\r\nLorem Ipsum is simply dummy text of the printing and typesetting industry.",
    "tokens" : [ {
      "id" : "s0-t0",
      "begin" : 0,
      "end" : 4,
      "text" : "Dear",
      "whiteSpace" : false
    }, {
      "id" : "s0-t1",
      "begin" : 5,
      "end" : 8,
      "text" : "Sir",
      "whiteSpace" : false
    }, {
      "id" : "s0-t2",
      "begin" : 8,
      "end" : 9,
      "text" : ",",
      "whiteSpace" : false
    }, {
      "id" : "s0-t3",
      "begin" : 11,
      "end" : 16,
      "text" : "Lorem",
      "whiteSpace" : false
    }, {
      "id" : "s0-t4",
      "begin" : 17,
      "end" : 22,
      "text" : "Ipsum",
      "whiteSpace" : false
    }, {
      "id" : "s0-t5",
      "begin" : 23,
      "end" : 25,
      "text" : "is",
      "whiteSpace" : false
    }, {
      "id" : "s0-t6",
      "begin" : 26,
      "end" : 32,
      "text" : "simply",
      "whiteSpace" : false
    }, {
      "id" : "s0-t7",
      "begin" : 33,
      "end" : 38,
      "text" : "dummy",
      "whiteSpace" : false
    }, {
      "id" : "s0-t8",
      "begin" : 39,
      "end" : 43,
      "text" : "text",
      "whiteSpace" : false
    }, {
      "id" : "s0-t9",
      "begin" : 44,
      "end" : 46,
      "text" : "of",
      "whiteSpace" : false
    }, {
      "id" : "s0-t10",
      "begin" : 47,
      "end" : 50,
      "text" : "the",
      "whiteSpace" : false
    }, {
      "id" : "s0-t11",
      "begin" : 51,
      "end" : 59,
      "text" : "printing",
      "whiteSpace" : false
    }, {
      "id" : "s0-t12",
      "begin" : 60,
      "end" : 63,
      "text" : "and",
      "whiteSpace" : false
    }, {
      "id" : "s0-t13",
      "begin" : 64,
      "end" : 75,
      "text" : "typesetting",
      "whiteSpace" : false
    }, {
      "id" : "s0-t14",
      "begin" : 76,
      "end" : 84,
      "text" : "industry",
      "whiteSpace" : false
    }, {
      "id" : "s0-t15",
      "begin" : 84,
      "end" : 85,
      "text" : ".",
      "whiteSpace" : false
    } ]
  }, {
    "id" : "s1",
    "begin" : 86,
    "end" : 256,
    "text" : "Lorem Ipsum has been the industry's standard dummy text ever since the 1500s, when an unknown printer took a galley of type and scrambled it to make a type specimen book.",
    "tokens" : [ {
      "id" : "s1-t0",
      "begin" : 86,
      "end" : 91,
      "text" : "Lorem",
      "whiteSpace" : false
    }, {
      "id" : "s1-t1",
      "begin" : 92,
      "end" : 97,
      "text" : "Ipsum",
      "whiteSpace" : false
    }, {
      "id" : "s1-t2",
      "begin" : 98,
      "end" : 101,
      "text" : "has",
      "whiteSpace" : false
    }, {
      "id" : "s1-t3",
      "begin" : 102,
      "end" : 106,
      "text" : "been",
      "whiteSpace" : false
    }, {
      "id" : "s1-t4",
      "begin" : 107,
      "end" : 110,
      "text" : "the",
      "whiteSpace" : false
    }, {
      "id" : "s1-t5",
      "begin" : 111,
      "end" : 119,
      "text" : "industry",
      "whiteSpace" : false
    }, {
      "id" : "s1-t6",
      "begin" : 119,
      "end" : 121,
      "text" : "'s",
      "whiteSpace" : false
    }, {
      "id" : "s1-t7",
      "begin" : 122,
      "end" : 130,
      "text" : "standard",
      "whiteSpace" : false
    }, {
      "id" : "s1-t8",
      "begin" : 131,
      "end" : 136,
      "text" : "dummy",
      "whiteSpace" : false
    }, {
      "id" : "s1-t9",
      "begin" : 137,
      "end" : 141,
      "text" : "text",
      "whiteSpace" : false
    }, {
      "id" : "s1-t10",
      "begin" : 142,
      "end" : 146,
      "text" : "ever",
      "whiteSpace" : false
    }, {
      "id" : "s1-t11",
      "begin" : 147,
      "end" : 152,
      "text" : "since",
      "whiteSpace" : false
    }, {
      "id" : "s1-t12",
      "begin" : 153,
      "end" : 156,
      "text" : "the",
      "whiteSpace" : false
    }, {
      "id" : "s1-t13",
      "begin" : 157,
      "end" : 162,
      "text" : "1500s",
      "whiteSpace" : false
    }, {
      "id" : "s1-t14",
      "begin" : 162,
      "end" : 163,
      "text" : ",",
      "whiteSpace" : false
    }, {
      "id" : "s1-t15",
      "begin" : 164,
      "end" : 168,
      "text" : "when",
      "whiteSpace" : false
    }, {
      "id" : "s1-t16",
      "begin" : 169,
      "end" : 171,
      "text" : "an",
      "whiteSpace" : false
    }, {
      "id" : "s1-t17",
      "begin" : 172,
      "end" : 179,
      "text" : "unknown",
      "whiteSpace" : false
    }, {
      "id" : "s1-t18",
      "begin" : 180,
      "end" : 187,
      "text" : "printer",
      "whiteSpace" : false
    }, {
      "id" : "s1-t19",
      "begin" : 188,
      "end" : 192,
      "text" : "took",
      "whiteSpace" : false
    }, {
      "id" : "s1-t20",
      "begin" : 193,
      "end" : 194,
      "text" : "a",
      "whiteSpace" : false
    }, {
      "id" : "s1-t21",
      "begin" : 195,
      "end" : 201,
      "text" : "galley",
      "whiteSpace" : false
    }, {
      "id" : "s1-t22",
      "begin" : 202,
      "end" : 204,
      "text" : "of",
      "whiteSpace" : false
    }, {
      "id" : "s1-t23",
      "begin" : 205,
      "end" : 209,
      "text" : "type",
      "whiteSpace" : false
    }, {
      "id" : "s1-t24",
      "begin" : 210,
      "end" : 213,
      "text" : "and",
      "whiteSpace" : false
    }, {
      "id" : "s1-t25",
      "begin" : 214,
      "end" : 223,
      "text" : "scrambled",
      "whiteSpace" : false
    }, {
      "id" : "s1-t26",
      "begin" : 224,
      "end" : 226,
      "text" : "it",
      "whiteSpace" : false
    }, {
      "id" : "s1-t27",
      "begin" : 227,
      "end" : 229,
      "text" : "to",
      "whiteSpace" : false
    }, {
      "id" : "s1-t28",
      "begin" : 230,
      "end" : 234,
      "text" : "make",
      "whiteSpace" : false
    }, {
      "id" : "s1-t29",
      "begin" : 235,
      "end" : 236,
      "text" : "a",
      "whiteSpace" : false
    }, {
      "id" : "s1-t30",
      "begin" : 237,
      "end" : 241,
      "text" : "type",
      "whiteSpace" : false
    }, {
      "id" : "s1-t31",
      "begin" : 242,
      "end" : 250,
      "text" : "specimen",
      "whiteSpace" : false
    }, {
      "id" : "s1-t32",
      "begin" : 251,
      "end" : 255,
      "text" : "book",
      "whiteSpace" : false
    }, {
      "id" : "s1-t33",
      "begin" : 255,
      "end" : 256,
      "text" : ".",
      "whiteSpace" : false
    } ]
  }, {
    "id" : "s2",
    "begin" : 257,
    "end" : 377,
    "text" : "It has survived not only five centuries, but also the leap into electronic typesetting, remaining essentially unchanged.",
    "tokens" : [ {
      "id" : "s2-t0",
      "begin" : 257,
      "end" : 259,
      "text" : "It",
      "whiteSpace" : false
    }, {
      "id" : "s2-t1",
      "begin" : 260,
      "end" : 263,
      "text" : "has",
      "whiteSpace" : false
    }, {
      "id" : "s2-t2",
      "begin" : 264,
      "end" : 272,
      "text" : "survived",
      "whiteSpace" : false
    }, {
      "id" : "s2-t3",
      "begin" : 273,
      "end" : 276,
      "text" : "not",
      "whiteSpace" : false
    }, {
      "id" : "s2-t4",
      "begin" : 277,
      "end" : 281,
      "text" : "only",
      "whiteSpace" : false
    }, {
      "id" : "s2-t5",
      "begin" : 282,
      "end" : 286,
      "text" : "five",
      "whiteSpace" : false
    }, {
      "id" : "s2-t6",
      "begin" : 287,
      "end" : 296,
      "text" : "centuries",
      "whiteSpace" : false
    }, {
      "id" : "s2-t7",
      "begin" : 296,
      "end" : 297,
      "text" : ",",
      "whiteSpace" : false
    }, {
      "id" : "s2-t8",
      "begin" : 298,
      "end" : 301,
      "text" : "but",
      "whiteSpace" : false
    }, {
      "id" : "s2-t9",
      "begin" : 302,
      "end" : 306,
      "text" : "also",
      "whiteSpace" : false
    }, {
      "id" : "s2-t10",
      "begin" : 307,
      "end" : 310,
      "text" : "the",
      "whiteSpace" : false
    }, {
      "id" : "s2-t11",
      "begin" : 311,
      "end" : 315,
      "text" : "leap",
      "whiteSpace" : false
    }, {
      "id" : "s2-t12",
      "begin" : 316,
      "end" : 320,
      "text" : "into",
      "whiteSpace" : false
    }, {
      "id" : "s2-t13",
      "begin" : 321,
      "end" : 331,
      "text" : "electronic",
      "whiteSpace" : false
    }, {
      "id" : "s2-t14",
      "begin" : 332,
      "end" : 343,
      "text" : "typesetting",
      "whiteSpace" : false
    }, {
      "id" : "s2-t15",
      "begin" : 343,
      "end" : 344,
      "text" : ",",
      "whiteSpace" : false
    }, {
      "id" : "s2-t16",
      "begin" : 345,
      "end" : 354,
      "text" : "remaining",
      "whiteSpace" : false
    }, {
      "id" : "s2-t17",
      "begin" : 355,
      "end" : 366,
      "text" : "essentially",
      "whiteSpace" : false
    }, {
      "id" : "s2-t18",
      "begin" : 367,
      "end" : 376,
      "text" : "unchanged",
      "whiteSpace" : false
    }, {
      "id" : "s2-t19",
      "begin" : 376,
      "end" : 377,
      "text" : ".",
      "whiteSpace" : false
    } ]
  }, {
    "id" : "s3",
    "begin" : 378,
    "end" : 585,
    "text" : "It was popularised in the 1960s with the release of Letraset sheets containing Lorem Ipsum passages, and more recently with desktop publishing software like Aldus PageMaker including versions of Lorem Ipsum.",
    "tokens" : [ {
      "id" : "s3-t0",
      "begin" : 378,
      "end" : 380,
      "text" : "It",
      "whiteSpace" : false
    }, {
      "id" : "s3-t1",
      "begin" : 381,
      "end" : 384,
      "text" : "was",
      "whiteSpace" : false
    }, {
      "id" : "s3-t2",
      "begin" : 385,
      "end" : 396,
      "text" : "popularised",
      "whiteSpace" : false
    }, {
      "id" : "s3-t3",
      "begin" : 397,
      "end" : 399,
      "text" : "in",
      "whiteSpace" : false
    }, {
      "id" : "s3-t4",
      "begin" : 400,
      "end" : 403,
      "text" : "the",
      "whiteSpace" : false
    }, {
      "id" : "s3-t5",
      "begin" : 404,
      "end" : 409,
      "text" : "1960s",
      "whiteSpace" : false
    }, {
      "id" : "s3-t6",
      "begin" : 410,
      "end" : 414,
      "text" : "with",
      "whiteSpace" : false
    }, {
      "id" : "s3-t7",
      "begin" : 415,
      "end" : 418,
      "text" : "the",
      "whiteSpace" : false
    }, {
      "id" : "s3-t8",
      "begin" : 419,
      "end" : 426,
      "text" : "release",
      "whiteSpace" : false
    }, {
      "id" : "s3-t9",
      "begin" : 427,
      "end" : 429,
      "text" : "of",
      "whiteSpace" : false
    }, {
      "id" : "s3-t10",
      "begin" : 430,
      "end" : 438,
      "text" : "Letraset",
      "whiteSpace" : false
    }, {
      "id" : "s3-t11",
      "begin" : 439,
      "end" : 445,
      "text" : "sheets",
      "whiteSpace" : false
    }, {
      "id" : "s3-t12",
      "begin" : 446,
      "end" : 456,
      "text" : "containing",
      "whiteSpace" : false
    }, {
      "id" : "s3-t13",
      "begin" : 457,
      "end" : 462,
      "text" : "Lorem",
      "whiteSpace" : false
    }, {
      "id" : "s3-t14",
      "begin" : 463,
      "end" : 468,
      "text" : "Ipsum",
      "whiteSpace" : false
    }, {
      "id" : "s3-t15",
      "begin" : 469,
      "end" : 477,
      "text" : "passages",
      "whiteSpace" : false
    }, {
      "id" : "s3-t16",
      "begin" : 477,
      "end" : 478,
      "text" : ",",
      "whiteSpace" : false
    }, {
      "id" : "s3-t17",
      "begin" : 479,
      "end" : 482,
      "text" : "and",
      "whiteSpace" : false
    }, {
      "id" : "s3-t18",
      "begin" : 483,
      "end" : 487,
      "text" : "more",
      "whiteSpace" : false
    }, {
      "id" : "s3-t19",
      "begin" : 488,
      "end" : 496,
      "text" : "recently",
      "whiteSpace" : false
    }, {
      "id" : "s3-t20",
      "begin" : 497,
      "end" : 501,
      "text" : "with",
      "whiteSpace" : false
    }, {
      "id" : "s3-t21",
      "begin" : 502,
      "end" : 509,
      "text" : "desktop",
      "whiteSpace" : false
    }, {
      "id" : "s3-t22",
      "begin" : 510,
      "end" : 520,
      "text" : "publishing",
      "whiteSpace" : false
    }, {
      "id" : "s3-t23",
      "begin" : 521,
      "end" : 529,
      "text" : "software",
      "whiteSpace" : false
    }, {
      "id" : "s3-t24",
      "begin" : 530,
      "end" : 534,
      "text" : "like",
      "whiteSpace" : false
    }, {
      "id" : "s3-t25",
      "begin" : 535,
      "end" : 540,
      "text" : "Aldus",
      "whiteSpace" : false
    }, {
      "id" : "s3-t26",
      "begin" : 541,
      "end" : 550,
      "text" : "PageMaker",
      "whiteSpace" : false
    }, {
      "id" : "s3-t27",
      "begin" : 551,
      "end" : 560,
      "text" : "including",
      "whiteSpace" : false
    }, {
      "id" : "s3-t28",
      "begin" : 561,
      "end" : 569,
      "text" : "versions",
      "whiteSpace" : false
    }, {
      "id" : "s3-t29",
      "begin" : 570,
      "end" : 572,
      "text" : "of",
      "whiteSpace" : false
    }, {
      "id" : "s3-t30",
      "begin" : 573,
      "end" : 578,
      "text" : "Lorem",
      "whiteSpace" : false
    }, {
      "id" : "s3-t31",
      "begin" : 579,
      "end" : 584,
      "text" : "Ipsum",
      "whiteSpace" : false
    }, {
      "id" : "s3-t32",
      "begin" : 584,
      "end" : 585,
      "text" : ".",
      "whiteSpace" : false
    } ]
  }, {
    "id" : "s4",
    "begin" : 589,
    "end" : 741,
    "text" : "For my verification my aadhar no is 0887-9090-1064-0011\r\nIncome gst can be refered from my pancard id is IITTL0234O\r\nI live at Avenue2,South coast,Kenya",
    "tokens" : [ {
      "id" : "s4-t0",
      "begin" : 589,
      "end" : 592,
      "text" : "For",
      "whiteSpace" : false
    }, {
      "id" : "s4-t1",
      "begin" : 593,
      "end" : 595,
      "text" : "my",
      "whiteSpace" : false
    }, {
      "id" : "s4-t2",
      "begin" : 596,
      "end" : 608,
      "text" : "verification",
      "whiteSpace" : false
    }, {
      "id" : "s4-t3",
      "begin" : 609,
      "end" : 611,
      "text" : "my",
      "whiteSpace" : false
    }, {
      "id" : "s4-t4",
      "begin" : 612,
      "end" : 618,
      "text" : "aadhar",
      "whiteSpace" : false
    }, {
      "id" : "s4-t5",
      "begin" : 619,
      "end" : 621,
      "text" : "no",
      "whiteSpace" : false
    }, {
      "id" : "s4-t6",
      "begin" : 622,
      "end" : 624,
      "text" : "is",
      "whiteSpace" : false
    }, {
      "id" : "s4-t7",
      "begin" : 625,
      "end" : 644,
      "text" : "0887-9090-1064-0011",
      "whiteSpace" : false
    }, {
      "id" : "s4-t8",
      "begin" : 646,
      "end" : 652,
      "text" : "Income",
      "whiteSpace" : false
    }, {
      "id" : "s4-t9",
      "begin" : 653,
      "end" : 656,
      "text" : "gst",
      "whiteSpace" : false
    }, {
      "id" : "s4-t10",
      "begin" : 657,
      "end" : 660,
      "text" : "can",
      "whiteSpace" : false
    }, {
      "id" : "s4-t11",
      "begin" : 661,
      "end" : 663,
      "text" : "be",
      "whiteSpace" : false
    }, {
      "id" : "s4-t12",
      "begin" : 664,
      "end" : 671,
      "text" : "refered",
      "whiteSpace" : false
    }, {
      "id" : "s4-t13",
      "begin" : 672,
      "end" : 676,
      "text" : "from",
      "whiteSpace" : false
    }, {
      "id" : "s4-t14",
      "begin" : 677,
      "end" : 679,
      "text" : "my",
      "whiteSpace" : false
    }, {
      "id" : "s4-t15",
      "begin" : 680,
      "end" : 687,
      "text" : "pancard",
      "whiteSpace" : false
    }, {
      "id" : "s4-t16",
      "begin" : 688,
      "end" : 690,
      "text" : "id",
      "whiteSpace" : false
    }, {
      "id" : "s4-t17",
      "begin" : 691,
      "end" : 693,
      "text" : "is",
      "whiteSpace" : false
    }, {
      "id" : "s4-t18",
      "begin" : 694,
      "end" : 704,
      "text" : "IITTL0234O",
      "whiteSpace" : false
    }, {
      "id" : "s4-t19",
      "begin" : 706,
      "end" : 707,
      "text" : "I",
      "whiteSpace" : false
    }, {
      "id" : "s4-t20",
      "begin" : 708,
      "end" : 712,
      "text" : "live",
      "whiteSpace" : false
    }, {
      "id" : "s4-t21",
      "begin" : 713,
      "end" : 715,
      "text" : "at",
      "whiteSpace" : false
    }, {
      "id" : "s4-t22",
      "begin" : 716,
      "end" : 723,
      "text" : "Avenue2",
      "whiteSpace" : false
    }, {
      "id" : "s4-t23",
      "begin" : 723,
      "end" : 724,
      "text" : ",",
      "whiteSpace" : false
    }, {
      "id" : "s4-t24",
      "begin" : 724,
      "end" : 729,
      "text" : "South",
      "whiteSpace" : false
    }, {
      "id" : "s4-t25",
      "begin" : 730,
      "end" : 735,
      "text" : "coast",
      "whiteSpace" : false
    }, {
      "id" : "s4-t26",
      "begin" : 735,
      "end" : 736,
      "text" : ",",
      "whiteSpace" : false
    }, {
      "id" : "s4-t27",
      "begin" : 736,
      "end" : 741,
      "text" : "Kenya",
      "whiteSpace" : false
    } ]
  }, {
    "id" : "s5",
    "begin" : 745,
    "end" : 784,
    "text" : "My name is Kishan  I work at OLA cabs .",
    "tokens" : [ {
      "id" : "s5-t0",
      "begin" : 745,
      "end" : 747,
      "text" : "My",
      "whiteSpace" : false
    }, {
      "id" : "s5-t1",
      "begin" : 748,
      "end" : 752,
      "text" : "name",
      "whiteSpace" : false
    }, {
      "id" : "s5-t2",
      "begin" : 753,
      "end" : 755,
      "text" : "is",
      "whiteSpace" : false
    }, {
      "id" : "s5-t3",
      "begin" : 756,
      "end" : 762,
      "text" : "Kishan",
      "whiteSpace" : false
    }, {
      "id" : "s5-t4",
      "begin" : 764,
      "end" : 765,
      "text" : "I",
      "whiteSpace" : false
    }, {
      "id" : "s5-t5",
      "begin" : 766,
      "end" : 770,
      "text" : "work",
      "whiteSpace" : false
    }, {
      "id" : "s5-t6",
      "begin" : 771,
      "end" : 773,
      "text" : "at",
      "whiteSpace" : false
    }, {
      "id" : "s5-t7",
      "begin" : 774,
      "end" : 777,
      "text" : "OLA",
      "whiteSpace" : false
    }, {
      "id" : "s5-t8",
      "begin" : 778,
      "end" : 782,
      "text" : "cabs",
      "whiteSpace" : false
    }, {
      "id" : "s5-t9",
      "begin" : 783,
      "end" : 784,
      "text" : ".",
      "whiteSpace" : false
    } ]
  }, {
    "id" : "s6",
    "begin" : 785,
    "end" : 809,
    "text" : "I am a Python Developer.",
    "tokens" : [ {
      "id" : "s6-t0",
      "begin" : 785,
      "end" : 786,
      "text" : "I",
      "whiteSpace" : false
    }, {
      "id" : "s6-t1",
      "begin" : 787,
      "end" : 789,
      "text" : "am",
      "whiteSpace" : false
    }, {
      "id" : "s6-t2",
      "begin" : 790,
      "end" : 791,
      "text" : "a",
      "whiteSpace" : false
    }, {
      "id" : "s6-t3",
      "begin" : 792,
      "end" : 798,
      "text" : "Python",
      "whiteSpace" : false
    }, {
      "id" : "s6-t4",
      "begin" : 799,
      "end" : 808,
      "text" : "Developer",
      "whiteSpace" : false
    }, {
      "id" : "s6-t5",
      "begin" : 808,
      "end" : 809,
      "text" : ".",
      "whiteSpace" : false
    } ]
  }, {
    "id" : "s7",
    "begin" : 811,
    "end" : 1017,
    "text" : "my email id is kishan67@gmail.com and my date of birth is 08/08/1999 My bank name is Indusland bank\r\nfor giving me an salary my bank account no is 5021234567\r\nPlease contact me at my mobile no is 9017480055",
    "tokens" : [ {
      "id" : "s7-t0",
      "begin" : 811,
      "end" : 813,
      "text" : "my",
      "whiteSpace" : false
    }, {
      "id" : "s7-t1",
      "begin" : 814,
      "end" : 819,
      "text" : "email",
      "whiteSpace" : false
    }, {
      "id" : "s7-t2",
      "begin" : 820,
      "end" : 822,
      "text" : "id",
      "whiteSpace" : false
    }, {
      "id" : "s7-t3",
      "begin" : 823,
      "end" : 825,
      "text" : "is",
      "whiteSpace" : false
    }, {
      "id" : "s7-t4",
      "begin" : 826,
      "end" : 844,
      "text" : "kishan67@gmail.com",
      "whiteSpace" : false
    }, {
      "id" : "s7-t5",
      "begin" : 845,
      "end" : 848,
      "text" : "and",
      "whiteSpace" : false
    }, {
      "id" : "s7-t6",
      "begin" : 849,
      "end" : 851,
      "text" : "my",
      "whiteSpace" : false
    }, {
      "id" : "s7-t7",
      "begin" : 852,
      "end" : 856,
      "text" : "date",
      "whiteSpace" : false
    }, {
      "id" : "s7-t8",
      "begin" : 857,
      "end" : 859,
      "text" : "of",
      "whiteSpace" : false
    }, {
      "id" : "s7-t9",
      "begin" : 860,
      "end" : 865,
      "text" : "birth",
      "whiteSpace" : false
    }, {
      "id" : "s7-t10",
      "begin" : 866,
      "end" : 868,
      "text" : "is",
      "whiteSpace" : false
    }, {
      "id" : "s7-t11",
      "begin" : 869,
      "end" : 879,
      "text" : "08/08/1999",
      "whiteSpace" : false
    }, {
      "id" : "s7-t12",
      "begin" : 880,
      "end" : 882,
      "text" : "My",
      "whiteSpace" : false
    }, {
      "id" : "s7-t13",
      "begin" : 883,
      "end" : 887,
      "text" : "bank",
      "whiteSpace" : false
    }, {
      "id" : "s7-t14",
      "begin" : 888,
      "end" : 892,
      "text" : "name",
      "whiteSpace" : false
    }, {
      "id" : "s7-t15",
      "begin" : 893,
      "end" : 895,
      "text" : "is",
      "whiteSpace" : false
    }, {
      "id" : "s7-t16",
      "begin" : 896,
      "end" : 905,
      "text" : "Indusland",
      "whiteSpace" : false
    }, {
      "id" : "s7-t17",
      "begin" : 906,
      "end" : 910,
      "text" : "bank",
      "whiteSpace" : false
    }, {
      "id" : "s7-t18",
      "begin" : 912,
      "end" : 915,
      "text" : "for",
      "whiteSpace" : false
    }, {
      "id" : "s7-t19",
      "begin" : 916,
      "end" : 922,
      "text" : "giving",
      "whiteSpace" : false
    }, {
      "id" : "s7-t20",
      "begin" : 923,
      "end" : 925,
      "text" : "me",
      "whiteSpace" : false
    }, {
      "id" : "s7-t21",
      "begin" : 926,
      "end" : 928,
      "text" : "an",
      "whiteSpace" : false
    }, {
      "id" : "s7-t22",
      "begin" : 929,
      "end" : 935,
      "text" : "salary",
      "whiteSpace" : false
    }, {
      "id" : "s7-t23",
      "begin" : 936,
      "end" : 938,
      "text" : "my",
      "whiteSpace" : false
    }, {
      "id" : "s7-t24",
      "begin" : 939,
      "end" : 943,
      "text" : "bank",
      "whiteSpace" : false
    }, {
      "id" : "s7-t25",
      "begin" : 944,
      "end" : 951,
      "text" : "account",
      "whiteSpace" : false
    }, {
      "id" : "s7-t26",
      "begin" : 952,
      "end" : 954,
      "text" : "no",
      "whiteSpace" : false
    }, {
      "id" : "s7-t27",
      "begin" : 955,
      "end" : 957,
      "text" : "is",
      "whiteSpace" : false
    }, {
      "id" : "s7-t28",
      "begin" : 958,
      "end" : 968,
      "text" : "5021234567",
      "whiteSpace" : false
    }, {
      "id" : "s7-t29",
      "begin" : 970,
      "end" : 976,
      "text" : "Please",
      "whiteSpace" : false
    }, {
      "id" : "s7-t30",
      "begin" : 977,
      "end" : 984,
      "text" : "contact",
      "whiteSpace" : false
    }, {
      "id" : "s7-t31",
      "begin" : 985,
      "end" : 987,
      "text" : "me",
      "whiteSpace" : false
    }, {
      "id" : "s7-t32",
      "begin" : 988,
      "end" : 990,
      "text" : "at",
      "whiteSpace" : false
    }, {
      "id" : "s7-t33",
      "begin" : 991,
      "end" : 993,
      "text" : "my",
      "whiteSpace" : false
    }, {
      "id" : "s7-t34",
      "begin" : 994,
      "end" : 1000,
      "text" : "mobile",
      "whiteSpace" : false
    }, {
      "id" : "s7-t35",
      "begin" : 1001,
      "end" : 1003,
      "text" : "no",
      "whiteSpace" : false
    }, {
      "id" : "s7-t36",
      "begin" : 1004,
      "end" : 1006,
      "text" : "is",
      "whiteSpace" : false
    }, {
      "id" : "s7-t37",
      "begin" : 1007,
      "end" : 1017,
      "text" : "9017480055",
      "whiteSpace" : false
    } ]
  } ],
  "mentions" : [ {
    "id" : "s0-m1",
    "properties" : {
      "SIRE_MENTION_ROLE" : "Company",
      "SIRE_ENTITY_SUBTYPE" : "NONE",
      "SIRE_MENTION_TYPE" : "NONE",
      "SIRE_MENTION_CLASS" : "SPC"
    },
    "type" : "Company",
    "begin" : 11,
    "end" : 22,
    "inCoref" : false
  }, {
    "id" : "s1-m1",
    "properties" : {
      "SIRE_MENTION_ROLE" : "Company",
      "SIRE_ENTITY_SUBTYPE" : "NONE",
      "SIRE_MENTION_TYPE" : "NONE",
      "SIRE_MENTION_CLASS" : "SPC"
    },
    "type" : "Company",
    "begin" : 86,
    "end" : 97,
    "inCoref" : false
  }, {
    "id" : "s4-m1",
    "properties" : {
      "SIRE_MENTION_ROLE" : "AadharCardNo",
      "SIRE_ENTITY_SUBTYPE" : "NONE",
      "SIRE_MENTION_TYPE" : "NONE",
      "SIRE_MENTION_CLASS" : "SPC"
    },
    "type" : "AadharCardNo",
    "begin" : 625,
    "end" : 644,
    "inCoref" : false
  }, {
    "id" : "s4-m2",
    "properties" : {
      "SIRE_MENTION_ROLE" : "PanCard",
      "SIRE_ENTITY_SUBTYPE" : "NONE",
      "SIRE_MENTION_TYPE" : "NONE",
      "SIRE_MENTION_CLASS" : "SPC"
    },
    "type" : "PanCard",
    "begin" : 694,
    "end" : 704,
    "inCoref" : false
  }, {
    "id" : "s4-m3",
    "properties" : {
      "SIRE_MENTION_ROLE" : "Address",
      "SIRE_ENTITY_SUBTYPE" : "NONE",
      "SIRE_MENTION_TYPE" : "NONE",
      "SIRE_MENTION_CLASS" : "SPC"
    },
    "type" : "Address",
    "begin" : 716,
    "end" : 739,
    "inCoref" : false
  }, {
    "id" : "s4-m4",
    "properties" : {
      "SIRE_MENTION_ROLE" : "Address",
      "SIRE_ENTITY_SUBTYPE" : "NONE",
      "SIRE_MENTION_TYPE" : "NONE",
      "SIRE_MENTION_CLASS" : "SPC"
    },
    "type" : "Address",
    "begin" : 736,
    "end" : 741,
    "inCoref" : false
  }, {
    "id" : "s5-m1",
    "properties" : {
      "SIRE_MENTION_ROLE" : "Name",
      "SIRE_ENTITY_SUBTYPE" : "NONE",
      "SIRE_MENTION_TYPE" : "NONE",
      "SIRE_MENTION_CLASS" : "SPC"
    },
    "type" : "Name",
    "begin" : 756,
    "end" : 762,
    "inCoref" : false
  }, {
    "id" : "s5-m2",
    "properties" : {
      "SIRE_MENTION_ROLE" : "Company",
      "SIRE_ENTITY_SUBTYPE" : "NONE",
      "SIRE_MENTION_TYPE" : "NONE",
      "SIRE_MENTION_CLASS" : "SPC"
    },
    "type" : "Company",
    "begin" : 774,
    "end" : 782,
    "inCoref" : false
  }, {
    "id" : "s7-m1",
    "properties" : {
      "SIRE_MENTION_ROLE" : "EmailId",
      "SIRE_ENTITY_SUBTYPE" : "NONE",
      "SIRE_MENTION_TYPE" : "NONE",
      "SIRE_MENTION_CLASS" : "SPC"
    },
    "type" : "EmailId",
    "begin" : 826,
    "end" : 844,
    "inCoref" : false
  }, {
    "id" : "s7-m2",
    "properties" : {
      "SIRE_MENTION_ROLE" : "DOB",
      "SIRE_ENTITY_SUBTYPE" : "NONE",
      "SIRE_MENTION_TYPE" : "NONE",
      "SIRE_MENTION_CLASS" : "SPC"
    },
    "type" : "DOB",
    "begin" : 869,
    "end" : 879,
    "inCoref" : false
  }, {
    "id" : "s7-m3",
    "properties" : {
      "SIRE_MENTION_ROLE" : "AccountNo",
      "SIRE_ENTITY_SUBTYPE" : "NONE",
      "SIRE_MENTION_TYPE" : "NONE",
      "SIRE_MENTION_CLASS" : "SPC"
    },
    "type" : "AccountNo",
    "begin" : 958,
    "end" : 968,
    "inCoref" : false
  }, {
    "id" : "s7-m4",
    "properties" : {
      "SIRE_MENTION_ROLE" : "MobileNo",
      "SIRE_ENTITY_SUBTYPE" : "NONE",
      "SIRE_MENTION_TYPE" : "NONE",
      "SIRE_MENTION_CLASS" : "SPC"
    },
    "type" : "MobileNo",
    "begin" : 1007,
    "end" : 1017,
    "inCoref" : false
  } ],
  "relations" : [ ],
  "corefs" : [ ],
  "typeResolved" : true,
  "userResolved" : false
}