{
  "id" : "ef260d20-3ce0-11e9-9a38-235c4e7dcc32-0",
  "name" : "data15.txt",
  "createdDate" : 0,
  "version" : 3,
  "text" : "Dear Sir,\r\nGoogle is a free and open source software wiki package written in PHP, originally for use on Wikipedia. It is now also used by several other projects of the non-profit Wikimedia Foundation\r\nand by many other wikis, including this website, the home of MediaWiki.\r\nMy name is selena I work at Acer Company . I am a Frontend Developer.\r\nmy email id is selena11@gmail.com and my date of birth is 10 June,1988 My bank name is Icici bank\r\nfor giving me an salary my bank account no is 8121230067\r\nPlease contact me at my mobile no is 9917481119\r\nmy hobbies are singing, playing football, laughing at comedy movies\r\nI will mail you soon\r\nI live at Block 2,II Colony,Sri lanka\r\nyour's respectfully,\r\nselena\r\n",
  "docLength" : 0,
  "language" : "EN",
  "status" : "SUBMITTED",
  "modifiedDate" : 1551529728364,
  "documentSet" : [ ],
  "preannotation" : [ ],
  "sentences" : [ {
    "id" : "s0",
    "begin" : 0,
    "end" : 114,
    "text" : "Dear Sir,\r\nGoogle is a free and open source software wiki package written in PHP, originally for use on Wikipedia.",
    "tokens" : [ {
      "id" : "s0-t0",
      "begin" : 0,
      "end" : 4,
      "text" : "Dear",
      "whiteSpace" : false
    }, {
      "id" : "s0-t1",
      "begin" : 5,
      "end" : 8,
      "text" : "Sir",
      "whiteSpace" : false
    }, {
      "id" : "s0-t2",
      "begin" : 8,
      "end" : 9,
      "text" : ",",
      "whiteSpace" : false
    }, {
      "id" : "s0-t3",
      "begin" : 11,
      "end" : 17,
      "text" : "Google",
      "whiteSpace" : false
    }, {
      "id" : "s0-t4",
      "begin" : 18,
      "end" : 20,
      "text" : "is",
      "whiteSpace" : false
    }, {
      "id" : "s0-t5",
      "begin" : 21,
      "end" : 22,
      "text" : "a",
      "whiteSpace" : false
    }, {
      "id" : "s0-t6",
      "begin" : 23,
      "end" : 27,
      "text" : "free",
      "whiteSpace" : false
    }, {
      "id" : "s0-t7",
      "begin" : 28,
      "end" : 31,
      "text" : "and",
      "whiteSpace" : false
    }, {
      "id" : "s0-t8",
      "begin" : 32,
      "end" : 36,
      "text" : "open",
      "whiteSpace" : false
    }, {
      "id" : "s0-t9",
      "begin" : 37,
      "end" : 43,
      "text" : "source",
      "whiteSpace" : false
    }, {
      "id" : "s0-t10",
      "begin" : 44,
      "end" : 52,
      "text" : "software",
      "whiteSpace" : false
    }, {
      "id" : "s0-t11",
      "begin" : 53,
      "end" : 57,
      "text" : "wiki",
      "whiteSpace" : false
    }, {
      "id" : "s0-t12",
      "begin" : 58,
      "end" : 65,
      "text" : "package",
      "whiteSpace" : false
    }, {
      "id" : "s0-t13",
      "begin" : 66,
      "end" : 73,
      "text" : "written",
      "whiteSpace" : false
    }, {
      "id" : "s0-t14",
      "begin" : 74,
      "end" : 76,
      "text" : "in",
      "whiteSpace" : false
    }, {
      "id" : "s0-t15",
      "begin" : 77,
      "end" : 80,
      "text" : "PHP",
      "whiteSpace" : false
    }, {
      "id" : "s0-t16",
      "begin" : 80,
      "end" : 81,
      "text" : ",",
      "whiteSpace" : false
    }, {
      "id" : "s0-t17",
      "begin" : 82,
      "end" : 92,
      "text" : "originally",
      "whiteSpace" : false
    }, {
      "id" : "s0-t18",
      "begin" : 93,
      "end" : 96,
      "text" : "for",
      "whiteSpace" : false
    }, {
      "id" : "s0-t19",
      "begin" : 97,
      "end" : 100,
      "text" : "use",
      "whiteSpace" : false
    }, {
      "id" : "s0-t20",
      "begin" : 101,
      "end" : 103,
      "text" : "on",
      "whiteSpace" : false
    }, {
      "id" : "s0-t21",
      "begin" : 104,
      "end" : 113,
      "text" : "Wikipedia",
      "whiteSpace" : false
    }, {
      "id" : "s0-t22",
      "begin" : 113,
      "end" : 114,
      "text" : ".",
      "whiteSpace" : false
    } ]
  }, {
    "id" : "s1",
    "begin" : 115,
    "end" : 272,
    "text" : "It is now also used by several other projects of the non-profit Wikimedia Foundation\r\nand by many other wikis, including this website, the home of MediaWiki.",
    "tokens" : [ {
      "id" : "s1-t0",
      "begin" : 115,
      "end" : 117,
      "text" : "It",
      "whiteSpace" : false
    }, {
      "id" : "s1-t1",
      "begin" : 118,
      "end" : 120,
      "text" : "is",
      "whiteSpace" : false
    }, {
      "id" : "s1-t2",
      "begin" : 121,
      "end" : 124,
      "text" : "now",
      "whiteSpace" : false
    }, {
      "id" : "s1-t3",
      "begin" : 125,
      "end" : 129,
      "text" : "also",
      "whiteSpace" : false
    }, {
      "id" : "s1-t4",
      "begin" : 130,
      "end" : 134,
      "text" : "used",
      "whiteSpace" : false
    }, {
      "id" : "s1-t5",
      "begin" : 135,
      "end" : 137,
      "text" : "by",
      "whiteSpace" : false
    }, {
      "id" : "s1-t6",
      "begin" : 138,
      "end" : 145,
      "text" : "several",
      "whiteSpace" : false
    }, {
      "id" : "s1-t7",
      "begin" : 146,
      "end" : 151,
      "text" : "other",
      "whiteSpace" : false
    }, {
      "id" : "s1-t8",
      "begin" : 152,
      "end" : 160,
      "text" : "projects",
      "whiteSpace" : false
    }, {
      "id" : "s1-t9",
      "begin" : 161,
      "end" : 163,
      "text" : "of",
      "whiteSpace" : false
    }, {
      "id" : "s1-t10",
      "begin" : 164,
      "end" : 167,
      "text" : "the",
      "whiteSpace" : false
    }, {
      "id" : "s1-t11",
      "begin" : 168,
      "end" : 178,
      "text" : "non-profit",
      "whiteSpace" : false
    }, {
      "id" : "s1-t12",
      "begin" : 179,
      "end" : 188,
      "text" : "Wikimedia",
      "whiteSpace" : false
    }, {
      "id" : "s1-t13",
      "begin" : 189,
      "end" : 199,
      "text" : "Foundation",
      "whiteSpace" : false
    }, {
      "id" : "s1-t14",
      "begin" : 201,
      "end" : 204,
      "text" : "and",
      "whiteSpace" : false
    }, {
      "id" : "s1-t15",
      "begin" : 205,
      "end" : 207,
      "text" : "by",
      "whiteSpace" : false
    }, {
      "id" : "s1-t16",
      "begin" : 208,
      "end" : 212,
      "text" : "many",
      "whiteSpace" : false
    }, {
      "id" : "s1-t17",
      "begin" : 213,
      "end" : 218,
      "text" : "other",
      "whiteSpace" : false
    }, {
      "id" : "s1-t18",
      "begin" : 219,
      "end" : 224,
      "text" : "wikis",
      "whiteSpace" : false
    }, {
      "id" : "s1-t19",
      "begin" : 224,
      "end" : 225,
      "text" : ",",
      "whiteSpace" : false
    }, {
      "id" : "s1-t20",
      "begin" : 226,
      "end" : 235,
      "text" : "including",
      "whiteSpace" : false
    }, {
      "id" : "s1-t21",
      "begin" : 236,
      "end" : 240,
      "text" : "this",
      "whiteSpace" : false
    }, {
      "id" : "s1-t22",
      "begin" : 241,
      "end" : 248,
      "text" : "website",
      "whiteSpace" : false
    }, {
      "id" : "s1-t23",
      "begin" : 248,
      "end" : 249,
      "text" : ",",
      "whiteSpace" : false
    }, {
      "id" : "s1-t24",
      "begin" : 250,
      "end" : 253,
      "text" : "the",
      "whiteSpace" : false
    }, {
      "id" : "s1-t25",
      "begin" : 254,
      "end" : 258,
      "text" : "home",
      "whiteSpace" : false
    }, {
      "id" : "s1-t26",
      "begin" : 259,
      "end" : 261,
      "text" : "of",
      "whiteSpace" : false
    }, {
      "id" : "s1-t27",
      "begin" : 262,
      "end" : 271,
      "text" : "MediaWiki",
      "whiteSpace" : false
    }, {
      "id" : "s1-t28",
      "begin" : 271,
      "end" : 272,
      "text" : ".",
      "whiteSpace" : false
    } ]
  }, {
    "id" : "s2",
    "begin" : 274,
    "end" : 316,
    "text" : "My name is selena I work at Acer Company .",
    "tokens" : [ {
      "id" : "s2-t0",
      "begin" : 274,
      "end" : 276,
      "text" : "My",
      "whiteSpace" : false
    }, {
      "id" : "s2-t1",
      "begin" : 277,
      "end" : 281,
      "text" : "name",
      "whiteSpace" : false
    }, {
      "id" : "s2-t2",
      "begin" : 282,
      "end" : 284,
      "text" : "is",
      "whiteSpace" : false
    }, {
      "id" : "s2-t3",
      "begin" : 285,
      "end" : 291,
      "text" : "selena",
      "whiteSpace" : false
    }, {
      "id" : "s2-t4",
      "begin" : 292,
      "end" : 293,
      "text" : "I",
      "whiteSpace" : false
    }, {
      "id" : "s2-t5",
      "begin" : 294,
      "end" : 298,
      "text" : "work",
      "whiteSpace" : false
    }, {
      "id" : "s2-t6",
      "begin" : 299,
      "end" : 301,
      "text" : "at",
      "whiteSpace" : false
    }, {
      "id" : "s2-t7",
      "begin" : 302,
      "end" : 306,
      "text" : "Acer",
      "whiteSpace" : false
    }, {
      "id" : "s2-t8",
      "begin" : 307,
      "end" : 314,
      "text" : "Company",
      "whiteSpace" : false
    }, {
      "id" : "s2-t9",
      "begin" : 315,
      "end" : 316,
      "text" : ".",
      "whiteSpace" : false
    } ]
  }, {
    "id" : "s3",
    "begin" : 317,
    "end" : 343,
    "text" : "I am a Frontend Developer.",
    "tokens" : [ {
      "id" : "s3-t0",
      "begin" : 317,
      "end" : 318,
      "text" : "I",
      "whiteSpace" : false
    }, {
      "id" : "s3-t1",
      "begin" : 319,
      "end" : 321,
      "text" : "am",
      "whiteSpace" : false
    }, {
      "id" : "s3-t2",
      "begin" : 322,
      "end" : 323,
      "text" : "a",
      "whiteSpace" : false
    }, {
      "id" : "s3-t3",
      "begin" : 324,
      "end" : 332,
      "text" : "Frontend",
      "whiteSpace" : false
    }, {
      "id" : "s3-t4",
      "begin" : 333,
      "end" : 342,
      "text" : "Developer",
      "whiteSpace" : false
    }, {
      "id" : "s3-t5",
      "begin" : 342,
      "end" : 343,
      "text" : ".",
      "whiteSpace" : false
    } ]
  }, {
    "id" : "s4",
    "begin" : 345,
    "end" : 709,
    "text" : "my email id is selena11@gmail.com and my date of birth is 10 June,1988 My bank name is Icici bank\r\nfor giving me an salary my bank account no is 8121230067\r\nPlease contact me at my mobile no is 9917481119\r\nmy hobbies are singing, playing football, laughing at comedy movies\r\nI will mail you soon\r\nI live at Block 2,II Colony,Sri lanka\r\nyour's respectfully,\r\nselena",
    "tokens" : [ {
      "id" : "s4-t0",
      "begin" : 345,
      "end" : 347,
      "text" : "my",
      "whiteSpace" : false
    }, {
      "id" : "s4-t1",
      "begin" : 348,
      "end" : 353,
      "text" : "email",
      "whiteSpace" : false
    }, {
      "id" : "s4-t2",
      "begin" : 354,
      "end" : 356,
      "text" : "id",
      "whiteSpace" : false
    }, {
      "id" : "s4-t3",
      "begin" : 357,
      "end" : 359,
      "text" : "is",
      "whiteSpace" : false
    }, {
      "id" : "s4-t4",
      "begin" : 360,
      "end" : 378,
      "text" : "selena11@gmail.com",
      "whiteSpace" : false
    }, {
      "id" : "s4-t5",
      "begin" : 379,
      "end" : 382,
      "text" : "and",
      "whiteSpace" : false
    }, {
      "id" : "s4-t6",
      "begin" : 383,
      "end" : 385,
      "text" : "my",
      "whiteSpace" : false
    }, {
      "id" : "s4-t7",
      "begin" : 386,
      "end" : 390,
      "text" : "date",
      "whiteSpace" : false
    }, {
      "id" : "s4-t8",
      "begin" : 391,
      "end" : 393,
      "text" : "of",
      "whiteSpace" : false
    }, {
      "id" : "s4-t9",
      "begin" : 394,
      "end" : 399,
      "text" : "birth",
      "whiteSpace" : false
    }, {
      "id" : "s4-t10",
      "begin" : 400,
      "end" : 402,
      "text" : "is",
      "whiteSpace" : false
    }, {
      "id" : "s4-t11",
      "begin" : 403,
      "end" : 405,
      "text" : "10",
      "whiteSpace" : false
    }, {
      "id" : "s4-t12",
      "begin" : 406,
      "end" : 410,
      "text" : "June",
      "whiteSpace" : false
    }, {
      "id" : "s4-t13",
      "begin" : 410,
      "end" : 411,
      "text" : ",",
      "whiteSpace" : false
    }, {
      "id" : "s4-t14",
      "begin" : 411,
      "end" : 415,
      "text" : "1988",
      "whiteSpace" : false
    }, {
      "id" : "s4-t15",
      "begin" : 416,
      "end" : 418,
      "text" : "My",
      "whiteSpace" : false
    }, {
      "id" : "s4-t16",
      "begin" : 419,
      "end" : 423,
      "text" : "bank",
      "whiteSpace" : false
    }, {
      "id" : "s4-t17",
      "begin" : 424,
      "end" : 428,
      "text" : "name",
      "whiteSpace" : false
    }, {
      "id" : "s4-t18",
      "begin" : 429,
      "end" : 431,
      "text" : "is",
      "whiteSpace" : false
    }, {
      "id" : "s4-t19",
      "begin" : 432,
      "end" : 437,
      "text" : "Icici",
      "whiteSpace" : false
    }, {
      "id" : "s4-t20",
      "begin" : 438,
      "end" : 442,
      "text" : "bank",
      "whiteSpace" : false
    }, {
      "id" : "s4-t21",
      "begin" : 444,
      "end" : 447,
      "text" : "for",
      "whiteSpace" : false
    }, {
      "id" : "s4-t22",
      "begin" : 448,
      "end" : 454,
      "text" : "giving",
      "whiteSpace" : false
    }, {
      "id" : "s4-t23",
      "begin" : 455,
      "end" : 457,
      "text" : "me",
      "whiteSpace" : false
    }, {
      "id" : "s4-t24",
      "begin" : 458,
      "end" : 460,
      "text" : "an",
      "whiteSpace" : false
    }, {
      "id" : "s4-t25",
      "begin" : 461,
      "end" : 467,
      "text" : "salary",
      "whiteSpace" : false
    }, {
      "id" : "s4-t26",
      "begin" : 468,
      "end" : 470,
      "text" : "my",
      "whiteSpace" : false
    }, {
      "id" : "s4-t27",
      "begin" : 471,
      "end" : 475,
      "text" : "bank",
      "whiteSpace" : false
    }, {
      "id" : "s4-t28",
      "begin" : 476,
      "end" : 483,
      "text" : "account",
      "whiteSpace" : false
    }, {
      "id" : "s4-t29",
      "begin" : 484,
      "end" : 486,
      "text" : "no",
      "whiteSpace" : false
    }, {
      "id" : "s4-t30",
      "begin" : 487,
      "end" : 489,
      "text" : "is",
      "whiteSpace" : false
    }, {
      "id" : "s4-t31",
      "begin" : 490,
      "end" : 500,
      "text" : "8121230067",
      "whiteSpace" : false
    }, {
      "id" : "s4-t32",
      "begin" : 502,
      "end" : 508,
      "text" : "Please",
      "whiteSpace" : false
    }, {
      "id" : "s4-t33",
      "begin" : 509,
      "end" : 516,
      "text" : "contact",
      "whiteSpace" : false
    }, {
      "id" : "s4-t34",
      "begin" : 517,
      "end" : 519,
      "text" : "me",
      "whiteSpace" : false
    }, {
      "id" : "s4-t35",
      "begin" : 520,
      "end" : 522,
      "text" : "at",
      "whiteSpace" : false
    }, {
      "id" : "s4-t36",
      "begin" : 523,
      "end" : 525,
      "text" : "my",
      "whiteSpace" : false
    }, {
      "id" : "s4-t37",
      "begin" : 526,
      "end" : 532,
      "text" : "mobile",
      "whiteSpace" : false
    }, {
      "id" : "s4-t38",
      "begin" : 533,
      "end" : 535,
      "text" : "no",
      "whiteSpace" : false
    }, {
      "id" : "s4-t39",
      "begin" : 536,
      "end" : 538,
      "text" : "is",
      "whiteSpace" : false
    }, {
      "id" : "s4-t40",
      "begin" : 539,
      "end" : 549,
      "text" : "9917481119",
      "whiteSpace" : false
    }, {
      "id" : "s4-t41",
      "begin" : 551,
      "end" : 553,
      "text" : "my",
      "whiteSpace" : false
    }, {
      "id" : "s4-t42",
      "begin" : 554,
      "end" : 561,
      "text" : "hobbies",
      "whiteSpace" : false
    }, {
      "id" : "s4-t43",
      "begin" : 562,
      "end" : 565,
      "text" : "are",
      "whiteSpace" : false
    }, {
      "id" : "s4-t44",
      "begin" : 566,
      "end" : 573,
      "text" : "singing",
      "whiteSpace" : false
    }, {
      "id" : "s4-t45",
      "begin" : 573,
      "end" : 574,
      "text" : ",",
      "whiteSpace" : false
    }, {
      "id" : "s4-t46",
      "begin" : 575,
      "end" : 582,
      "text" : "playing",
      "whiteSpace" : false
    }, {
      "id" : "s4-t47",
      "begin" : 583,
      "end" : 591,
      "text" : "football",
      "whiteSpace" : false
    }, {
      "id" : "s4-t48",
      "begin" : 591,
      "end" : 592,
      "text" : ",",
      "whiteSpace" : false
    }, {
      "id" : "s4-t49",
      "begin" : 593,
      "end" : 601,
      "text" : "laughing",
      "whiteSpace" : false
    }, {
      "id" : "s4-t50",
      "begin" : 602,
      "end" : 604,
      "text" : "at",
      "whiteSpace" : false
    }, {
      "id" : "s4-t51",
      "begin" : 605,
      "end" : 611,
      "text" : "comedy",
      "whiteSpace" : false
    }, {
      "id" : "s4-t52",
      "begin" : 612,
      "end" : 618,
      "text" : "movies",
      "whiteSpace" : false
    }, {
      "id" : "s4-t53",
      "begin" : 620,
      "end" : 621,
      "text" : "I",
      "whiteSpace" : false
    }, {
      "id" : "s4-t54",
      "begin" : 622,
      "end" : 626,
      "text" : "will",
      "whiteSpace" : false
    }, {
      "id" : "s4-t55",
      "begin" : 627,
      "end" : 631,
      "text" : "mail",
      "whiteSpace" : false
    }, {
      "id" : "s4-t56",
      "begin" : 632,
      "end" : 635,
      "text" : "you",
      "whiteSpace" : false
    }, {
      "id" : "s4-t57",
      "begin" : 636,
      "end" : 640,
      "text" : "soon",
      "whiteSpace" : false
    }, {
      "id" : "s4-t58",
      "begin" : 642,
      "end" : 643,
      "text" : "I",
      "whiteSpace" : false
    }, {
      "id" : "s4-t59",
      "begin" : 644,
      "end" : 648,
      "text" : "live",
      "whiteSpace" : false
    }, {
      "id" : "s4-t60",
      "begin" : 649,
      "end" : 651,
      "text" : "at",
      "whiteSpace" : false
    }, {
      "id" : "s4-t61",
      "begin" : 652,
      "end" : 657,
      "text" : "Block",
      "whiteSpace" : false
    }, {
      "id" : "s4-t62",
      "begin" : 658,
      "end" : 659,
      "text" : "2",
      "whiteSpace" : false
    }, {
      "id" : "s4-t63",
      "begin" : 659,
      "end" : 660,
      "text" : ",",
      "whiteSpace" : false
    }, {
      "id" : "s4-t64",
      "begin" : 660,
      "end" : 662,
      "text" : "II",
      "whiteSpace" : false
    }, {
      "id" : "s4-t65",
      "begin" : 663,
      "end" : 669,
      "text" : "Colony",
      "whiteSpace" : false
    }, {
      "id" : "s4-t66",
      "begin" : 669,
      "end" : 670,
      "text" : ",",
      "whiteSpace" : false
    }, {
      "id" : "s4-t67",
      "begin" : 670,
      "end" : 673,
      "text" : "Sri",
      "whiteSpace" : false
    }, {
      "id" : "s4-t68",
      "begin" : 674,
      "end" : 679,
      "text" : "lanka",
      "whiteSpace" : false
    }, {
      "id" : "s4-t69",
      "begin" : 681,
      "end" : 685,
      "text" : "your",
      "whiteSpace" : false
    }, {
      "id" : "s4-t70",
      "begin" : 685,
      "end" : 687,
      "text" : "'s",
      "whiteSpace" : false
    }, {
      "id" : "s4-t71",
      "begin" : 688,
      "end" : 700,
      "text" : "respectfully",
      "whiteSpace" : false
    }, {
      "id" : "s4-t72",
      "begin" : 700,
      "end" : 701,
      "text" : ",",
      "whiteSpace" : false
    }, {
      "id" : "s4-t73",
      "begin" : 703,
      "end" : 709,
      "text" : "selena",
      "whiteSpace" : false
    } ]
  } ],
  "mentions" : [ {
    "id" : "s0-m1",
    "properties" : {
      "SIRE_MENTION_ROLE" : "Company",
      "SIRE_ENTITY_SUBTYPE" : "NONE",
      "SIRE_MENTION_TYPE" : "NONE",
      "SIRE_MENTION_CLASS" : "SPC"
    },
    "type" : "Company",
    "begin" : 11,
    "end" : 17,
    "inCoref" : false
  }, {
    "id" : "s1-m1",
    "properties" : {
      "SIRE_MENTION_ROLE" : "Company",
      "SIRE_ENTITY_SUBTYPE" : "NONE",
      "SIRE_MENTION_TYPE" : "NONE",
      "SIRE_MENTION_CLASS" : "SPC"
    },
    "type" : "Company",
    "begin" : 262,
    "end" : 271,
    "inCoref" : false
  }, {
    "id" : "s2-m2",
    "properties" : {
      "SIRE_MENTION_ROLE" : "Name",
      "SIRE_ENTITY_SUBTYPE" : "NONE",
      "SIRE_MENTION_TYPE" : "NONE",
      "SIRE_MENTION_CLASS" : "SPC"
    },
    "type" : "Name",
    "begin" : 285,
    "end" : 291,
    "inCoref" : false
  }, {
    "id" : "s2-m1",
    "properties" : {
      "SIRE_MENTION_ROLE" : "Company",
      "SIRE_ENTITY_SUBTYPE" : "NONE",
      "SIRE_MENTION_TYPE" : "NONE",
      "SIRE_MENTION_CLASS" : "SPC"
    },
    "type" : "Company",
    "begin" : 302,
    "end" : 306,
    "inCoref" : false
  }, {
    "id" : "s4-m1",
    "properties" : {
      "SIRE_MENTION_ROLE" : "EmailId",
      "SIRE_ENTITY_SUBTYPE" : "NONE",
      "SIRE_MENTION_TYPE" : "NONE",
      "SIRE_MENTION_CLASS" : "SPC"
    },
    "type" : "EmailId",
    "begin" : 360,
    "end" : 378,
    "inCoref" : false
  }, {
    "id" : "s4-m4",
    "properties" : {
      "SIRE_MENTION_ROLE" : "DOB",
      "SIRE_ENTITY_SUBTYPE" : "NONE",
      "SIRE_MENTION_TYPE" : "NONE",
      "SIRE_MENTION_CLASS" : "SPC"
    },
    "type" : "DOB",
    "begin" : 403,
    "end" : 415,
    "inCoref" : false
  }, {
    "id" : "s4-m5",
    "properties" : {
      "SIRE_MENTION_ROLE" : "AccountNo",
      "SIRE_ENTITY_SUBTYPE" : "NONE",
      "SIRE_MENTION_TYPE" : "NONE",
      "SIRE_MENTION_CLASS" : "SPC"
    },
    "type" : "AccountNo",
    "begin" : 490,
    "end" : 500,
    "inCoref" : false
  }, {
    "id" : "s4-m6",
    "properties" : {
      "SIRE_MENTION_ROLE" : "MobileNo",
      "SIRE_ENTITY_SUBTYPE" : "NONE",
      "SIRE_MENTION_TYPE" : "NONE",
      "SIRE_MENTION_CLASS" : "SPC"
    },
    "type" : "MobileNo",
    "begin" : 539,
    "end" : 549,
    "inCoref" : false
  }, {
    "id" : "s4-m7",
    "properties" : {
      "SIRE_MENTION_ROLE" : "Address",
      "SIRE_ENTITY_SUBTYPE" : "NONE",
      "SIRE_MENTION_TYPE" : "NONE",
      "SIRE_MENTION_CLASS" : "SPC"
    },
    "type" : "Address",
    "begin" : 652,
    "end" : 679,
    "inCoref" : false
  }, {
    "id" : "s4-m8",
    "properties" : {
      "SIRE_MENTION_ROLE" : "Name",
      "SIRE_ENTITY_SUBTYPE" : "NONE",
      "SIRE_MENTION_TYPE" : "NONE",
      "SIRE_MENTION_CLASS" : "SPC"
    },
    "type" : "Name",
    "begin" : 703,
    "end" : 709,
    "inCoref" : false
  } ],
  "relations" : [ ],
  "corefs" : [ ],
  "typeResolved" : true,
  "userResolved" : false
}