{
  "id" : "f24a0970-3ce0-11e9-a384-4d0969022ab9-0",
  "name" : "data16.txt",
  "createdDate" : 0,
  "version" : 3,
  "text" : "Dear Sir,bill id A1290 throught the session\r\nMy name is sadaf and I am a girl\r\nmy email id is mohan@gmail.com\r\n text ever since the 1500s, when an unknown printer took a galley of type and scrambled it to make a type specimen book. I\r\nmy bank account no is 0601230981\r\nmy mobile no is 9997868378\r\nmy aadhar no is 9568-4556-4344-4567\r\nmy pancard id is AAAPL1234C\r\nmy address is flat 34,sector-23,Boring road,Delhi\r\nI have bought a car of $80,038\r\n",
  "docLength" : 0,
  "language" : "EN",
  "status" : "SUBMITTED",
  "modifiedDate" : 1551529798252,
  "documentSet" : [ ],
  "preannotation" : [ ],
  "sentences" : [ {
    "id" : "s0",
    "begin" : 0,
    "end" : 231,
    "text" : "Dear Sir,bill id A1290 throught the session\r\nMy name is sadaf and I am a girl\r\nmy email id is mohan@gmail.com\r\n text ever since the 1500s, when an unknown printer took a galley of type and scrambled it to make a type specimen book.",
    "tokens" : [ {
      "id" : "s0-t0",
      "begin" : 0,
      "end" : 4,
      "text" : "Dear",
      "whiteSpace" : false
    }, {
      "id" : "s0-t1",
      "begin" : 5,
      "end" : 8,
      "text" : "Sir",
      "whiteSpace" : false
    }, {
      "id" : "s0-t2",
      "begin" : 8,
      "end" : 9,
      "text" : ",",
      "whiteSpace" : false
    }, {
      "id" : "s0-t3",
      "begin" : 9,
      "end" : 13,
      "text" : "bill",
      "whiteSpace" : false
    }, {
      "id" : "s0-t4",
      "begin" : 14,
      "end" : 16,
      "text" : "id",
      "whiteSpace" : false
    }, {
      "id" : "s0-t5",
      "begin" : 17,
      "end" : 22,
      "text" : "A1290",
      "whiteSpace" : false
    }, {
      "id" : "s0-t6",
      "begin" : 23,
      "end" : 31,
      "text" : "throught",
      "whiteSpace" : false
    }, {
      "id" : "s0-t7",
      "begin" : 32,
      "end" : 35,
      "text" : "the",
      "whiteSpace" : false
    }, {
      "id" : "s0-t8",
      "begin" : 36,
      "end" : 43,
      "text" : "session",
      "whiteSpace" : false
    }, {
      "id" : "s0-t9",
      "begin" : 45,
      "end" : 47,
      "text" : "My",
      "whiteSpace" : false
    }, {
      "id" : "s0-t10",
      "begin" : 48,
      "end" : 52,
      "text" : "name",
      "whiteSpace" : false
    }, {
      "id" : "s0-t11",
      "begin" : 53,
      "end" : 55,
      "text" : "is",
      "whiteSpace" : false
    }, {
      "id" : "s0-t12",
      "begin" : 56,
      "end" : 61,
      "text" : "sadaf",
      "whiteSpace" : false
    }, {
      "id" : "s0-t13",
      "begin" : 62,
      "end" : 65,
      "text" : "and",
      "whiteSpace" : false
    }, {
      "id" : "s0-t14",
      "begin" : 66,
      "end" : 67,
      "text" : "I",
      "whiteSpace" : false
    }, {
      "id" : "s0-t15",
      "begin" : 68,
      "end" : 70,
      "text" : "am",
      "whiteSpace" : false
    }, {
      "id" : "s0-t16",
      "begin" : 71,
      "end" : 72,
      "text" : "a",
      "whiteSpace" : false
    }, {
      "id" : "s0-t17",
      "begin" : 73,
      "end" : 77,
      "text" : "girl",
      "whiteSpace" : false
    }, {
      "id" : "s0-t18",
      "begin" : 79,
      "end" : 81,
      "text" : "my",
      "whiteSpace" : false
    }, {
      "id" : "s0-t19",
      "begin" : 82,
      "end" : 87,
      "text" : "email",
      "whiteSpace" : false
    }, {
      "id" : "s0-t20",
      "begin" : 88,
      "end" : 90,
      "text" : "id",
      "whiteSpace" : false
    }, {
      "id" : "s0-t21",
      "begin" : 91,
      "end" : 93,
      "text" : "is",
      "whiteSpace" : false
    }, {
      "id" : "s0-t22",
      "begin" : 94,
      "end" : 109,
      "text" : "mohan@gmail.com",
      "whiteSpace" : false
    }, {
      "id" : "s0-t23",
      "begin" : 112,
      "end" : 116,
      "text" : "text",
      "whiteSpace" : false
    }, {
      "id" : "s0-t24",
      "begin" : 117,
      "end" : 121,
      "text" : "ever",
      "whiteSpace" : false
    }, {
      "id" : "s0-t25",
      "begin" : 122,
      "end" : 127,
      "text" : "since",
      "whiteSpace" : false
    }, {
      "id" : "s0-t26",
      "begin" : 128,
      "end" : 131,
      "text" : "the",
      "whiteSpace" : false
    }, {
      "id" : "s0-t27",
      "begin" : 132,
      "end" : 137,
      "text" : "1500s",
      "whiteSpace" : false
    }, {
      "id" : "s0-t28",
      "begin" : 137,
      "end" : 138,
      "text" : ",",
      "whiteSpace" : false
    }, {
      "id" : "s0-t29",
      "begin" : 139,
      "end" : 143,
      "text" : "when",
      "whiteSpace" : false
    }, {
      "id" : "s0-t30",
      "begin" : 144,
      "end" : 146,
      "text" : "an",
      "whiteSpace" : false
    }, {
      "id" : "s0-t31",
      "begin" : 147,
      "end" : 154,
      "text" : "unknown",
      "whiteSpace" : false
    }, {
      "id" : "s0-t32",
      "begin" : 155,
      "end" : 162,
      "text" : "printer",
      "whiteSpace" : false
    }, {
      "id" : "s0-t33",
      "begin" : 163,
      "end" : 167,
      "text" : "took",
      "whiteSpace" : false
    }, {
      "id" : "s0-t34",
      "begin" : 168,
      "end" : 169,
      "text" : "a",
      "whiteSpace" : false
    }, {
      "id" : "s0-t35",
      "begin" : 170,
      "end" : 176,
      "text" : "galley",
      "whiteSpace" : false
    }, {
      "id" : "s0-t36",
      "begin" : 177,
      "end" : 179,
      "text" : "of",
      "whiteSpace" : false
    }, {
      "id" : "s0-t37",
      "begin" : 180,
      "end" : 184,
      "text" : "type",
      "whiteSpace" : false
    }, {
      "id" : "s0-t38",
      "begin" : 185,
      "end" : 188,
      "text" : "and",
      "whiteSpace" : false
    }, {
      "id" : "s0-t39",
      "begin" : 189,
      "end" : 198,
      "text" : "scrambled",
      "whiteSpace" : false
    }, {
      "id" : "s0-t40",
      "begin" : 199,
      "end" : 201,
      "text" : "it",
      "whiteSpace" : false
    }, {
      "id" : "s0-t41",
      "begin" : 202,
      "end" : 204,
      "text" : "to",
      "whiteSpace" : false
    }, {
      "id" : "s0-t42",
      "begin" : 205,
      "end" : 209,
      "text" : "make",
      "whiteSpace" : false
    }, {
      "id" : "s0-t43",
      "begin" : 210,
      "end" : 211,
      "text" : "a",
      "whiteSpace" : false
    }, {
      "id" : "s0-t44",
      "begin" : 212,
      "end" : 216,
      "text" : "type",
      "whiteSpace" : false
    }, {
      "id" : "s0-t45",
      "begin" : 217,
      "end" : 225,
      "text" : "specimen",
      "whiteSpace" : false
    }, {
      "id" : "s0-t46",
      "begin" : 226,
      "end" : 230,
      "text" : "book",
      "whiteSpace" : false
    }, {
      "id" : "s0-t47",
      "begin" : 230,
      "end" : 231,
      "text" : ".",
      "whiteSpace" : false
    } ]
  }, {
    "id" : "s1",
    "begin" : 232,
    "end" : 444,
    "text" : "I\r\nmy bank account no is 0601230981\r\nmy mobile no is 9997868378\r\nmy aadhar no is 9568-4556-4344-4567\r\nmy pancard id is AAAPL1234C\r\nmy address is flat 34,sector-23,Boring road,Delhi\r\nI have bought a car of $80,038",
    "tokens" : [ {
      "id" : "s1-t0",
      "begin" : 232,
      "end" : 233,
      "text" : "I",
      "whiteSpace" : false
    }, {
      "id" : "s1-t1",
      "begin" : 235,
      "end" : 237,
      "text" : "my",
      "whiteSpace" : false
    }, {
      "id" : "s1-t2",
      "begin" : 238,
      "end" : 242,
      "text" : "bank",
      "whiteSpace" : false
    }, {
      "id" : "s1-t3",
      "begin" : 243,
      "end" : 250,
      "text" : "account",
      "whiteSpace" : false
    }, {
      "id" : "s1-t4",
      "begin" : 251,
      "end" : 253,
      "text" : "no",
      "whiteSpace" : false
    }, {
      "id" : "s1-t5",
      "begin" : 254,
      "end" : 256,
      "text" : "is",
      "whiteSpace" : false
    }, {
      "id" : "s1-t6",
      "begin" : 257,
      "end" : 267,
      "text" : "0601230981",
      "whiteSpace" : false
    }, {
      "id" : "s1-t7",
      "begin" : 269,
      "end" : 271,
      "text" : "my",
      "whiteSpace" : false
    }, {
      "id" : "s1-t8",
      "begin" : 272,
      "end" : 278,
      "text" : "mobile",
      "whiteSpace" : false
    }, {
      "id" : "s1-t9",
      "begin" : 279,
      "end" : 281,
      "text" : "no",
      "whiteSpace" : false
    }, {
      "id" : "s1-t10",
      "begin" : 282,
      "end" : 284,
      "text" : "is",
      "whiteSpace" : false
    }, {
      "id" : "s1-t11",
      "begin" : 285,
      "end" : 295,
      "text" : "9997868378",
      "whiteSpace" : false
    }, {
      "id" : "s1-t12",
      "begin" : 297,
      "end" : 299,
      "text" : "my",
      "whiteSpace" : false
    }, {
      "id" : "s1-t13",
      "begin" : 300,
      "end" : 306,
      "text" : "aadhar",
      "whiteSpace" : false
    }, {
      "id" : "s1-t14",
      "begin" : 307,
      "end" : 309,
      "text" : "no",
      "whiteSpace" : false
    }, {
      "id" : "s1-t15",
      "begin" : 310,
      "end" : 312,
      "text" : "is",
      "whiteSpace" : false
    }, {
      "id" : "s1-t16",
      "begin" : 313,
      "end" : 332,
      "text" : "9568-4556-4344-4567",
      "whiteSpace" : false
    }, {
      "id" : "s1-t17",
      "begin" : 334,
      "end" : 336,
      "text" : "my",
      "whiteSpace" : false
    }, {
      "id" : "s1-t18",
      "begin" : 337,
      "end" : 344,
      "text" : "pancard",
      "whiteSpace" : false
    }, {
      "id" : "s1-t19",
      "begin" : 345,
      "end" : 347,
      "text" : "id",
      "whiteSpace" : false
    }, {
      "id" : "s1-t20",
      "begin" : 348,
      "end" : 350,
      "text" : "is",
      "whiteSpace" : false
    }, {
      "id" : "s1-t21",
      "begin" : 351,
      "end" : 361,
      "text" : "AAAPL1234C",
      "whiteSpace" : false
    }, {
      "id" : "s1-t22",
      "begin" : 363,
      "end" : 365,
      "text" : "my",
      "whiteSpace" : false
    }, {
      "id" : "s1-t23",
      "begin" : 366,
      "end" : 373,
      "text" : "address",
      "whiteSpace" : false
    }, {
      "id" : "s1-t24",
      "begin" : 374,
      "end" : 376,
      "text" : "is",
      "whiteSpace" : false
    }, {
      "id" : "s1-t25",
      "begin" : 377,
      "end" : 381,
      "text" : "flat",
      "whiteSpace" : false
    }, {
      "id" : "s1-t26",
      "begin" : 382,
      "end" : 384,
      "text" : "34",
      "whiteSpace" : false
    }, {
      "id" : "s1-t27",
      "begin" : 384,
      "end" : 394,
      "text" : ",sector-23",
      "whiteSpace" : false
    }, {
      "id" : "s1-t28",
      "begin" : 394,
      "end" : 395,
      "text" : ",",
      "whiteSpace" : false
    }, {
      "id" : "s1-t29",
      "begin" : 395,
      "end" : 401,
      "text" : "Boring",
      "whiteSpace" : false
    }, {
      "id" : "s1-t30",
      "begin" : 402,
      "end" : 406,
      "text" : "road",
      "whiteSpace" : false
    }, {
      "id" : "s1-t31",
      "begin" : 406,
      "end" : 407,
      "text" : ",",
      "whiteSpace" : false
    }, {
      "id" : "s1-t32",
      "begin" : 407,
      "end" : 412,
      "text" : "Delhi",
      "whiteSpace" : false
    }, {
      "id" : "s1-t33",
      "begin" : 414,
      "end" : 415,
      "text" : "I",
      "whiteSpace" : false
    }, {
      "id" : "s1-t34",
      "begin" : 416,
      "end" : 420,
      "text" : "have",
      "whiteSpace" : false
    }, {
      "id" : "s1-t35",
      "begin" : 421,
      "end" : 427,
      "text" : "bought",
      "whiteSpace" : false
    }, {
      "id" : "s1-t36",
      "begin" : 428,
      "end" : 429,
      "text" : "a",
      "whiteSpace" : false
    }, {
      "id" : "s1-t37",
      "begin" : 430,
      "end" : 433,
      "text" : "car",
      "whiteSpace" : false
    }, {
      "id" : "s1-t38",
      "begin" : 434,
      "end" : 436,
      "text" : "of",
      "whiteSpace" : false
    }, {
      "id" : "s1-t39",
      "begin" : 437,
      "end" : 438,
      "text" : "$",
      "whiteSpace" : false
    }, {
      "id" : "s1-t40",
      "begin" : 438,
      "end" : 444,
      "text" : "80,038",
      "whiteSpace" : false
    } ]
  } ],
  "mentions" : [ {
    "id" : "s0-m1",
    "properties" : {
      "SIRE_MENTION_ROLE" : "BillNo",
      "SIRE_ENTITY_SUBTYPE" : "NONE",
      "SIRE_MENTION_TYPE" : "NONE",
      "SIRE_MENTION_CLASS" : "SPC"
    },
    "type" : "BillNo",
    "begin" : 17,
    "end" : 22,
    "inCoref" : false
  }, {
    "id" : "s0-m2",
    "properties" : {
      "SIRE_MENTION_ROLE" : "Name",
      "SIRE_ENTITY_SUBTYPE" : "NONE",
      "SIRE_MENTION_TYPE" : "NONE",
      "SIRE_MENTION_CLASS" : "SPC"
    },
    "type" : "Name",
    "begin" : 56,
    "end" : 61,
    "inCoref" : false
  }, {
    "id" : "s0-m3",
    "properties" : {
      "SIRE_MENTION_ROLE" : "EmailId",
      "SIRE_ENTITY_SUBTYPE" : "NONE",
      "SIRE_MENTION_TYPE" : "NONE",
      "SIRE_MENTION_CLASS" : "SPC"
    },
    "type" : "EmailId",
    "begin" : 94,
    "end" : 109,
    "inCoref" : false
  }, {
    "id" : "s1-m1",
    "properties" : {
      "SIRE_MENTION_ROLE" : "AccountNo",
      "SIRE_ENTITY_SUBTYPE" : "NONE",
      "SIRE_MENTION_TYPE" : "NONE",
      "SIRE_MENTION_CLASS" : "SPC"
    },
    "type" : "AccountNo",
    "begin" : 257,
    "end" : 267,
    "inCoref" : false
  }, {
    "id" : "s1-m2",
    "properties" : {
      "SIRE_MENTION_ROLE" : "MobileNo",
      "SIRE_ENTITY_SUBTYPE" : "NONE",
      "SIRE_MENTION_TYPE" : "NONE",
      "SIRE_MENTION_CLASS" : "SPC"
    },
    "type" : "MobileNo",
    "begin" : 285,
    "end" : 295,
    "inCoref" : false
  }, {
    "id" : "s1-m3",
    "properties" : {
      "SIRE_MENTION_ROLE" : "AadharCardNo",
      "SIRE_ENTITY_SUBTYPE" : "NONE",
      "SIRE_MENTION_TYPE" : "NONE",
      "SIRE_MENTION_CLASS" : "SPC"
    },
    "type" : "AadharCardNo",
    "begin" : 313,
    "end" : 332,
    "inCoref" : false
  }, {
    "id" : "s1-m4",
    "properties" : {
      "SIRE_MENTION_ROLE" : "PanCard",
      "SIRE_ENTITY_SUBTYPE" : "NONE",
      "SIRE_MENTION_TYPE" : "NONE",
      "SIRE_MENTION_CLASS" : "SPC"
    },
    "type" : "PanCard",
    "begin" : 351,
    "end" : 361,
    "inCoref" : false
  }, {
    "id" : "s1-m5",
    "properties" : {
      "SIRE_MENTION_ROLE" : "Address",
      "SIRE_ENTITY_SUBTYPE" : "NONE",
      "SIRE_MENTION_TYPE" : "NONE",
      "SIRE_MENTION_CLASS" : "SPC"
    },
    "type" : "Address",
    "begin" : 382,
    "end" : 412,
    "inCoref" : false
  }, {
    "id" : "s1-m6",
    "properties" : {
      "SIRE_MENTION_ROLE" : "Price",
      "SIRE_ENTITY_SUBTYPE" : "NONE",
      "SIRE_MENTION_TYPE" : "NONE",
      "SIRE_MENTION_CLASS" : "SPC"
    },
    "type" : "Price",
    "begin" : 437,
    "end" : 444,
    "inCoref" : false
  } ],
  "relations" : [ ],
  "corefs" : [ ],
  "typeResolved" : true,
  "userResolved" : false
}