{
  "id" : "f7d25b90-3ce0-11e9-9a38-235c4e7dcc32-0",
  "name" : "data21.txt",
  "createdDate" : 0,
  "version" : 3,
  "text" : "Dear Sir,\r\nmy bill id A1290 through software solutions which they are using in their organization \r\nMy name is mohan chauhan  simply dummy text of the printing and typesetting industry. Lorem Ipsum has been the industry's standard dummy\r\nmy email id is mohan@gmail.com\r\nI work at Reliance Industries\r\nmy date of birth is 18/07/1995\r\nmy employee id is 234989\r\n text ever since the 1500s, when an unknown printer took a galley of type and scrambled it to make a type specimen book. I\r\nmy bank account no is 0601230981\r\nmy mobile no is 9997868378\r\nmy aadhar no is 9568-4556-4344-4567\r\nmy pancard id is AAAPL1234C\r\nmy address is flat 34,sector-23,Boring road,Delhi\r\nI have bought a car of $80,038 \r\n\r\n \r\n",
  "docLength" : 0,
  "language" : "EN",
  "status" : "SUBMITTED",
  "modifiedDate" : 1551530874308,
  "documentSet" : [ ],
  "preannotation" : [ ],
  "sentences" : [ {
    "id" : "s0",
    "begin" : 0,
    "end" : 185,
    "text" : "Dear Sir,\r\nmy bill id A1290 through software solutions which they are using in their organization \r\nMy name is mohan chauhan  simply dummy text of the printing and typesetting industry.",
    "tokens" : [ {
      "id" : "s0-t0",
      "begin" : 0,
      "end" : 4,
      "text" : "Dear",
      "whiteSpace" : false
    }, {
      "id" : "s0-t1",
      "begin" : 5,
      "end" : 8,
      "text" : "Sir",
      "whiteSpace" : false
    }, {
      "id" : "s0-t2",
      "begin" : 8,
      "end" : 9,
      "text" : ",",
      "whiteSpace" : false
    }, {
      "id" : "s0-t3",
      "begin" : 11,
      "end" : 13,
      "text" : "my",
      "whiteSpace" : false
    }, {
      "id" : "s0-t4",
      "begin" : 14,
      "end" : 18,
      "text" : "bill",
      "whiteSpace" : false
    }, {
      "id" : "s0-t5",
      "begin" : 19,
      "end" : 21,
      "text" : "id",
      "whiteSpace" : false
    }, {
      "id" : "s0-t6",
      "begin" : 22,
      "end" : 27,
      "text" : "A1290",
      "whiteSpace" : false
    }, {
      "id" : "s0-t7",
      "begin" : 28,
      "end" : 35,
      "text" : "through",
      "whiteSpace" : false
    }, {
      "id" : "s0-t8",
      "begin" : 36,
      "end" : 44,
      "text" : "software",
      "whiteSpace" : false
    }, {
      "id" : "s0-t9",
      "begin" : 45,
      "end" : 54,
      "text" : "solutions",
      "whiteSpace" : false
    }, {
      "id" : "s0-t10",
      "begin" : 55,
      "end" : 60,
      "text" : "which",
      "whiteSpace" : false
    }, {
      "id" : "s0-t11",
      "begin" : 61,
      "end" : 65,
      "text" : "they",
      "whiteSpace" : false
    }, {
      "id" : "s0-t12",
      "begin" : 66,
      "end" : 69,
      "text" : "are",
      "whiteSpace" : false
    }, {
      "id" : "s0-t13",
      "begin" : 70,
      "end" : 75,
      "text" : "using",
      "whiteSpace" : false
    }, {
      "id" : "s0-t14",
      "begin" : 76,
      "end" : 78,
      "text" : "in",
      "whiteSpace" : false
    }, {
      "id" : "s0-t15",
      "begin" : 79,
      "end" : 84,
      "text" : "their",
      "whiteSpace" : false
    }, {
      "id" : "s0-t16",
      "begin" : 85,
      "end" : 97,
      "text" : "organization",
      "whiteSpace" : false
    }, {
      "id" : "s0-t17",
      "begin" : 100,
      "end" : 102,
      "text" : "My",
      "whiteSpace" : false
    }, {
      "id" : "s0-t18",
      "begin" : 103,
      "end" : 107,
      "text" : "name",
      "whiteSpace" : false
    }, {
      "id" : "s0-t19",
      "begin" : 108,
      "end" : 110,
      "text" : "is",
      "whiteSpace" : false
    }, {
      "id" : "s0-t20",
      "begin" : 111,
      "end" : 116,
      "text" : "mohan",
      "whiteSpace" : false
    }, {
      "id" : "s0-t21",
      "begin" : 117,
      "end" : 124,
      "text" : "chauhan",
      "whiteSpace" : false
    }, {
      "id" : "s0-t22",
      "begin" : 126,
      "end" : 132,
      "text" : "simply",
      "whiteSpace" : false
    }, {
      "id" : "s0-t23",
      "begin" : 133,
      "end" : 138,
      "text" : "dummy",
      "whiteSpace" : false
    }, {
      "id" : "s0-t24",
      "begin" : 139,
      "end" : 143,
      "text" : "text",
      "whiteSpace" : false
    }, {
      "id" : "s0-t25",
      "begin" : 144,
      "end" : 146,
      "text" : "of",
      "whiteSpace" : false
    }, {
      "id" : "s0-t26",
      "begin" : 147,
      "end" : 150,
      "text" : "the",
      "whiteSpace" : false
    }, {
      "id" : "s0-t27",
      "begin" : 151,
      "end" : 159,
      "text" : "printing",
      "whiteSpace" : false
    }, {
      "id" : "s0-t28",
      "begin" : 160,
      "end" : 163,
      "text" : "and",
      "whiteSpace" : false
    }, {
      "id" : "s0-t29",
      "begin" : 164,
      "end" : 175,
      "text" : "typesetting",
      "whiteSpace" : false
    }, {
      "id" : "s0-t30",
      "begin" : 176,
      "end" : 184,
      "text" : "industry",
      "whiteSpace" : false
    }, {
      "id" : "s0-t31",
      "begin" : 184,
      "end" : 185,
      "text" : ".",
      "whiteSpace" : false
    } ]
  }, {
    "id" : "s1",
    "begin" : 186,
    "end" : 479,
    "text" : "Lorem Ipsum has been the industry's standard dummy\r\nmy email id is mohan@gmail.com\r\nI work at Reliance Industries\r\nmy date of birth is 18/07/1995\r\nmy employee id is 234989\r\n text ever since the 1500s, when an unknown printer took a galley of type and scrambled it to make a type specimen book.",
    "tokens" : [ {
      "id" : "s1-t0",
      "begin" : 186,
      "end" : 191,
      "text" : "Lorem",
      "whiteSpace" : false
    }, {
      "id" : "s1-t1",
      "begin" : 192,
      "end" : 197,
      "text" : "Ipsum",
      "whiteSpace" : false
    }, {
      "id" : "s1-t2",
      "begin" : 198,
      "end" : 201,
      "text" : "has",
      "whiteSpace" : false
    }, {
      "id" : "s1-t3",
      "begin" : 202,
      "end" : 206,
      "text" : "been",
      "whiteSpace" : false
    }, {
      "id" : "s1-t4",
      "begin" : 207,
      "end" : 210,
      "text" : "the",
      "whiteSpace" : false
    }, {
      "id" : "s1-t5",
      "begin" : 211,
      "end" : 219,
      "text" : "industry",
      "whiteSpace" : false
    }, {
      "id" : "s1-t6",
      "begin" : 219,
      "end" : 221,
      "text" : "'s",
      "whiteSpace" : false
    }, {
      "id" : "s1-t7",
      "begin" : 222,
      "end" : 230,
      "text" : "standard",
      "whiteSpace" : false
    }, {
      "id" : "s1-t8",
      "begin" : 231,
      "end" : 236,
      "text" : "dummy",
      "whiteSpace" : false
    }, {
      "id" : "s1-t9",
      "begin" : 238,
      "end" : 240,
      "text" : "my",
      "whiteSpace" : false
    }, {
      "id" : "s1-t10",
      "begin" : 241,
      "end" : 246,
      "text" : "email",
      "whiteSpace" : false
    }, {
      "id" : "s1-t11",
      "begin" : 247,
      "end" : 249,
      "text" : "id",
      "whiteSpace" : false
    }, {
      "id" : "s1-t12",
      "begin" : 250,
      "end" : 252,
      "text" : "is",
      "whiteSpace" : false
    }, {
      "id" : "s1-t13",
      "begin" : 253,
      "end" : 268,
      "text" : "mohan@gmail.com",
      "whiteSpace" : false
    }, {
      "id" : "s1-t14",
      "begin" : 270,
      "end" : 271,
      "text" : "I",
      "whiteSpace" : false
    }, {
      "id" : "s1-t15",
      "begin" : 272,
      "end" : 276,
      "text" : "work",
      "whiteSpace" : false
    }, {
      "id" : "s1-t16",
      "begin" : 277,
      "end" : 279,
      "text" : "at",
      "whiteSpace" : false
    }, {
      "id" : "s1-t17",
      "begin" : 280,
      "end" : 288,
      "text" : "Reliance",
      "whiteSpace" : false
    }, {
      "id" : "s1-t18",
      "begin" : 289,
      "end" : 299,
      "text" : "Industries",
      "whiteSpace" : false
    }, {
      "id" : "s1-t19",
      "begin" : 301,
      "end" : 303,
      "text" : "my",
      "whiteSpace" : false
    }, {
      "id" : "s1-t20",
      "begin" : 304,
      "end" : 308,
      "text" : "date",
      "whiteSpace" : false
    }, {
      "id" : "s1-t21",
      "begin" : 309,
      "end" : 311,
      "text" : "of",
      "whiteSpace" : false
    }, {
      "id" : "s1-t22",
      "begin" : 312,
      "end" : 317,
      "text" : "birth",
      "whiteSpace" : false
    }, {
      "id" : "s1-t23",
      "begin" : 318,
      "end" : 320,
      "text" : "is",
      "whiteSpace" : false
    }, {
      "id" : "s1-t24",
      "begin" : 321,
      "end" : 331,
      "text" : "18/07/1995",
      "whiteSpace" : false
    }, {
      "id" : "s1-t25",
      "begin" : 333,
      "end" : 335,
      "text" : "my",
      "whiteSpace" : false
    }, {
      "id" : "s1-t26",
      "begin" : 336,
      "end" : 344,
      "text" : "employee",
      "whiteSpace" : false
    }, {
      "id" : "s1-t27",
      "begin" : 345,
      "end" : 347,
      "text" : "id",
      "whiteSpace" : false
    }, {
      "id" : "s1-t28",
      "begin" : 348,
      "end" : 350,
      "text" : "is",
      "whiteSpace" : false
    }, {
      "id" : "s1-t29",
      "begin" : 351,
      "end" : 357,
      "text" : "234989",
      "whiteSpace" : false
    }, {
      "id" : "s1-t30",
      "begin" : 360,
      "end" : 364,
      "text" : "text",
      "whiteSpace" : false
    }, {
      "id" : "s1-t31",
      "begin" : 365,
      "end" : 369,
      "text" : "ever",
      "whiteSpace" : false
    }, {
      "id" : "s1-t32",
      "begin" : 370,
      "end" : 375,
      "text" : "since",
      "whiteSpace" : false
    }, {
      "id" : "s1-t33",
      "begin" : 376,
      "end" : 379,
      "text" : "the",
      "whiteSpace" : false
    }, {
      "id" : "s1-t34",
      "begin" : 380,
      "end" : 385,
      "text" : "1500s",
      "whiteSpace" : false
    }, {
      "id" : "s1-t35",
      "begin" : 385,
      "end" : 386,
      "text" : ",",
      "whiteSpace" : false
    }, {
      "id" : "s1-t36",
      "begin" : 387,
      "end" : 391,
      "text" : "when",
      "whiteSpace" : false
    }, {
      "id" : "s1-t37",
      "begin" : 392,
      "end" : 394,
      "text" : "an",
      "whiteSpace" : false
    }, {
      "id" : "s1-t38",
      "begin" : 395,
      "end" : 402,
      "text" : "unknown",
      "whiteSpace" : false
    }, {
      "id" : "s1-t39",
      "begin" : 403,
      "end" : 410,
      "text" : "printer",
      "whiteSpace" : false
    }, {
      "id" : "s1-t40",
      "begin" : 411,
      "end" : 415,
      "text" : "took",
      "whiteSpace" : false
    }, {
      "id" : "s1-t41",
      "begin" : 416,
      "end" : 417,
      "text" : "a",
      "whiteSpace" : false
    }, {
      "id" : "s1-t42",
      "begin" : 418,
      "end" : 424,
      "text" : "galley",
      "whiteSpace" : false
    }, {
      "id" : "s1-t43",
      "begin" : 425,
      "end" : 427,
      "text" : "of",
      "whiteSpace" : false
    }, {
      "id" : "s1-t44",
      "begin" : 428,
      "end" : 432,
      "text" : "type",
      "whiteSpace" : false
    }, {
      "id" : "s1-t45",
      "begin" : 433,
      "end" : 436,
      "text" : "and",
      "whiteSpace" : false
    }, {
      "id" : "s1-t46",
      "begin" : 437,
      "end" : 446,
      "text" : "scrambled",
      "whiteSpace" : false
    }, {
      "id" : "s1-t47",
      "begin" : 447,
      "end" : 449,
      "text" : "it",
      "whiteSpace" : false
    }, {
      "id" : "s1-t48",
      "begin" : 450,
      "end" : 452,
      "text" : "to",
      "whiteSpace" : false
    }, {
      "id" : "s1-t49",
      "begin" : 453,
      "end" : 457,
      "text" : "make",
      "whiteSpace" : false
    }, {
      "id" : "s1-t50",
      "begin" : 458,
      "end" : 459,
      "text" : "a",
      "whiteSpace" : false
    }, {
      "id" : "s1-t51",
      "begin" : 460,
      "end" : 464,
      "text" : "type",
      "whiteSpace" : false
    }, {
      "id" : "s1-t52",
      "begin" : 465,
      "end" : 473,
      "text" : "specimen",
      "whiteSpace" : false
    }, {
      "id" : "s1-t53",
      "begin" : 474,
      "end" : 478,
      "text" : "book",
      "whiteSpace" : false
    }, {
      "id" : "s1-t54",
      "begin" : 478,
      "end" : 479,
      "text" : ".",
      "whiteSpace" : false
    } ]
  }, {
    "id" : "s2",
    "begin" : 480,
    "end" : 692,
    "text" : "I\r\nmy bank account no is 0601230981\r\nmy mobile no is 9997868378\r\nmy aadhar no is 9568-4556-4344-4567\r\nmy pancard id is AAAPL1234C\r\nmy address is flat 34,sector-23,Boring road,Delhi\r\nI have bought a car of $80,038",
    "tokens" : [ {
      "id" : "s2-t0",
      "begin" : 480,
      "end" : 481,
      "text" : "I",
      "whiteSpace" : false
    }, {
      "id" : "s2-t1",
      "begin" : 483,
      "end" : 485,
      "text" : "my",
      "whiteSpace" : false
    }, {
      "id" : "s2-t2",
      "begin" : 486,
      "end" : 490,
      "text" : "bank",
      "whiteSpace" : false
    }, {
      "id" : "s2-t3",
      "begin" : 491,
      "end" : 498,
      "text" : "account",
      "whiteSpace" : false
    }, {
      "id" : "s2-t4",
      "begin" : 499,
      "end" : 501,
      "text" : "no",
      "whiteSpace" : false
    }, {
      "id" : "s2-t5",
      "begin" : 502,
      "end" : 504,
      "text" : "is",
      "whiteSpace" : false
    }, {
      "id" : "s2-t6",
      "begin" : 505,
      "end" : 515,
      "text" : "0601230981",
      "whiteSpace" : false
    }, {
      "id" : "s2-t7",
      "begin" : 517,
      "end" : 519,
      "text" : "my",
      "whiteSpace" : false
    }, {
      "id" : "s2-t8",
      "begin" : 520,
      "end" : 526,
      "text" : "mobile",
      "whiteSpace" : false
    }, {
      "id" : "s2-t9",
      "begin" : 527,
      "end" : 529,
      "text" : "no",
      "whiteSpace" : false
    }, {
      "id" : "s2-t10",
      "begin" : 530,
      "end" : 532,
      "text" : "is",
      "whiteSpace" : false
    }, {
      "id" : "s2-t11",
      "begin" : 533,
      "end" : 543,
      "text" : "9997868378",
      "whiteSpace" : false
    }, {
      "id" : "s2-t12",
      "begin" : 545,
      "end" : 547,
      "text" : "my",
      "whiteSpace" : false
    }, {
      "id" : "s2-t13",
      "begin" : 548,
      "end" : 554,
      "text" : "aadhar",
      "whiteSpace" : false
    }, {
      "id" : "s2-t14",
      "begin" : 555,
      "end" : 557,
      "text" : "no",
      "whiteSpace" : false
    }, {
      "id" : "s2-t15",
      "begin" : 558,
      "end" : 560,
      "text" : "is",
      "whiteSpace" : false
    }, {
      "id" : "s2-t16",
      "begin" : 561,
      "end" : 580,
      "text" : "9568-4556-4344-4567",
      "whiteSpace" : false
    }, {
      "id" : "s2-t17",
      "begin" : 582,
      "end" : 584,
      "text" : "my",
      "whiteSpace" : false
    }, {
      "id" : "s2-t18",
      "begin" : 585,
      "end" : 592,
      "text" : "pancard",
      "whiteSpace" : false
    }, {
      "id" : "s2-t19",
      "begin" : 593,
      "end" : 595,
      "text" : "id",
      "whiteSpace" : false
    }, {
      "id" : "s2-t20",
      "begin" : 596,
      "end" : 598,
      "text" : "is",
      "whiteSpace" : false
    }, {
      "id" : "s2-t21",
      "begin" : 599,
      "end" : 609,
      "text" : "AAAPL1234C",
      "whiteSpace" : false
    }, {
      "id" : "s2-t22",
      "begin" : 611,
      "end" : 613,
      "text" : "my",
      "whiteSpace" : false
    }, {
      "id" : "s2-t23",
      "begin" : 614,
      "end" : 621,
      "text" : "address",
      "whiteSpace" : false
    }, {
      "id" : "s2-t24",
      "begin" : 622,
      "end" : 624,
      "text" : "is",
      "whiteSpace" : false
    }, {
      "id" : "s2-t25",
      "begin" : 625,
      "end" : 629,
      "text" : "flat",
      "whiteSpace" : false
    }, {
      "id" : "s2-t26",
      "begin" : 630,
      "end" : 632,
      "text" : "34",
      "whiteSpace" : false
    }, {
      "id" : "s2-t27",
      "begin" : 632,
      "end" : 642,
      "text" : ",sector-23",
      "whiteSpace" : false
    }, {
      "id" : "s2-t28",
      "begin" : 642,
      "end" : 643,
      "text" : ",",
      "whiteSpace" : false
    }, {
      "id" : "s2-t29",
      "begin" : 643,
      "end" : 649,
      "text" : "Boring",
      "whiteSpace" : false
    }, {
      "id" : "s2-t30",
      "begin" : 650,
      "end" : 654,
      "text" : "road",
      "whiteSpace" : false
    }, {
      "id" : "s2-t31",
      "begin" : 654,
      "end" : 655,
      "text" : ",",
      "whiteSpace" : false
    }, {
      "id" : "s2-t32",
      "begin" : 655,
      "end" : 660,
      "text" : "Delhi",
      "whiteSpace" : false
    }, {
      "id" : "s2-t33",
      "begin" : 662,
      "end" : 663,
      "text" : "I",
      "whiteSpace" : false
    }, {
      "id" : "s2-t34",
      "begin" : 664,
      "end" : 668,
      "text" : "have",
      "whiteSpace" : false
    }, {
      "id" : "s2-t35",
      "begin" : 669,
      "end" : 675,
      "text" : "bought",
      "whiteSpace" : false
    }, {
      "id" : "s2-t36",
      "begin" : 676,
      "end" : 677,
      "text" : "a",
      "whiteSpace" : false
    }, {
      "id" : "s2-t37",
      "begin" : 678,
      "end" : 681,
      "text" : "car",
      "whiteSpace" : false
    }, {
      "id" : "s2-t38",
      "begin" : 682,
      "end" : 684,
      "text" : "of",
      "whiteSpace" : false
    }, {
      "id" : "s2-t39",
      "begin" : 685,
      "end" : 686,
      "text" : "$",
      "whiteSpace" : false
    }, {
      "id" : "s2-t40",
      "begin" : 686,
      "end" : 692,
      "text" : "80,038",
      "whiteSpace" : false
    } ]
  } ],
  "mentions" : [ {
    "id" : "s0-m1",
    "properties" : {
      "SIRE_MENTION_ROLE" : "BillNo",
      "SIRE_ENTITY_SUBTYPE" : "NONE",
      "SIRE_MENTION_TYPE" : "NONE",
      "SIRE_MENTION_CLASS" : "SPC"
    },
    "type" : "BillNo",
    "begin" : 22,
    "end" : 27,
    "inCoref" : false
  }, {
    "id" : "s0-m2",
    "properties" : {
      "SIRE_MENTION_ROLE" : "Name",
      "SIRE_ENTITY_SUBTYPE" : "NONE",
      "SIRE_MENTION_TYPE" : "NONE",
      "SIRE_MENTION_CLASS" : "SPC"
    },
    "type" : "Name",
    "begin" : 111,
    "end" : 124,
    "inCoref" : false
  }, {
    "id" : "s1-m2",
    "properties" : {
      "SIRE_MENTION_ROLE" : "EmailId",
      "SIRE_ENTITY_SUBTYPE" : "NONE",
      "SIRE_MENTION_TYPE" : "NONE",
      "SIRE_MENTION_CLASS" : "SPC"
    },
    "type" : "EmailId",
    "begin" : 253,
    "end" : 268,
    "inCoref" : false
  }, {
    "id" : "s1-m1",
    "properties" : {
      "SIRE_MENTION_ROLE" : "Company",
      "SIRE_ENTITY_SUBTYPE" : "NONE",
      "SIRE_MENTION_TYPE" : "NONE",
      "SIRE_MENTION_CLASS" : "SPC"
    },
    "type" : "Company",
    "begin" : 280,
    "end" : 299,
    "inCoref" : false
  }, {
    "id" : "s1-m3",
    "properties" : {
      "SIRE_MENTION_ROLE" : "DOB",
      "SIRE_ENTITY_SUBTYPE" : "NONE",
      "SIRE_MENTION_TYPE" : "NONE",
      "SIRE_MENTION_CLASS" : "SPC"
    },
    "type" : "DOB",
    "begin" : 321,
    "end" : 331,
    "inCoref" : false
  }, {
    "id" : "s1-m4",
    "properties" : {
      "SIRE_MENTION_ROLE" : "EmployeeId",
      "SIRE_ENTITY_SUBTYPE" : "NONE",
      "SIRE_MENTION_TYPE" : "NONE",
      "SIRE_MENTION_CLASS" : "SPC"
    },
    "type" : "EmployeeId",
    "begin" : 351,
    "end" : 357,
    "inCoref" : false
  }, {
    "id" : "s2-m1",
    "properties" : {
      "SIRE_MENTION_ROLE" : "AccountNo",
      "SIRE_ENTITY_SUBTYPE" : "NONE",
      "SIRE_MENTION_TYPE" : "NONE",
      "SIRE_MENTION_CLASS" : "SPC"
    },
    "type" : "AccountNo",
    "begin" : 505,
    "end" : 515,
    "inCoref" : false
  }, {
    "id" : "s2-m2",
    "properties" : {
      "SIRE_MENTION_ROLE" : "MobileNo",
      "SIRE_ENTITY_SUBTYPE" : "NONE",
      "SIRE_MENTION_TYPE" : "NONE",
      "SIRE_MENTION_CLASS" : "SPC"
    },
    "type" : "MobileNo",
    "begin" : 533,
    "end" : 543,
    "inCoref" : false
  }, {
    "id" : "s2-m3",
    "properties" : {
      "SIRE_MENTION_ROLE" : "AadharCardNo",
      "SIRE_ENTITY_SUBTYPE" : "NONE",
      "SIRE_MENTION_TYPE" : "NONE",
      "SIRE_MENTION_CLASS" : "SPC"
    },
    "type" : "AadharCardNo",
    "begin" : 561,
    "end" : 580,
    "inCoref" : false
  }, {
    "id" : "s2-m4",
    "properties" : {
      "SIRE_MENTION_ROLE" : "PanCard",
      "SIRE_ENTITY_SUBTYPE" : "NONE",
      "SIRE_MENTION_TYPE" : "NONE",
      "SIRE_MENTION_CLASS" : "SPC"
    },
    "type" : "PanCard",
    "begin" : 599,
    "end" : 609,
    "inCoref" : false
  }, {
    "id" : "s2-m5",
    "properties" : {
      "SIRE_MENTION_ROLE" : "Address",
      "SIRE_ENTITY_SUBTYPE" : "NONE",
      "SIRE_MENTION_TYPE" : "NONE",
      "SIRE_MENTION_CLASS" : "SPC"
    },
    "type" : "Address",
    "begin" : 625,
    "end" : 660,
    "inCoref" : false
  }, {
    "id" : "s2-m6",
    "properties" : {
      "SIRE_MENTION_ROLE" : "Price",
      "SIRE_ENTITY_SUBTYPE" : "NONE",
      "SIRE_MENTION_TYPE" : "NONE",
      "SIRE_MENTION_CLASS" : "SPC"
    },
    "type" : "Price",
    "begin" : 685,
    "end" : 692,
    "inCoref" : false
  } ],
  "relations" : [ ],
  "corefs" : [ ],
  "typeResolved" : true,
  "userResolved" : false
}