{
  "id" : "fb75c110-3ce0-11e9-9a38-235c4e7dcc32-0",
  "name" : "data22.txt",
  "createdDate" : 0,
  "version" : 3,
  "text" : "Dear Sir,\nmy bill id A120090 through software solutions which they are using in their organization \nMy name is mohan chauhan  simply dummy text of the printing and typesetting industry. Lorem Ipsum has been the industry's standard dummy\n\nmy email id is mohan@gmail.com.I work at Reliance Industries.my date of birth is 18/07/1995.my employee id is 234989.text ever since the 1500s, when an unknown printer took a galley of type and scrambled it to make a type specimen book. \nbank account no is 0601230981\n\n mobile no : 9997868378\n\n aadhar no : 9568-4556-4344-4567\n\n pancard id : AAAPL1234C\n\n address : flat 34,sector-23,Boring road,Delhi\n\nI have bought a car of $80,038 \n\n \n",
  "docLength" : 0,
  "language" : "EN",
  "status" : "SUBMITTED",
  "modifiedDate" : 1551530047899,
  "documentSet" : [ ],
  "preannotation" : [ ],
  "sentences" : [ {
    "id" : "s0",
    "begin" : 0,
    "end" : 185,
    "text" : "Dear Sir,\nmy bill id A120090 through software solutions which they are using in their organization \nMy name is mohan chauhan  simply dummy text of the printing and typesetting industry.",
    "tokens" : [ {
      "id" : "s0-t0",
      "begin" : 0,
      "end" : 4,
      "text" : "Dear",
      "whiteSpace" : false
    }, {
      "id" : "s0-t1",
      "begin" : 5,
      "end" : 8,
      "text" : "Sir",
      "whiteSpace" : false
    }, {
      "id" : "s0-t2",
      "begin" : 8,
      "end" : 9,
      "text" : ",",
      "whiteSpace" : false
    }, {
      "id" : "s0-t3",
      "begin" : 10,
      "end" : 12,
      "text" : "my",
      "whiteSpace" : false
    }, {
      "id" : "s0-t4",
      "begin" : 13,
      "end" : 17,
      "text" : "bill",
      "whiteSpace" : false
    }, {
      "id" : "s0-t5",
      "begin" : 18,
      "end" : 20,
      "text" : "id",
      "whiteSpace" : false
    }, {
      "id" : "s0-t6",
      "begin" : 21,
      "end" : 28,
      "text" : "A120090",
      "whiteSpace" : false
    }, {
      "id" : "s0-t7",
      "begin" : 29,
      "end" : 36,
      "text" : "through",
      "whiteSpace" : false
    }, {
      "id" : "s0-t8",
      "begin" : 37,
      "end" : 45,
      "text" : "software",
      "whiteSpace" : false
    }, {
      "id" : "s0-t9",
      "begin" : 46,
      "end" : 55,
      "text" : "solutions",
      "whiteSpace" : false
    }, {
      "id" : "s0-t10",
      "begin" : 56,
      "end" : 61,
      "text" : "which",
      "whiteSpace" : false
    }, {
      "id" : "s0-t11",
      "begin" : 62,
      "end" : 66,
      "text" : "they",
      "whiteSpace" : false
    }, {
      "id" : "s0-t12",
      "begin" : 67,
      "end" : 70,
      "text" : "are",
      "whiteSpace" : false
    }, {
      "id" : "s0-t13",
      "begin" : 71,
      "end" : 76,
      "text" : "using",
      "whiteSpace" : false
    }, {
      "id" : "s0-t14",
      "begin" : 77,
      "end" : 79,
      "text" : "in",
      "whiteSpace" : false
    }, {
      "id" : "s0-t15",
      "begin" : 80,
      "end" : 85,
      "text" : "their",
      "whiteSpace" : false
    }, {
      "id" : "s0-t16",
      "begin" : 86,
      "end" : 98,
      "text" : "organization",
      "whiteSpace" : false
    }, {
      "id" : "s0-t17",
      "begin" : 100,
      "end" : 102,
      "text" : "My",
      "whiteSpace" : false
    }, {
      "id" : "s0-t18",
      "begin" : 103,
      "end" : 107,
      "text" : "name",
      "whiteSpace" : false
    }, {
      "id" : "s0-t19",
      "begin" : 108,
      "end" : 110,
      "text" : "is",
      "whiteSpace" : false
    }, {
      "id" : "s0-t20",
      "begin" : 111,
      "end" : 116,
      "text" : "mohan",
      "whiteSpace" : false
    }, {
      "id" : "s0-t21",
      "begin" : 117,
      "end" : 124,
      "text" : "chauhan",
      "whiteSpace" : false
    }, {
      "id" : "s0-t22",
      "begin" : 126,
      "end" : 132,
      "text" : "simply",
      "whiteSpace" : false
    }, {
      "id" : "s0-t23",
      "begin" : 133,
      "end" : 138,
      "text" : "dummy",
      "whiteSpace" : false
    }, {
      "id" : "s0-t24",
      "begin" : 139,
      "end" : 143,
      "text" : "text",
      "whiteSpace" : false
    }, {
      "id" : "s0-t25",
      "begin" : 144,
      "end" : 146,
      "text" : "of",
      "whiteSpace" : false
    }, {
      "id" : "s0-t26",
      "begin" : 147,
      "end" : 150,
      "text" : "the",
      "whiteSpace" : false
    }, {
      "id" : "s0-t27",
      "begin" : 151,
      "end" : 159,
      "text" : "printing",
      "whiteSpace" : false
    }, {
      "id" : "s0-t28",
      "begin" : 160,
      "end" : 163,
      "text" : "and",
      "whiteSpace" : false
    }, {
      "id" : "s0-t29",
      "begin" : 164,
      "end" : 175,
      "text" : "typesetting",
      "whiteSpace" : false
    }, {
      "id" : "s0-t30",
      "begin" : 176,
      "end" : 184,
      "text" : "industry",
      "whiteSpace" : false
    }, {
      "id" : "s0-t31",
      "begin" : 184,
      "end" : 185,
      "text" : ".",
      "whiteSpace" : false
    } ]
  }, {
    "id" : "s1",
    "begin" : 186,
    "end" : 236,
    "text" : "Lorem Ipsum has been the industry's standard dummy",
    "tokens" : [ {
      "id" : "s1-t0",
      "begin" : 186,
      "end" : 191,
      "text" : "Lorem",
      "whiteSpace" : false
    }, {
      "id" : "s1-t1",
      "begin" : 192,
      "end" : 197,
      "text" : "Ipsum",
      "whiteSpace" : false
    }, {
      "id" : "s1-t2",
      "begin" : 198,
      "end" : 201,
      "text" : "has",
      "whiteSpace" : false
    }, {
      "id" : "s1-t3",
      "begin" : 202,
      "end" : 206,
      "text" : "been",
      "whiteSpace" : false
    }, {
      "id" : "s1-t4",
      "begin" : 207,
      "end" : 210,
      "text" : "the",
      "whiteSpace" : false
    }, {
      "id" : "s1-t5",
      "begin" : 211,
      "end" : 219,
      "text" : "industry",
      "whiteSpace" : false
    }, {
      "id" : "s1-t6",
      "begin" : 219,
      "end" : 221,
      "text" : "'s",
      "whiteSpace" : false
    }, {
      "id" : "s1-t7",
      "begin" : 222,
      "end" : 230,
      "text" : "standard",
      "whiteSpace" : false
    }, {
      "id" : "s1-t8",
      "begin" : 231,
      "end" : 236,
      "text" : "dummy",
      "whiteSpace" : false
    } ]
  }, {
    "id" : "s2",
    "begin" : 238,
    "end" : 474,
    "text" : "my email id is mohan@gmail.com.I work at Reliance Industries.my date of birth is 18/07/1995.my employee id is 234989.text ever since the 1500s, when an unknown printer took a galley of type and scrambled it to make a type specimen book.",
    "tokens" : [ {
      "id" : "s2-t0",
      "begin" : 238,
      "end" : 240,
      "text" : "my",
      "whiteSpace" : false
    }, {
      "id" : "s2-t1",
      "begin" : 241,
      "end" : 246,
      "text" : "email",
      "whiteSpace" : false
    }, {
      "id" : "s2-t2",
      "begin" : 247,
      "end" : 249,
      "text" : "id",
      "whiteSpace" : false
    }, {
      "id" : "s2-t3",
      "begin" : 250,
      "end" : 252,
      "text" : "is",
      "whiteSpace" : false
    }, {
      "id" : "s2-t4",
      "begin" : 253,
      "end" : 270,
      "text" : "mohan@gmail.com.I",
      "whiteSpace" : false
    }, {
      "id" : "s2-t5",
      "begin" : 271,
      "end" : 275,
      "text" : "work",
      "whiteSpace" : false
    }, {
      "id" : "s2-t6",
      "begin" : 276,
      "end" : 278,
      "text" : "at",
      "whiteSpace" : false
    }, {
      "id" : "s2-t7",
      "begin" : 279,
      "end" : 287,
      "text" : "Reliance",
      "whiteSpace" : false
    }, {
      "id" : "s2-t8",
      "begin" : 288,
      "end" : 301,
      "text" : "Industries.my",
      "whiteSpace" : false
    }, {
      "id" : "s2-t9",
      "begin" : 302,
      "end" : 306,
      "text" : "date",
      "whiteSpace" : false
    }, {
      "id" : "s2-t10",
      "begin" : 307,
      "end" : 309,
      "text" : "of",
      "whiteSpace" : false
    }, {
      "id" : "s2-t11",
      "begin" : 310,
      "end" : 315,
      "text" : "birth",
      "whiteSpace" : false
    }, {
      "id" : "s2-t12",
      "begin" : 316,
      "end" : 318,
      "text" : "is",
      "whiteSpace" : false
    }, {
      "id" : "s2-t13",
      "begin" : 319,
      "end" : 321,
      "text" : "18",
      "whiteSpace" : false
    }, {
      "id" : "s2-t14",
      "begin" : 321,
      "end" : 329,
      "text" : "/07/1995",
      "whiteSpace" : false
    }, {
      "id" : "s2-t15",
      "begin" : 329,
      "end" : 332,
      "text" : ".my",
      "whiteSpace" : false
    }, {
      "id" : "s2-t16",
      "begin" : 333,
      "end" : 341,
      "text" : "employee",
      "whiteSpace" : false
    }, {
      "id" : "s2-t17",
      "begin" : 342,
      "end" : 344,
      "text" : "id",
      "whiteSpace" : false
    }, {
      "id" : "s2-t18",
      "begin" : 345,
      "end" : 347,
      "text" : "is",
      "whiteSpace" : false
    }, {
      "id" : "s2-t19",
      "begin" : 348,
      "end" : 359,
      "text" : "234989.text",
      "whiteSpace" : false
    }, {
      "id" : "s2-t20",
      "begin" : 360,
      "end" : 364,
      "text" : "ever",
      "whiteSpace" : false
    }, {
      "id" : "s2-t21",
      "begin" : 365,
      "end" : 370,
      "text" : "since",
      "whiteSpace" : false
    }, {
      "id" : "s2-t22",
      "begin" : 371,
      "end" : 374,
      "text" : "the",
      "whiteSpace" : false
    }, {
      "id" : "s2-t23",
      "begin" : 375,
      "end" : 380,
      "text" : "1500s",
      "whiteSpace" : false
    }, {
      "id" : "s2-t24",
      "begin" : 380,
      "end" : 381,
      "text" : ",",
      "whiteSpace" : false
    }, {
      "id" : "s2-t25",
      "begin" : 382,
      "end" : 386,
      "text" : "when",
      "whiteSpace" : false
    }, {
      "id" : "s2-t26",
      "begin" : 387,
      "end" : 389,
      "text" : "an",
      "whiteSpace" : false
    }, {
      "id" : "s2-t27",
      "begin" : 390,
      "end" : 397,
      "text" : "unknown",
      "whiteSpace" : false
    }, {
      "id" : "s2-t28",
      "begin" : 398,
      "end" : 405,
      "text" : "printer",
      "whiteSpace" : false
    }, {
      "id" : "s2-t29",
      "begin" : 406,
      "end" : 410,
      "text" : "took",
      "whiteSpace" : false
    }, {
      "id" : "s2-t30",
      "begin" : 411,
      "end" : 412,
      "text" : "a",
      "whiteSpace" : false
    }, {
      "id" : "s2-t31",
      "begin" : 413,
      "end" : 419,
      "text" : "galley",
      "whiteSpace" : false
    }, {
      "id" : "s2-t32",
      "begin" : 420,
      "end" : 422,
      "text" : "of",
      "whiteSpace" : false
    }, {
      "id" : "s2-t33",
      "begin" : 423,
      "end" : 427,
      "text" : "type",
      "whiteSpace" : false
    }, {
      "id" : "s2-t34",
      "begin" : 428,
      "end" : 431,
      "text" : "and",
      "whiteSpace" : false
    }, {
      "id" : "s2-t35",
      "begin" : 432,
      "end" : 441,
      "text" : "scrambled",
      "whiteSpace" : false
    }, {
      "id" : "s2-t36",
      "begin" : 442,
      "end" : 444,
      "text" : "it",
      "whiteSpace" : false
    }, {
      "id" : "s2-t37",
      "begin" : 445,
      "end" : 447,
      "text" : "to",
      "whiteSpace" : false
    }, {
      "id" : "s2-t38",
      "begin" : 448,
      "end" : 452,
      "text" : "make",
      "whiteSpace" : false
    }, {
      "id" : "s2-t39",
      "begin" : 453,
      "end" : 454,
      "text" : "a",
      "whiteSpace" : false
    }, {
      "id" : "s2-t40",
      "begin" : 455,
      "end" : 459,
      "text" : "type",
      "whiteSpace" : false
    }, {
      "id" : "s2-t41",
      "begin" : 460,
      "end" : 468,
      "text" : "specimen",
      "whiteSpace" : false
    }, {
      "id" : "s2-t42",
      "begin" : 469,
      "end" : 473,
      "text" : "book",
      "whiteSpace" : false
    }, {
      "id" : "s2-t43",
      "begin" : 473,
      "end" : 474,
      "text" : ".",
      "whiteSpace" : false
    } ]
  }, {
    "id" : "s3",
    "begin" : 476,
    "end" : 505,
    "text" : "bank account no is 0601230981",
    "tokens" : [ {
      "id" : "s3-t0",
      "begin" : 476,
      "end" : 480,
      "text" : "bank",
      "whiteSpace" : false
    }, {
      "id" : "s3-t1",
      "begin" : 481,
      "end" : 488,
      "text" : "account",
      "whiteSpace" : false
    }, {
      "id" : "s3-t2",
      "begin" : 489,
      "end" : 491,
      "text" : "no",
      "whiteSpace" : false
    }, {
      "id" : "s3-t3",
      "begin" : 492,
      "end" : 494,
      "text" : "is",
      "whiteSpace" : false
    }, {
      "id" : "s3-t4",
      "begin" : 495,
      "end" : 505,
      "text" : "0601230981",
      "whiteSpace" : false
    } ]
  }, {
    "id" : "s4",
    "begin" : 508,
    "end" : 530,
    "text" : "mobile no : 9997868378",
    "tokens" : [ {
      "id" : "s4-t0",
      "begin" : 508,
      "end" : 514,
      "text" : "mobile",
      "whiteSpace" : false
    }, {
      "id" : "s4-t1",
      "begin" : 515,
      "end" : 517,
      "text" : "no",
      "whiteSpace" : false
    }, {
      "id" : "s4-t2",
      "begin" : 518,
      "end" : 519,
      "text" : ":",
      "whiteSpace" : false
    }, {
      "id" : "s4-t3",
      "begin" : 520,
      "end" : 530,
      "text" : "9997868378",
      "whiteSpace" : false
    } ]
  }, {
    "id" : "s5",
    "begin" : 533,
    "end" : 564,
    "text" : "aadhar no : 9568-4556-4344-4567",
    "tokens" : [ {
      "id" : "s5-t0",
      "begin" : 533,
      "end" : 539,
      "text" : "aadhar",
      "whiteSpace" : false
    }, {
      "id" : "s5-t1",
      "begin" : 540,
      "end" : 542,
      "text" : "no",
      "whiteSpace" : false
    }, {
      "id" : "s5-t2",
      "begin" : 543,
      "end" : 544,
      "text" : ":",
      "whiteSpace" : false
    }, {
      "id" : "s5-t3",
      "begin" : 545,
      "end" : 564,
      "text" : "9568-4556-4344-4567",
      "whiteSpace" : false
    } ]
  }, {
    "id" : "s6",
    "begin" : 567,
    "end" : 590,
    "text" : "pancard id : AAAPL1234C",
    "tokens" : [ {
      "id" : "s6-t0",
      "begin" : 567,
      "end" : 574,
      "text" : "pancard",
      "whiteSpace" : false
    }, {
      "id" : "s6-t1",
      "begin" : 575,
      "end" : 577,
      "text" : "id",
      "whiteSpace" : false
    }, {
      "id" : "s6-t2",
      "begin" : 578,
      "end" : 579,
      "text" : ":",
      "whiteSpace" : false
    }, {
      "id" : "s6-t3",
      "begin" : 580,
      "end" : 590,
      "text" : "AAAPL1234C",
      "whiteSpace" : false
    } ]
  }, {
    "id" : "s7",
    "begin" : 593,
    "end" : 638,
    "text" : "address : flat 34,sector-23,Boring road,Delhi",
    "tokens" : [ {
      "id" : "s7-t0",
      "begin" : 593,
      "end" : 600,
      "text" : "address",
      "whiteSpace" : false
    }, {
      "id" : "s7-t1",
      "begin" : 601,
      "end" : 602,
      "text" : ":",
      "whiteSpace" : false
    }, {
      "id" : "s7-t2",
      "begin" : 603,
      "end" : 607,
      "text" : "flat",
      "whiteSpace" : false
    }, {
      "id" : "s7-t3",
      "begin" : 608,
      "end" : 610,
      "text" : "34",
      "whiteSpace" : false
    }, {
      "id" : "s7-t4",
      "begin" : 610,
      "end" : 620,
      "text" : ",sector-23",
      "whiteSpace" : false
    }, {
      "id" : "s7-t5",
      "begin" : 620,
      "end" : 621,
      "text" : ",",
      "whiteSpace" : false
    }, {
      "id" : "s7-t6",
      "begin" : 621,
      "end" : 627,
      "text" : "Boring",
      "whiteSpace" : false
    }, {
      "id" : "s7-t7",
      "begin" : 628,
      "end" : 632,
      "text" : "road",
      "whiteSpace" : false
    }, {
      "id" : "s7-t8",
      "begin" : 632,
      "end" : 633,
      "text" : ",",
      "whiteSpace" : false
    }, {
      "id" : "s7-t9",
      "begin" : 633,
      "end" : 638,
      "text" : "Delhi",
      "whiteSpace" : false
    } ]
  }, {
    "id" : "s8",
    "begin" : 640,
    "end" : 670,
    "text" : "I have bought a car of $80,038",
    "tokens" : [ {
      "id" : "s8-t0",
      "begin" : 640,
      "end" : 641,
      "text" : "I",
      "whiteSpace" : false
    }, {
      "id" : "s8-t1",
      "begin" : 642,
      "end" : 646,
      "text" : "have",
      "whiteSpace" : false
    }, {
      "id" : "s8-t2",
      "begin" : 647,
      "end" : 653,
      "text" : "bought",
      "whiteSpace" : false
    }, {
      "id" : "s8-t3",
      "begin" : 654,
      "end" : 655,
      "text" : "a",
      "whiteSpace" : false
    }, {
      "id" : "s8-t4",
      "begin" : 656,
      "end" : 659,
      "text" : "car",
      "whiteSpace" : false
    }, {
      "id" : "s8-t5",
      "begin" : 660,
      "end" : 662,
      "text" : "of",
      "whiteSpace" : false
    }, {
      "id" : "s8-t6",
      "begin" : 663,
      "end" : 664,
      "text" : "$",
      "whiteSpace" : false
    }, {
      "id" : "s8-t7",
      "begin" : 664,
      "end" : 670,
      "text" : "80,038",
      "whiteSpace" : false
    } ]
  } ],
  "mentions" : [ {
    "id" : "s0-m1",
    "properties" : {
      "SIRE_MENTION_ROLE" : "BillNo",
      "SIRE_ENTITY_SUBTYPE" : "NONE",
      "SIRE_MENTION_TYPE" : "NONE",
      "SIRE_MENTION_CLASS" : "SPC"
    },
    "type" : "BillNo",
    "begin" : 21,
    "end" : 28,
    "inCoref" : false
  }, {
    "id" : "s2-m6",
    "properties" : {
      "SIRE_MENTION_ROLE" : "EmailId",
      "SIRE_ENTITY_SUBTYPE" : "NONE",
      "SIRE_MENTION_TYPE" : "NONE",
      "SIRE_MENTION_CLASS" : "SPC"
    },
    "type" : "EmailId",
    "begin" : 253,
    "end" : 270,
    "inCoref" : false
  }, {
    "id" : "s2-m7",
    "properties" : {
      "SIRE_MENTION_ROLE" : "DOB",
      "SIRE_ENTITY_SUBTYPE" : "NONE",
      "SIRE_MENTION_TYPE" : "NONE",
      "SIRE_MENTION_CLASS" : "SPC"
    },
    "type" : "DOB",
    "begin" : 319,
    "end" : 329,
    "inCoref" : false
  }, {
    "id" : "s2-m4",
    "properties" : {
      "SIRE_MENTION_ROLE" : "EmployeeId",
      "SIRE_ENTITY_SUBTYPE" : "NONE",
      "SIRE_MENTION_TYPE" : "NONE",
      "SIRE_MENTION_CLASS" : "SPC"
    },
    "type" : "EmployeeId",
    "begin" : 348,
    "end" : 359,
    "inCoref" : false
  }, {
    "id" : "s3-m1",
    "properties" : {
      "SIRE_MENTION_ROLE" : "AccountNo",
      "SIRE_ENTITY_SUBTYPE" : "NONE",
      "SIRE_MENTION_TYPE" : "NONE",
      "SIRE_MENTION_CLASS" : "SPC"
    },
    "type" : "AccountNo",
    "begin" : 495,
    "end" : 505,
    "inCoref" : false
  }, {
    "id" : "s4-m1",
    "properties" : {
      "SIRE_MENTION_ROLE" : "MobileNo",
      "SIRE_ENTITY_SUBTYPE" : "NONE",
      "SIRE_MENTION_TYPE" : "NONE",
      "SIRE_MENTION_CLASS" : "SPC"
    },
    "type" : "MobileNo",
    "begin" : 520,
    "end" : 530,
    "inCoref" : false
  }, {
    "id" : "s5-m1",
    "properties" : {
      "SIRE_MENTION_ROLE" : "AadharCardNo",
      "SIRE_ENTITY_SUBTYPE" : "NONE",
      "SIRE_MENTION_TYPE" : "NONE",
      "SIRE_MENTION_CLASS" : "SPC"
    },
    "type" : "AadharCardNo",
    "begin" : 545,
    "end" : 564,
    "inCoref" : false
  }, {
    "id" : "s6-m1",
    "properties" : {
      "SIRE_MENTION_ROLE" : "PanCard",
      "SIRE_ENTITY_SUBTYPE" : "NONE",
      "SIRE_MENTION_TYPE" : "NONE",
      "SIRE_MENTION_CLASS" : "SPC"
    },
    "type" : "PanCard",
    "begin" : 580,
    "end" : 590,
    "inCoref" : false
  }, {
    "id" : "s7-m1",
    "properties" : {
      "SIRE_MENTION_ROLE" : "Address",
      "SIRE_ENTITY_SUBTYPE" : "NONE",
      "SIRE_MENTION_TYPE" : "NONE",
      "SIRE_MENTION_CLASS" : "SPC"
    },
    "type" : "Address",
    "begin" : 603,
    "end" : 638,
    "inCoref" : false
  }, {
    "id" : "s8-m1",
    "properties" : {
      "SIRE_MENTION_ROLE" : "Price",
      "SIRE_ENTITY_SUBTYPE" : "NONE",
      "SIRE_MENTION_TYPE" : "NONE",
      "SIRE_MENTION_CLASS" : "SPC"
    },
    "type" : "Price",
    "begin" : 663,
    "end" : 670,
    "inCoref" : false
  } ],
  "relations" : [ ],
  "corefs" : [ ],
  "typeResolved" : true,
  "userResolved" : false
}