{
  "id" : "ff10e930-3ce0-11e9-a384-4d0969022ab9-0",
  "name" : "data23.txt",
  "createdDate" : 0,
  "version" : 3,
  "text" : "Hello Sir,\nI,Saurav Kumar, am a student of PDPM IIIT.My pancard id is ABNPL1739U through software solutions which they are using in their organization. \n\nMy name is navneet chauhan  simply dummy text of the printing and typesetting industry. Lorem Ipsum has been the industry's standard dummy.my mobile no is 9007868378.My email id is navn@gmail.com.I work at Oracle India.My employee id is 129056\n\nI texted ever since the 1500s, when an unknown printer took a galley of type and scrambled it to make a type specimen book. I. my bank account no is 0877290001,bill id BB290\nMy date of birth is 15 June,1996. My aadhar no is 9000-9999-4344-4007\nThat a reader will be distracted by the readable content of a page when looking at its layout. The point of usingLorem Ipsum is that it has a m . my address is flat 3,sector-2,tushy Road,Bihar,  where I have bought a bunglow of $9,076,372 \n\n \n",
  "docLength" : 0,
  "language" : "EN",
  "status" : "SUBMITTED",
  "modifiedDate" : 1551530167944,
  "documentSet" : [ ],
  "preannotation" : [ ],
  "sentences" : [ {
    "id" : "s0",
    "begin" : 0,
    "end" : 151,
    "text" : "Hello Sir,\nI,Saurav Kumar, am a student of PDPM IIIT.My pancard id is ABNPL1739U through software solutions which they are using in their organization.",
    "tokens" : [ {
      "id" : "s0-t0",
      "begin" : 0,
      "end" : 5,
      "text" : "Hello",
      "whiteSpace" : false
    }, {
      "id" : "s0-t1",
      "begin" : 6,
      "end" : 9,
      "text" : "Sir",
      "whiteSpace" : false
    }, {
      "id" : "s0-t2",
      "begin" : 9,
      "end" : 10,
      "text" : ",",
      "whiteSpace" : false
    }, {
      "id" : "s0-t3",
      "begin" : 11,
      "end" : 12,
      "text" : "I",
      "whiteSpace" : false
    }, {
      "id" : "s0-t4",
      "begin" : 12,
      "end" : 13,
      "text" : ",",
      "whiteSpace" : false
    }, {
      "id" : "s0-t5",
      "begin" : 13,
      "end" : 19,
      "text" : "Saurav",
      "whiteSpace" : false
    }, {
      "id" : "s0-t6",
      "begin" : 20,
      "end" : 25,
      "text" : "Kumar",
      "whiteSpace" : false
    }, {
      "id" : "s0-t7",
      "begin" : 25,
      "end" : 26,
      "text" : ",",
      "whiteSpace" : false
    }, {
      "id" : "s0-t8",
      "begin" : 27,
      "end" : 29,
      "text" : "am",
      "whiteSpace" : false
    }, {
      "id" : "s0-t9",
      "begin" : 30,
      "end" : 31,
      "text" : "a",
      "whiteSpace" : false
    }, {
      "id" : "s0-t10",
      "begin" : 32,
      "end" : 39,
      "text" : "student",
      "whiteSpace" : false
    }, {
      "id" : "s0-t11",
      "begin" : 40,
      "end" : 42,
      "text" : "of",
      "whiteSpace" : false
    }, {
      "id" : "s0-t12",
      "begin" : 43,
      "end" : 47,
      "text" : "PDPM",
      "whiteSpace" : false
    }, {
      "id" : "s0-t13",
      "begin" : 48,
      "end" : 55,
      "text" : "IIIT.My",
      "whiteSpace" : false
    }, {
      "id" : "s0-t14",
      "begin" : 56,
      "end" : 63,
      "text" : "pancard",
      "whiteSpace" : false
    }, {
      "id" : "s0-t15",
      "begin" : 64,
      "end" : 66,
      "text" : "id",
      "whiteSpace" : false
    }, {
      "id" : "s0-t16",
      "begin" : 67,
      "end" : 69,
      "text" : "is",
      "whiteSpace" : false
    }, {
      "id" : "s0-t17",
      "begin" : 70,
      "end" : 80,
      "text" : "ABNPL1739U",
      "whiteSpace" : false
    }, {
      "id" : "s0-t18",
      "begin" : 81,
      "end" : 88,
      "text" : "through",
      "whiteSpace" : false
    }, {
      "id" : "s0-t19",
      "begin" : 89,
      "end" : 97,
      "text" : "software",
      "whiteSpace" : false
    }, {
      "id" : "s0-t20",
      "begin" : 98,
      "end" : 107,
      "text" : "solutions",
      "whiteSpace" : false
    }, {
      "id" : "s0-t21",
      "begin" : 108,
      "end" : 113,
      "text" : "which",
      "whiteSpace" : false
    }, {
      "id" : "s0-t22",
      "begin" : 114,
      "end" : 118,
      "text" : "they",
      "whiteSpace" : false
    }, {
      "id" : "s0-t23",
      "begin" : 119,
      "end" : 122,
      "text" : "are",
      "whiteSpace" : false
    }, {
      "id" : "s0-t24",
      "begin" : 123,
      "end" : 128,
      "text" : "using",
      "whiteSpace" : false
    }, {
      "id" : "s0-t25",
      "begin" : 129,
      "end" : 131,
      "text" : "in",
      "whiteSpace" : false
    }, {
      "id" : "s0-t26",
      "begin" : 132,
      "end" : 137,
      "text" : "their",
      "whiteSpace" : false
    }, {
      "id" : "s0-t27",
      "begin" : 138,
      "end" : 150,
      "text" : "organization",
      "whiteSpace" : false
    }, {
      "id" : "s0-t28",
      "begin" : 150,
      "end" : 151,
      "text" : ".",
      "whiteSpace" : false
    } ]
  }, {
    "id" : "s1",
    "begin" : 154,
    "end" : 241,
    "text" : "My name is navneet chauhan  simply dummy text of the printing and typesetting industry.",
    "tokens" : [ {
      "id" : "s1-t0",
      "begin" : 154,
      "end" : 156,
      "text" : "My",
      "whiteSpace" : false
    }, {
      "id" : "s1-t1",
      "begin" : 157,
      "end" : 161,
      "text" : "name",
      "whiteSpace" : false
    }, {
      "id" : "s1-t2",
      "begin" : 162,
      "end" : 164,
      "text" : "is",
      "whiteSpace" : false
    }, {
      "id" : "s1-t3",
      "begin" : 165,
      "end" : 172,
      "text" : "navneet",
      "whiteSpace" : false
    }, {
      "id" : "s1-t4",
      "begin" : 173,
      "end" : 180,
      "text" : "chauhan",
      "whiteSpace" : false
    }, {
      "id" : "s1-t5",
      "begin" : 182,
      "end" : 188,
      "text" : "simply",
      "whiteSpace" : false
    }, {
      "id" : "s1-t6",
      "begin" : 189,
      "end" : 194,
      "text" : "dummy",
      "whiteSpace" : false
    }, {
      "id" : "s1-t7",
      "begin" : 195,
      "end" : 199,
      "text" : "text",
      "whiteSpace" : false
    }, {
      "id" : "s1-t8",
      "begin" : 200,
      "end" : 202,
      "text" : "of",
      "whiteSpace" : false
    }, {
      "id" : "s1-t9",
      "begin" : 203,
      "end" : 206,
      "text" : "the",
      "whiteSpace" : false
    }, {
      "id" : "s1-t10",
      "begin" : 207,
      "end" : 215,
      "text" : "printing",
      "whiteSpace" : false
    }, {
      "id" : "s1-t11",
      "begin" : 216,
      "end" : 219,
      "text" : "and",
      "whiteSpace" : false
    }, {
      "id" : "s1-t12",
      "begin" : 220,
      "end" : 231,
      "text" : "typesetting",
      "whiteSpace" : false
    }, {
      "id" : "s1-t13",
      "begin" : 232,
      "end" : 240,
      "text" : "industry",
      "whiteSpace" : false
    }, {
      "id" : "s1-t14",
      "begin" : 240,
      "end" : 241,
      "text" : ".",
      "whiteSpace" : false
    } ]
  }, {
    "id" : "s2",
    "begin" : 242,
    "end" : 397,
    "text" : "Lorem Ipsum has been the industry's standard dummy.my mobile no is 9007868378.My email id is navn@gmail.com.I work at Oracle India.My employee id is 129056",
    "tokens" : [ {
      "id" : "s2-t0",
      "begin" : 242,
      "end" : 247,
      "text" : "Lorem",
      "whiteSpace" : false
    }, {
      "id" : "s2-t1",
      "begin" : 248,
      "end" : 253,
      "text" : "Ipsum",
      "whiteSpace" : false
    }, {
      "id" : "s2-t2",
      "begin" : 254,
      "end" : 257,
      "text" : "has",
      "whiteSpace" : false
    }, {
      "id" : "s2-t3",
      "begin" : 258,
      "end" : 262,
      "text" : "been",
      "whiteSpace" : false
    }, {
      "id" : "s2-t4",
      "begin" : 263,
      "end" : 266,
      "text" : "the",
      "whiteSpace" : false
    }, {
      "id" : "s2-t5",
      "begin" : 267,
      "end" : 275,
      "text" : "industry",
      "whiteSpace" : false
    }, {
      "id" : "s2-t6",
      "begin" : 275,
      "end" : 277,
      "text" : "'s",
      "whiteSpace" : false
    }, {
      "id" : "s2-t7",
      "begin" : 278,
      "end" : 286,
      "text" : "standard",
      "whiteSpace" : false
    }, {
      "id" : "s2-t8",
      "begin" : 287,
      "end" : 295,
      "text" : "dummy.my",
      "whiteSpace" : false
    }, {
      "id" : "s2-t9",
      "begin" : 296,
      "end" : 302,
      "text" : "mobile",
      "whiteSpace" : false
    }, {
      "id" : "s2-t10",
      "begin" : 303,
      "end" : 305,
      "text" : "no",
      "whiteSpace" : false
    }, {
      "id" : "s2-t11",
      "begin" : 306,
      "end" : 308,
      "text" : "is",
      "whiteSpace" : false
    }, {
      "id" : "s2-t12",
      "begin" : 309,
      "end" : 322,
      "text" : "9007868378.My",
      "whiteSpace" : false
    }, {
      "id" : "s2-t13",
      "begin" : 323,
      "end" : 328,
      "text" : "email",
      "whiteSpace" : false
    }, {
      "id" : "s2-t14",
      "begin" : 329,
      "end" : 331,
      "text" : "id",
      "whiteSpace" : false
    }, {
      "id" : "s2-t15",
      "begin" : 332,
      "end" : 334,
      "text" : "is",
      "whiteSpace" : false
    }, {
      "id" : "s2-t16",
      "begin" : 335,
      "end" : 351,
      "text" : "navn@gmail.com.I",
      "whiteSpace" : false
    }, {
      "id" : "s2-t17",
      "begin" : 352,
      "end" : 356,
      "text" : "work",
      "whiteSpace" : false
    }, {
      "id" : "s2-t18",
      "begin" : 357,
      "end" : 359,
      "text" : "at",
      "whiteSpace" : false
    }, {
      "id" : "s2-t19",
      "begin" : 360,
      "end" : 366,
      "text" : "Oracle",
      "whiteSpace" : false
    }, {
      "id" : "s2-t20",
      "begin" : 367,
      "end" : 375,
      "text" : "India.My",
      "whiteSpace" : false
    }, {
      "id" : "s2-t21",
      "begin" : 376,
      "end" : 384,
      "text" : "employee",
      "whiteSpace" : false
    }, {
      "id" : "s2-t22",
      "begin" : 385,
      "end" : 387,
      "text" : "id",
      "whiteSpace" : false
    }, {
      "id" : "s2-t23",
      "begin" : 388,
      "end" : 390,
      "text" : "is",
      "whiteSpace" : false
    }, {
      "id" : "s2-t24",
      "begin" : 391,
      "end" : 397,
      "text" : "129056",
      "whiteSpace" : false
    } ]
  }, {
    "id" : "s3",
    "begin" : 399,
    "end" : 522,
    "text" : "I texted ever since the 1500s, when an unknown printer took a galley of type and scrambled it to make a type specimen book.",
    "tokens" : [ {
      "id" : "s3-t0",
      "begin" : 399,
      "end" : 400,
      "text" : "I",
      "whiteSpace" : false
    }, {
      "id" : "s3-t1",
      "begin" : 401,
      "end" : 407,
      "text" : "texted",
      "whiteSpace" : false
    }, {
      "id" : "s3-t2",
      "begin" : 408,
      "end" : 412,
      "text" : "ever",
      "whiteSpace" : false
    }, {
      "id" : "s3-t3",
      "begin" : 413,
      "end" : 418,
      "text" : "since",
      "whiteSpace" : false
    }, {
      "id" : "s3-t4",
      "begin" : 419,
      "end" : 422,
      "text" : "the",
      "whiteSpace" : false
    }, {
      "id" : "s3-t5",
      "begin" : 423,
      "end" : 428,
      "text" : "1500s",
      "whiteSpace" : false
    }, {
      "id" : "s3-t6",
      "begin" : 428,
      "end" : 429,
      "text" : ",",
      "whiteSpace" : false
    }, {
      "id" : "s3-t7",
      "begin" : 430,
      "end" : 434,
      "text" : "when",
      "whiteSpace" : false
    }, {
      "id" : "s3-t8",
      "begin" : 435,
      "end" : 437,
      "text" : "an",
      "whiteSpace" : false
    }, {
      "id" : "s3-t9",
      "begin" : 438,
      "end" : 445,
      "text" : "unknown",
      "whiteSpace" : false
    }, {
      "id" : "s3-t10",
      "begin" : 446,
      "end" : 453,
      "text" : "printer",
      "whiteSpace" : false
    }, {
      "id" : "s3-t11",
      "begin" : 454,
      "end" : 458,
      "text" : "took",
      "whiteSpace" : false
    }, {
      "id" : "s3-t12",
      "begin" : 459,
      "end" : 460,
      "text" : "a",
      "whiteSpace" : false
    }, {
      "id" : "s3-t13",
      "begin" : 461,
      "end" : 467,
      "text" : "galley",
      "whiteSpace" : false
    }, {
      "id" : "s3-t14",
      "begin" : 468,
      "end" : 470,
      "text" : "of",
      "whiteSpace" : false
    }, {
      "id" : "s3-t15",
      "begin" : 471,
      "end" : 475,
      "text" : "type",
      "whiteSpace" : false
    }, {
      "id" : "s3-t16",
      "begin" : 476,
      "end" : 479,
      "text" : "and",
      "whiteSpace" : false
    }, {
      "id" : "s3-t17",
      "begin" : 480,
      "end" : 489,
      "text" : "scrambled",
      "whiteSpace" : false
    }, {
      "id" : "s3-t18",
      "begin" : 490,
      "end" : 492,
      "text" : "it",
      "whiteSpace" : false
    }, {
      "id" : "s3-t19",
      "begin" : 493,
      "end" : 495,
      "text" : "to",
      "whiteSpace" : false
    }, {
      "id" : "s3-t20",
      "begin" : 496,
      "end" : 500,
      "text" : "make",
      "whiteSpace" : false
    }, {
      "id" : "s3-t21",
      "begin" : 501,
      "end" : 502,
      "text" : "a",
      "whiteSpace" : false
    }, {
      "id" : "s3-t22",
      "begin" : 503,
      "end" : 507,
      "text" : "type",
      "whiteSpace" : false
    }, {
      "id" : "s3-t23",
      "begin" : 508,
      "end" : 516,
      "text" : "specimen",
      "whiteSpace" : false
    }, {
      "id" : "s3-t24",
      "begin" : 517,
      "end" : 521,
      "text" : "book",
      "whiteSpace" : false
    }, {
      "id" : "s3-t25",
      "begin" : 521,
      "end" : 522,
      "text" : ".",
      "whiteSpace" : false
    } ]
  }, {
    "id" : "s4",
    "begin" : 523,
    "end" : 606,
    "text" : "I. my bank account no is 0877290001,bill id BB290\nMy date of birth is 15 June,1996.",
    "tokens" : [ {
      "id" : "s4-t0",
      "begin" : 523,
      "end" : 525,
      "text" : "I.",
      "whiteSpace" : false
    }, {
      "id" : "s4-t1",
      "begin" : 526,
      "end" : 528,
      "text" : "my",
      "whiteSpace" : false
    }, {
      "id" : "s4-t2",
      "begin" : 529,
      "end" : 533,
      "text" : "bank",
      "whiteSpace" : false
    }, {
      "id" : "s4-t3",
      "begin" : 534,
      "end" : 541,
      "text" : "account",
      "whiteSpace" : false
    }, {
      "id" : "s4-t4",
      "begin" : 542,
      "end" : 544,
      "text" : "no",
      "whiteSpace" : false
    }, {
      "id" : "s4-t5",
      "begin" : 545,
      "end" : 547,
      "text" : "is",
      "whiteSpace" : false
    }, {
      "id" : "s4-t6",
      "begin" : 548,
      "end" : 558,
      "text" : "0877290001",
      "whiteSpace" : false
    }, {
      "id" : "s4-t7",
      "begin" : 558,
      "end" : 563,
      "text" : ",bill",
      "whiteSpace" : false
    }, {
      "id" : "s4-t8",
      "begin" : 564,
      "end" : 566,
      "text" : "id",
      "whiteSpace" : false
    }, {
      "id" : "s4-t9",
      "begin" : 567,
      "end" : 572,
      "text" : "BB290",
      "whiteSpace" : false
    }, {
      "id" : "s4-t10",
      "begin" : 573,
      "end" : 575,
      "text" : "My",
      "whiteSpace" : false
    }, {
      "id" : "s4-t11",
      "begin" : 576,
      "end" : 580,
      "text" : "date",
      "whiteSpace" : false
    }, {
      "id" : "s4-t12",
      "begin" : 581,
      "end" : 583,
      "text" : "of",
      "whiteSpace" : false
    }, {
      "id" : "s4-t13",
      "begin" : 584,
      "end" : 589,
      "text" : "birth",
      "whiteSpace" : false
    }, {
      "id" : "s4-t14",
      "begin" : 590,
      "end" : 592,
      "text" : "is",
      "whiteSpace" : false
    }, {
      "id" : "s4-t15",
      "begin" : 593,
      "end" : 595,
      "text" : "15",
      "whiteSpace" : false
    }, {
      "id" : "s4-t16",
      "begin" : 596,
      "end" : 600,
      "text" : "June",
      "whiteSpace" : false
    }, {
      "id" : "s4-t17",
      "begin" : 600,
      "end" : 601,
      "text" : ",",
      "whiteSpace" : false
    }, {
      "id" : "s4-t18",
      "begin" : 601,
      "end" : 605,
      "text" : "1996",
      "whiteSpace" : false
    }, {
      "id" : "s4-t19",
      "begin" : 605,
      "end" : 606,
      "text" : ".",
      "whiteSpace" : false
    } ]
  }, {
    "id" : "s5",
    "begin" : 607,
    "end" : 737,
    "text" : "My aadhar no is 9000-9999-4344-4007\nThat a reader will be distracted by the readable content of a page when looking at its layout.",
    "tokens" : [ {
      "id" : "s5-t0",
      "begin" : 607,
      "end" : 609,
      "text" : "My",
      "whiteSpace" : false
    }, {
      "id" : "s5-t1",
      "begin" : 610,
      "end" : 616,
      "text" : "aadhar",
      "whiteSpace" : false
    }, {
      "id" : "s5-t2",
      "begin" : 617,
      "end" : 619,
      "text" : "no",
      "whiteSpace" : false
    }, {
      "id" : "s5-t3",
      "begin" : 620,
      "end" : 622,
      "text" : "is",
      "whiteSpace" : false
    }, {
      "id" : "s5-t4",
      "begin" : 623,
      "end" : 642,
      "text" : "9000-9999-4344-4007",
      "whiteSpace" : false
    }, {
      "id" : "s5-t5",
      "begin" : 643,
      "end" : 647,
      "text" : "That",
      "whiteSpace" : false
    }, {
      "id" : "s5-t6",
      "begin" : 648,
      "end" : 649,
      "text" : "a",
      "whiteSpace" : false
    }, {
      "id" : "s5-t7",
      "begin" : 650,
      "end" : 656,
      "text" : "reader",
      "whiteSpace" : false
    }, {
      "id" : "s5-t8",
      "begin" : 657,
      "end" : 661,
      "text" : "will",
      "whiteSpace" : false
    }, {
      "id" : "s5-t9",
      "begin" : 662,
      "end" : 664,
      "text" : "be",
      "whiteSpace" : false
    }, {
      "id" : "s5-t10",
      "begin" : 665,
      "end" : 675,
      "text" : "distracted",
      "whiteSpace" : false
    }, {
      "id" : "s5-t11",
      "begin" : 676,
      "end" : 678,
      "text" : "by",
      "whiteSpace" : false
    }, {
      "id" : "s5-t12",
      "begin" : 679,
      "end" : 682,
      "text" : "the",
      "whiteSpace" : false
    }, {
      "id" : "s5-t13",
      "begin" : 683,
      "end" : 691,
      "text" : "readable",
      "whiteSpace" : false
    }, {
      "id" : "s5-t14",
      "begin" : 692,
      "end" : 699,
      "text" : "content",
      "whiteSpace" : false
    }, {
      "id" : "s5-t15",
      "begin" : 700,
      "end" : 702,
      "text" : "of",
      "whiteSpace" : false
    }, {
      "id" : "s5-t16",
      "begin" : 703,
      "end" : 704,
      "text" : "a",
      "whiteSpace" : false
    }, {
      "id" : "s5-t17",
      "begin" : 705,
      "end" : 709,
      "text" : "page",
      "whiteSpace" : false
    }, {
      "id" : "s5-t18",
      "begin" : 710,
      "end" : 714,
      "text" : "when",
      "whiteSpace" : false
    }, {
      "id" : "s5-t19",
      "begin" : 715,
      "end" : 722,
      "text" : "looking",
      "whiteSpace" : false
    }, {
      "id" : "s5-t20",
      "begin" : 723,
      "end" : 725,
      "text" : "at",
      "whiteSpace" : false
    }, {
      "id" : "s5-t21",
      "begin" : 726,
      "end" : 729,
      "text" : "its",
      "whiteSpace" : false
    }, {
      "id" : "s5-t22",
      "begin" : 730,
      "end" : 736,
      "text" : "layout",
      "whiteSpace" : false
    }, {
      "id" : "s5-t23",
      "begin" : 736,
      "end" : 737,
      "text" : ".",
      "whiteSpace" : false
    } ]
  }, {
    "id" : "s6",
    "begin" : 738,
    "end" : 788,
    "text" : "The point of usingLorem Ipsum is that it has a m .",
    "tokens" : [ {
      "id" : "s6-t0",
      "begin" : 738,
      "end" : 741,
      "text" : "The",
      "whiteSpace" : false
    }, {
      "id" : "s6-t1",
      "begin" : 742,
      "end" : 747,
      "text" : "point",
      "whiteSpace" : false
    }, {
      "id" : "s6-t2",
      "begin" : 748,
      "end" : 750,
      "text" : "of",
      "whiteSpace" : false
    }, {
      "id" : "s6-t3",
      "begin" : 751,
      "end" : 761,
      "text" : "usingLorem",
      "whiteSpace" : false
    }, {
      "id" : "s6-t4",
      "begin" : 762,
      "end" : 767,
      "text" : "Ipsum",
      "whiteSpace" : false
    }, {
      "id" : "s6-t5",
      "begin" : 768,
      "end" : 770,
      "text" : "is",
      "whiteSpace" : false
    }, {
      "id" : "s6-t6",
      "begin" : 771,
      "end" : 775,
      "text" : "that",
      "whiteSpace" : false
    }, {
      "id" : "s6-t7",
      "begin" : 776,
      "end" : 778,
      "text" : "it",
      "whiteSpace" : false
    }, {
      "id" : "s6-t8",
      "begin" : 779,
      "end" : 782,
      "text" : "has",
      "whiteSpace" : false
    }, {
      "id" : "s6-t9",
      "begin" : 783,
      "end" : 784,
      "text" : "a",
      "whiteSpace" : false
    }, {
      "id" : "s6-t10",
      "begin" : 785,
      "end" : 786,
      "text" : "m",
      "whiteSpace" : false
    }, {
      "id" : "s6-t11",
      "begin" : 787,
      "end" : 788,
      "text" : ".",
      "whiteSpace" : false
    } ]
  }, {
    "id" : "s7",
    "begin" : 789,
    "end" : 881,
    "text" : "my address is flat 3,sector-2,tushy Road,Bihar,  where I have bought a bunglow of $9,076,372",
    "tokens" : [ {
      "id" : "s7-t0",
      "begin" : 789,
      "end" : 791,
      "text" : "my",
      "whiteSpace" : false
    }, {
      "id" : "s7-t1",
      "begin" : 792,
      "end" : 799,
      "text" : "address",
      "whiteSpace" : false
    }, {
      "id" : "s7-t2",
      "begin" : 800,
      "end" : 802,
      "text" : "is",
      "whiteSpace" : false
    }, {
      "id" : "s7-t3",
      "begin" : 803,
      "end" : 807,
      "text" : "flat",
      "whiteSpace" : false
    }, {
      "id" : "s7-t4",
      "begin" : 808,
      "end" : 809,
      "text" : "3",
      "whiteSpace" : false
    }, {
      "id" : "s7-t5",
      "begin" : 809,
      "end" : 818,
      "text" : ",sector-2",
      "whiteSpace" : false
    }, {
      "id" : "s7-t6",
      "begin" : 818,
      "end" : 824,
      "text" : ",tushy",
      "whiteSpace" : false
    }, {
      "id" : "s7-t7",
      "begin" : 825,
      "end" : 829,
      "text" : "Road",
      "whiteSpace" : false
    }, {
      "id" : "s7-t8",
      "begin" : 829,
      "end" : 830,
      "text" : ",",
      "whiteSpace" : false
    }, {
      "id" : "s7-t9",
      "begin" : 830,
      "end" : 835,
      "text" : "Bihar",
      "whiteSpace" : false
    }, {
      "id" : "s7-t10",
      "begin" : 835,
      "end" : 836,
      "text" : ",",
      "whiteSpace" : false
    }, {
      "id" : "s7-t11",
      "begin" : 838,
      "end" : 843,
      "text" : "where",
      "whiteSpace" : false
    }, {
      "id" : "s7-t12",
      "begin" : 844,
      "end" : 845,
      "text" : "I",
      "whiteSpace" : false
    }, {
      "id" : "s7-t13",
      "begin" : 846,
      "end" : 850,
      "text" : "have",
      "whiteSpace" : false
    }, {
      "id" : "s7-t14",
      "begin" : 851,
      "end" : 857,
      "text" : "bought",
      "whiteSpace" : false
    }, {
      "id" : "s7-t15",
      "begin" : 858,
      "end" : 859,
      "text" : "a",
      "whiteSpace" : false
    }, {
      "id" : "s7-t16",
      "begin" : 860,
      "end" : 867,
      "text" : "bunglow",
      "whiteSpace" : false
    }, {
      "id" : "s7-t17",
      "begin" : 868,
      "end" : 870,
      "text" : "of",
      "whiteSpace" : false
    }, {
      "id" : "s7-t18",
      "begin" : 871,
      "end" : 872,
      "text" : "$",
      "whiteSpace" : false
    }, {
      "id" : "s7-t19",
      "begin" : 872,
      "end" : 881,
      "text" : "9,076,372",
      "whiteSpace" : false
    } ]
  } ],
  "mentions" : [ {
    "id" : "s0-m1",
    "properties" : {
      "SIRE_MENTION_ROLE" : "Name",
      "SIRE_ENTITY_SUBTYPE" : "NONE",
      "SIRE_MENTION_TYPE" : "NONE",
      "SIRE_MENTION_CLASS" : "SPC"
    },
    "type" : "Name",
    "begin" : 13,
    "end" : 25,
    "inCoref" : false
  }, {
    "id" : "s0-m2",
    "properties" : {
      "SIRE_MENTION_ROLE" : "PanCard",
      "SIRE_ENTITY_SUBTYPE" : "NONE",
      "SIRE_MENTION_TYPE" : "NONE",
      "SIRE_MENTION_CLASS" : "SPC"
    },
    "type" : "PanCard",
    "begin" : 70,
    "end" : 80,
    "inCoref" : false
  }, {
    "id" : "s1-m1",
    "properties" : {
      "SIRE_MENTION_ROLE" : "Name",
      "SIRE_ENTITY_SUBTYPE" : "NONE",
      "SIRE_MENTION_TYPE" : "NONE",
      "SIRE_MENTION_CLASS" : "SPC"
    },
    "type" : "Name",
    "begin" : 165,
    "end" : 180,
    "inCoref" : false
  }, {
    "id" : "s2-m1",
    "properties" : {
      "SIRE_MENTION_ROLE" : "Company",
      "SIRE_ENTITY_SUBTYPE" : "NONE",
      "SIRE_MENTION_TYPE" : "NONE",
      "SIRE_MENTION_CLASS" : "SPC"
    },
    "type" : "Company",
    "begin" : 242,
    "end" : 253,
    "inCoref" : false
  }, {
    "id" : "s2-m3",
    "properties" : {
      "SIRE_MENTION_ROLE" : "MobileNo",
      "SIRE_ENTITY_SUBTYPE" : "NONE",
      "SIRE_MENTION_TYPE" : "NONE",
      "SIRE_MENTION_CLASS" : "SPC"
    },
    "type" : "MobileNo",
    "begin" : 309,
    "end" : 322,
    "inCoref" : false
  }, {
    "id" : "s2-m2",
    "properties" : {
      "SIRE_MENTION_ROLE" : "EmailId",
      "SIRE_ENTITY_SUBTYPE" : "NONE",
      "SIRE_MENTION_TYPE" : "NONE",
      "SIRE_MENTION_CLASS" : "SPC"
    },
    "type" : "EmailId",
    "begin" : 335,
    "end" : 351,
    "inCoref" : false
  }, {
    "id" : "s2-m4",
    "properties" : {
      "SIRE_MENTION_ROLE" : "EmployeeId",
      "SIRE_ENTITY_SUBTYPE" : "NONE",
      "SIRE_MENTION_TYPE" : "NONE",
      "SIRE_MENTION_CLASS" : "SPC"
    },
    "type" : "EmployeeId",
    "begin" : 391,
    "end" : 397,
    "inCoref" : false
  }, {
    "id" : "s4-m1",
    "properties" : {
      "SIRE_MENTION_ROLE" : "AccountNo",
      "SIRE_ENTITY_SUBTYPE" : "NONE",
      "SIRE_MENTION_TYPE" : "NONE",
      "SIRE_MENTION_CLASS" : "SPC"
    },
    "type" : "AccountNo",
    "begin" : 548,
    "end" : 558,
    "inCoref" : false
  }, {
    "id" : "s4-m2",
    "properties" : {
      "SIRE_MENTION_ROLE" : "DOB",
      "SIRE_ENTITY_SUBTYPE" : "NONE",
      "SIRE_MENTION_TYPE" : "NONE",
      "SIRE_MENTION_CLASS" : "SPC"
    },
    "type" : "DOB",
    "begin" : 593,
    "end" : 605,
    "inCoref" : false
  }, {
    "id" : "s5-m1",
    "properties" : {
      "SIRE_MENTION_ROLE" : "AadharCardNo",
      "SIRE_ENTITY_SUBTYPE" : "NONE",
      "SIRE_MENTION_TYPE" : "NONE",
      "SIRE_MENTION_CLASS" : "SPC"
    },
    "type" : "AadharCardNo",
    "begin" : 623,
    "end" : 642,
    "inCoref" : false
  }, {
    "id" : "s7-m2",
    "properties" : {
      "SIRE_MENTION_ROLE" : "Address",
      "SIRE_ENTITY_SUBTYPE" : "NONE",
      "SIRE_MENTION_TYPE" : "NONE",
      "SIRE_MENTION_CLASS" : "SPC"
    },
    "type" : "Address",
    "begin" : 808,
    "end" : 835,
    "inCoref" : false
  }, {
    "id" : "s7-m1",
    "properties" : {
      "SIRE_MENTION_ROLE" : "Price",
      "SIRE_ENTITY_SUBTYPE" : "NONE",
      "SIRE_MENTION_TYPE" : "NONE",
      "SIRE_MENTION_CLASS" : "SPC"
    },
    "type" : "Price",
    "begin" : 871,
    "end" : 881,
    "inCoref" : false
  } ],
  "relations" : [ ],
  "corefs" : [ ],
  "typeResolved" : true,
  "userResolved" : false
}