[ {
  "id" : "08ab5da0-3ce0-11e9-a384-4d0969022ab9-0",
  "name" : "data1.txt",
  "createdDate" : 0,
  "text" : "Dear Sir,bill id A1290 through software solutions which they are using in their organization \r\nMy name is mohan chauhan  simply dummy text of the printing and typesetting industry. Lorem Ipsum has been the industry's standard dummy\r\nmy email id is mohan@gmail.com\r\nI work at Reliance Industries\r\nmy date of birth is 18/07/1995\r\nmy employee id is 234989\r\n text ever since the 1500s, when an unknown printer took a galley of type and scrambled it to make a type specimen book. I\r\nmy bank account no is 0601230981\r\nmy mobile no is 9997868378\r\nmy aadhar no is 9568-4556-4344-4567\r\nmy pancard id is AAAPL1234C\r\nmy address is flat 34,sector-23,Boring road,Delhi\r\nI have bought a car of $80,038 \r\n\r\n \r\n",
  "status" : "SUBMITTED",
  "modifiedDate" : 1551527970031
}, {
  "id" : "0a1f91a0-3ce1-11e9-a326-59f5c5225732-0",
  "name" : "data24.txt",
  "createdDate" : 0,
  "text" : "Hello Sir,\n\nemail id : navn@gmail.com\nEmployeeId : 456196 \nPan Card No : OUNTL1900I\nname : Sadaf ashraf\nmy name is sanjeev kumar\nsimply dummy text of the printing and typesetting industry. Lorem Ipsum has been the industry's standard dummy I was born on 25th of may,1986\nmy company name is  IBM and I work here since 2016\n\nmy employee id is 109056\n text ever since the 1500s, when an unknown printer took a galley of type and scrambled it to make a type specimen book. I\nmy bank account no is 8800120091.bill id B5000.my aadhar no is 9999999943540007\nthat a reader will be distracted by the readable content of a page when looking at its layout. The point of using Audi is that it has a m.my address is flat 56,saqib Road,Pakistan\nI have bought a bunglow of Rs 76,372 \nmy mobile no is +91-9607991378\n",
  "status" : "SUBMITTED",
  "modifiedDate" : 1551530317552
}, {
  "id" : "0d580050-3ce1-11e9-a326-59f5c5225732-0",
  "name" : "data25.txt",
  "createdDate" : 0,
  "text" : "For monetry transactions\nbank account no : 7606666666\nContact detail are given below \n\nmobile no : +91-9002379999\nmy government details are given below\n\naadhar no : 9000-1111-4444-4666\npancard id : SHAPL1214C\n\nMy residential informations:\n\naddress : gwari mahal,Guwahati\n\nI am in great need for this job I can live anywhere\nwhat is your name\nMy name is shakshi singh\nI want a minimum salary of Rs1000.my email id is shilpa@IIITdmj.ac.in.I work at AllinOnE Industries.my date of birth is 08-12-1999\nemployee id : 904939\n",
  "status" : "SUBMITTED",
  "modifiedDate" : 1551530417602
}, {
  "id" : "11935580-3ce0-11e9-a384-4d0969022ab9-0",
  "name" : "data2.txt",
  "createdDate" : 0,
  "text" : "Hello Sir,my pancard id is ABNPL1739U\r\n through software solutions which they are using in their organization \r\nMy name is navneet chauhan  simply dummy text of the printing and typesetting industry. Lorem Ipsum has been the industry's standard dummy\r\nmy mobile no is 9007868378\r\nmy email id is navn@gmail.com\r\nI work at Oracle India\r\n\r\nmy employee id is 129056\r\n text ever since the 1500s, when an unknown printer took a galley of type and scrambled it to make a type specimen book. I\r\nmy bank account no is 0868290001\r\nbill id A1290\r\nmy date of birth is 15 June,1996\r\nmy aadhar no is 9000-9999-4344-4007\r\nthat a reader will be distracted by the readable content of a page when looking at its layout. The point of using Lorem Ipsum is that it has a m\r\nmy address is flat 3,sector-2,ABC Road,Mumbai\r\nI have bought a bunglow of $9,076,372 \r\n\r\n \r\n",
  "status" : "SUBMITTED",
  "modifiedDate" : 1551528091917
}, {
  "id" : "1217f960-3ce1-11e9-af06-cfe80a4f0ad0-0",
  "name" : "data26.txt",
  "createdDate" : 0,
  "text" : "respected sir,\r\n \r\nI want to make an transaction. But i am  facing some problem on this . My bank server is reject my credentials .\r\nMy bank account no ,mobile no are 1234567890, 9874561230, respectively.\r\nMy aadhar no,pancard,address are 9000-4511-4344-4567,SHAPL1214C,gwari mahal,Guwahati\r\nI am in great need for this job I can live anywhere\r\nMy name is shikha soni\r\nI want a minimum salary of Rs1000,my email id is shilpa@yahoo.com.I work at Google\r\nmy date of birth and employee id are 08-09-197, 904939\r\n",
  "status" : "SUBMITTED",
  "modifiedDate" : 1551530508392
}, {
  "id" : "15e3f580-3ce1-11e9-af06-cfe80a4f0ad0-0",
  "name" : "data27.txt",
  "createdDate" : 0,
  "text" : "Hello Sir,\r\ni am a residence of kurjee patna bihar,Please mail me at  raghu123@gmail.com through software solutions which they are using in their organization\r\nmy name is raphu kumar\r\n simply dummy text of the. \r\nplease check my employee details\r\nmy employee id is 119051\r\nmy bank account no is 14888888888\r\nbill id B1090\r\nmy aadhar no is 1230-9889-0344-4607\r\nto reach me contact at  +91-9607991378\r\n",
  "status" : "SUBMITTED",
  "modifiedDate" : 1551530562983
}, {
  "id" : "17c38060-3ce0-11e9-a384-4d0969022ab9-0",
  "name" : "data3.txt",
  "createdDate" : 0,
  "text" : "Hello Sir,\r\nemail id : navn@gmail.com\r\n EmployeeId is 456056 my Pan Card No is OUNTL1900I\r\n through software solutions which they are using in their organization\r\nmy name is sanjeev kumar\r\n simply dummy text of the printing and typesetting industry. Lorem Ipsum has been the industry's standard dummy I was born on 25 may,1986\r\nmy company name is  IBM and I work here\r\n\r\nmy employee id is 109056\r\n text ever since the 1500s, when an unknown printer took a galley of type and scrambled it to make a type specimen book. I\r\nmy bank account no is 7868120091\r\nbill id B1090\r\n\r\nmy aadhar no is 9000-9999-4344-4007\r\nthat a reader will be distracted by the readable content of a page when looking at its layout. The point of using Lorem Ipsum is that it has a m\r\nmy address is flat 3,Jay Road,Hyderabad\r\nI have bought a bunglow of $9,076,372 \r\n\r\nmy mobile no is 9607991378\r\n",
  "status" : "SUBMITTED",
  "modifiedDate" : 1551528182215
}, {
  "id" : "18babc30-3ce1-11e9-9a38-235c4e7dcc32-0",
  "name" : "data28.txt",
  "createdDate" : 0,
  "text" : "respected sir,\r\n \r\nI want to make an transaction. But i am  facing some problem on this . My bank server is reject my credentials .\r\nMy bank account no ,mobile no are 1234567890, 9874561230, respectively.\r\nMy aadhar no,pancard,address are 9000-4511-4344-4567,SHAPL1214C,gwari mahal,Guwahati\r\nI am in great need for this job I can live anywhere\r\nMy name is shikha soni\r\nI want a minimum salary of Rs1000,my email id is shilpa@yahoo.com.I work at Google\r\nmy date of birth and employee id are 08-09-197, 904939\r\n",
  "status" : "SUBMITTED",
  "modifiedDate" : 1551530639063
}, {
  "id" : "1bd542a0-3ce1-11e9-9a38-235c4e7dcc32-0",
  "name" : "data29.txt",
  "createdDate" : 0,
  "text" : "Hello Sir,\r\ni am a residence of kurjee patna bihar,Please mail me at  raghu123@gmail.com through software solutions which they are using in their organization\r\nmy name is raphu kumar\r\n simply dummy text of the printing and typesetting industry. Lorem Ipsum has been the industry's standard dummy I was born on 25 may,1986\r\n My company is very big my company name is  Uber and I work here\r\nplease check my employee details\r\nmy employee id is 119051\r\nmy bank account no is 14888888888\r\nbill id B1090\r\n\r\nmy aadhar no is 1230-9889-0344-4607\r\n\r\nto reach me contact at: my mobile no is 9607991378\r\n",
  "status" : "SUBMITTED",
  "modifiedDate" : 1551530713766
}, {
  "id" : "1f438e60-3ce1-11e9-9a38-235c4e7dcc32-0",
  "name" : "data30.txt",
  "createdDate" : 0,
  "text" : "Hello Sir,\r\nemail id : navn@gmail.com\r\n EmployeeId is 456056 my Pan Card No is OUNTL1900I\r\n through software solutions which they are using in their organization\r\nmy name is sanjeev kumar\r\n simply dummy text of the printing and typesetting industry. Lorem Ipsum has been the industry's standard dummy I was born on 25 may,1986\r\nmy company name is  IBM and I work here\r\n\r\nmy employee id is 109056\r\n text ever since the 1500s, when an unknown printer took a galley of type and scrambled it to make a type specimen book. I\r\nmy bank account no is 7868120091\r\nbill id B1090\r\n\r\nmy aadhar no is 9000-9999-4344-4007\r\nthat a reader will be distracted by the readable content of a page when looking at its layout. The point of using Lorem Ipsum is that it has a m\r\nmy address is flat 3,Jay Road,Hyderabad\r\nI have bought a bunglow of $9,076,372 \r\n\r\nmy mobile no is 9607991378\r\n",
  "status" : "SUBMITTED",
  "modifiedDate" : 1551530799809
}, {
  "id" : "22977450-3ce1-11e9-af06-cfe80a4f0ad0-0",
  "name" : "data31.txt",
  "createdDate" : 0,
  "text" : "Hello Sir,my pancard id is ABNPL1739U\r\n through software solutions which they are using in their organization \r\nMy name is navneet chauhan  simply dummy text of the printing and typesetting industry. Lorem Ipsum has been the industry's standard dummy\r\nmy mobile no is 9007868378\r\nmy email id is navn@gmail.com\r\nI work at Oracle India\r\n\r\nmy employee id is 129056\r\n text ever since the 1500s, when an unknown printer took a galley of type and scrambled it to make a type specimen book. I\r\nmy bank account no is 0868290001\r\nbill id A1290\r\nmy date of birth is 15 June,1996\r\nmy aadhar no is 9000-9999-4344-4007\r\nthat a reader will be distracted by the readable content of a page when looking at its layout. The point of using Lorem Ipsum is that it has a m\r\nmy address is flat 3,sector-2,ABC Road,Mumbai\r\nI have bought a bunglow of $9,076,372 \r\n\r\n \r\n",
  "status" : "SUBMITTED",
  "modifiedDate" : 1551530865750
}, {
  "id" : "b39fdf60-bd4d-11e7-af2d-855b67e2d9c7-0",
  "name" : "Chat001.txt",
  "createdDate" : 0,
  "text" : "Rep: This is Thomas. How can I help you?\nCaller: This is Alex. I want to change my plan to corporate plan\nRep: Sure, I can help you. Do you want to change the plan for the number from which you are calling now?\nCaller: yes\nRep: For verification purpose may I know your date of birth and email id\nCaller: My data of birth is 10-Aug-1979 and my email id is alex@gmail.com\nRep: Which plan do you want to migrate to\nCaller: Plan 450 unlimited\nRep: Can I have your company name and date of joining\nCaller: I work for IBM and doj 01-Feb-99\nRep: Ok.. I have taken your request to migrate plan to 450 unlimited. You will get an update in 3 hours. Is there anything else that I can help you with\nCaller: No\nRep: Thanks for calling Vodaphone. Have a good day.\nCaller: you too\n",
  "status" : "SUBMITTED",
  "modifiedDate" : 1551527392740
}, {
  "id" : "b39fdf60-bd4d-11e7-af2d-855b67e2d9c7-1",
  "name" : "Chat002.txt",
  "createdDate" : 0,
  "text" : "Rep: This is Shilpa. How can I help you?\nCaller: Hi Shilpa, This is Alex. I want to know that why there is no network from yesterday.\nRep: Sure, I can help you. Do you want to know about the network for the number from which you are calling now?\nCaller: yes\nRep: For verification purpose may I know your date of birth and email id\nCaller: My date of birth is 15th November 1989 and my email id is alex.champ@gmail.com\nRep: Sorry Sir, your due amount is pending from last 2 months, so your service is disconnected for some time.\nCaller: Ohh, is it?.. I want to submit the pending amount.\nRep: Ok Sir, Please tell me your company name and employee id\nCaller: I work for IBM and my employee id is 186009\nRep: Ok.. Just submit the remaining bill amount, your number will start working within 3 hours. Is there anything else that I may help you with\nCaller: No\nRep: Thanks for calling Vodaphone. Have a good day.\nCaller: you too\n",
  "status" : "SUBMITTED",
  "modifiedDate" : 1551527853513
}, {
  "id" : "b39fdf60-bd4d-11e7-af2d-855b67e2d9c7-10",
  "name" : "Chat011.txt",
  "createdDate" : 0,
  "text" : "Rep: This is Karthik. How can I help you?\nCaller: Hi, this is John. I wanted to request for cheque book.\nRep: Sure, I can help you.  For verification purpose may I know your date of birth and email id\nCaller: My date of birth is 19-Apr-89 and email is askme@yahoo.com\nRep: Thank you for providing the information. Can you verify your communication address\nCaller : #100, 3rd floor, ABC Apartments, BSK III  Stage, Bangalore-75\nRep: May i have your phone number\nCaller: 10101-01010\nRep : Thanks for providing the details. Your request will be processed shortly.\n",
  "status" : "SUBMITTED",
  "modifiedDate" : 1551527833783
}, {
  "id" : "b39fdf60-bd4d-11e7-af2d-855b67e2d9c7-11",
  "name" : "Chat012.txt",
  "createdDate" : 0,
  "text" : "Rep: This is Mohan. How can I help you?\nCaller: Hi, this is John. I wanted to request for pickup of car for service.\nRep: Sure, I can help you.  For verification purpose may I know your vehicle number, date of birth and email id to check for promo deals\nCaller: My vehicle number is KA-01-M-1111, date of birth is April 19th 1989 and email is askme@yahoo.com\nRep: I have pulled up the vehicle details. Can you verify your communication address for the vehicle pickup\nCaller : Plot 1/A, survey number 100/290/1, BTM II Stage, Bangalore\nRep: May i have your phone number\nCaller: 101-010-1010\nRep : Thanks for providing the details. Your vehicle will be picked up tomorrow.\n",
  "status" : "SUBMITTED",
  "modifiedDate" : 1551527817372
}, {
  "id" : "b39fdf60-bd4d-11e7-af2d-855b67e2d9c7-12",
  "name" : "Chat013.txt",
  "createdDate" : 0,
  "text" : "Rep: This is Mohan. How can I help you?\nCaller: Hi, this is John. I wanted to request for test drive of your newly launched vehicle.\nRep: Sure, I can help you. May i know your phone number and email id for the records\nCaller: My phone number is 1010-1010-10 and email is askme@yahoo.com\nRep: Thank you for providing the information. Can you verify your communication address for the vehicle to be sent across for test drive\nCaller : Site # 1, ABC road, JP  Nagar, Bangalore\nRep: May i have your date of birth to complete your profile\nCaller: 1989, 1st of March\nRep : Thanks for providing the details. Your test drive is scheduled for tomorrow.\n",
  "status" : "SUBMITTED",
  "modifiedDate" : 1551527801497
}, {
  "id" : "b39fdf60-bd4d-11e7-af2d-855b67e2d9c7-13",
  "name" : "Chat014.txt",
  "createdDate" : 0,
  "text" : "Rep: This is Vishal. How can I help you?\nCaller: This is Astha. I want to increase the data limit of my number.\nRep: Sure, Mam, I’ll help you. Do you want to add data for the number from which you are calling?\nCaller: yes, before that can you please tell me what is the current data limit with my plan?\nRep: Sure Mam. Let me check the details.\nRep: Mam, it is 300 MB per month. How much data you need 1GB/2GB?\nCaller: I want 1GB per month.\nRep: Sure Mam. Can you please tell your date of birth, it is required for verification purpose.\nCaller: ok, it is 7th February 1990\nRep: and your email id is?\nCaller: it is astha123@gmail.com\nRep: Mam, as you are using corporate plan, please confirm your office name and employee ID.\nCaller: Sure, Company name is IBM and employee ID is 890031.\nRep: Thank you for verification. Wait a min..\nRep: Ok.. I have raised a service request to increase data limit for your number. You will get an update within 24 hours. Is there anything else that I can help you with\nCaller: No\nRep: Thanks for calling Vodafone. Have a good day.\n",
  "status" : "SUBMITTED",
  "modifiedDate" : 1551527789638
}, {
  "id" : "b39fdf60-bd4d-11e7-af2d-855b67e2d9c7-14",
  "name" : "Chat015.txt",
  "createdDate" : 0,
  "text" : "Rep: This is Priya. How can I help you?\nCaller: This is Anand. I want to add Aadhaar number for my number.\nRep: Sure, Sir, I’ll help you. Tell me the number for which you want to add Aadhaar number.\nCaller: 123456789\nRep: Can you please tell your date of birth, it is required for verification purpose.\nCaller: ok, it is 10th September 1989\nRep: and your email id is?\nCaller: it is anand123@gmail.com\nRep: Thank you for verification. Tell me your Aadhaar Number.\nCaller: 123412341234\nRep: Ok.. I have raised a service request to add aadhaar number for your number. You will get an update in 3 hours. Is there anything else that I can help you with\nCaller: No\nRep: Thanks for calling Vodafone. Have a good day.\n",
  "status" : "SUBMITTED",
  "modifiedDate" : 1551527761655
}, {
  "id" : "b39fdf60-bd4d-11e7-af2d-855b67e2d9c7-15",
  "name" : "Chat016.txt",
  "createdDate" : 0,
  "text" : "Rep: This is Payal. How can I help you?\nCaller: This is Ankur. I want to take the dongle, could you please let me know the related offer and rate. I am looking for corporate plan.\nRep: Sure, Sir, I’ll help you. Which company Sir?\nCaller: It’s IBM.\nRep: ok. For IBM we do provide 4G Dongle of Rs. XXX.\nCaller: Please provide me more details like data limit and speed.\nRep: Sure, it is 1GB/day free and post that it is chargeable. It provides 4G Speed.\nCaller: I would like to order it.\nRep: Sure Sir. We need your details to fill-in the form.\nCaller: ok\nRep: Your name?\nCaller: Ankur ABC\nRep: Your date of birth is\nCaller: it is 23rd May 1987\nRep: and your official email id is?\nCaller: it is ankur@in.ibm.com\nRep: please confirm your company name, is it IBM?\nCaller: yes.\nRep: and your employee id is:\nCaller: employee ID is 800011\nRep: Please tell your address\nCaller: Its IBM India Pvt Ltd, EGL, Bangalore\nRep: Thank you for providing the details. Service request has been raised for the same. You will get a verification call in 3 hours. and then it will be delivered to you.\nRep: Is there anything else that I can help you with\nCaller: No\nRep: Thanks for calling Vodafone. Have a good day.\n",
  "status" : "SUBMITTED",
  "modifiedDate" : 1551527733801
}, {
  "id" : "b39fdf60-bd4d-11e7-af2d-855b67e2d9c7-2",
  "name" : "Chat003.txt",
  "createdDate" : 0,
  "text" : "Rep: This is Priya. How can I help you?\nCaller: Hi, My name is Peter. I would like to request a change of address for my account.\nRep: Sure, I can help you.  For verification purpose may I know your date of birth and email id\nCaller: My date of birth is tenth of August  nineteen seventy nine and my email id is peter@gmail.com.\nRep: Thank you for providing the information. We require the address proof to change the information. Please visit the nearest Vodafone customer care center with a proof of the new address. It will be immediately taken care.\nCaller: Thank you. I will do that.\nRep: Is there anything else that I can help you with\nCaller: No\nRep: Thanks for calling Vodaphone. Have a good day.\nCaller: you too\n",
  "status" : "SUBMITTED",
  "modifiedDate" : 1551527715388
}, {
  "id" : "b39fdf60-bd4d-11e7-af2d-855b67e2d9c7-3",
  "name" : "Chat004.txt",
  "createdDate" : 0,
  "text" : "Rep: This is Priya. How can I help you?\nCaller: This is Anand. I wanted to report an network issue at my home.\nRep: Sure, I can help you.  For verification purpose may I know your date of birth and email id\nCaller: It is August tenth nineteen seventy nine and my email id is anand@gmail.com\nRep: Thanks for the information. Could you explain the problem.\nCaller: The mobile network signal is unstable resulting in call drops and bad audio.\nRep: Can you confirm your home address.\nCaller: Four thirty, Thirty sixth cross, Jayangar fourth block, Bangalore.\nRep:Thank you for confirming sir. We will send a technician to check the signal strength and availability at your location. Is there anything else that I can help you with\nCaller: No\nRep: Thanks for calling Vodaphone. Have a good day.\nCaller: you too\n",
  "status" : "SUBMITTED",
  "modifiedDate" : 1551527519893
}, {
  "id" : "b39fdf60-bd4d-11e7-af2d-855b67e2d9c7-4",
  "name" : "Chat005.txt",
  "createdDate" : 0,
  "text" : "Rep: This is Priya. How can I help you?\nCaller: This is John. There is an issue in the billing for this month.\nRep: Sure, I can help you.  For verification purpose may I know your date of birth and email id\nCaller: It is nineteen seventy nine August tenth and my email id is john@gmail.com\nRep: Thanks for the information. Could you explain the problem.\nCaller: There is a charge for caller tune service that I did not request.\nRep: This is added by default. I can take a request to remove the addition.\nCaller: Sure, could you remove it and correct my billing.\nRep:The changes will be reflected in next months bill. Is there anything else that I can help you with\nCaller: No\nRep: Thanks for calling Vodaphone. Have a good day.\nCaller: you too\n",
  "status" : "SUBMITTED",
  "modifiedDate" : 1551527697764
}, {
  "id" : "b39fdf60-bd4d-11e7-af2d-855b67e2d9c7-5",
  "name" : "Chat006.txt",
  "createdDate" : 0,
  "text" : "Cust: Hi this is Pinto here calling from Bangalore\nTech Rep: This is intu from Tikona Technical support Sir, how can I help you today\nCust: My Broadband is not connecting. Can you help resolve\nTech: Sure Sir, let me confirm your Customer ID.. it is 128976 and your address is No 18, 19th Cross, Hebbal, Bangalore 56\nCust: Yes correct\nTech: And I am talking to Mr.Pinto\nCust: Yes its me\nTech: Can I confirm that your Modem is connected and the power is ON\nCust: Yes it is\nTech: Can you switch off the modem and wait for 20 secs and power it back. I will stay on call while you do that?\nCust: Ok I am doing that.... ok I have just restarted the modem\nTech: Thank you, please wait a few mins while I diognise your connection\nCust: ok\nTech: Can you please try to login now Sir?\nCust: Ok, I am going to the login to my broadband account now. Yes, now I am able to login\nCust: Now let me check if I am able to browse the internet.. Yes, I could navigate to google.com. Seems its working now\nTech: Great, is there anything I can do for you today Sir\nCust: No.. thats it thanks very much\nTech: Thank you Sir have a wonderful day\n",
  "status" : "SUBMITTED",
  "modifiedDate" : 1551527503932
}, {
  "id" : "b39fdf60-bd4d-11e7-af2d-855b67e2d9c7-6",
  "name" : "Chat007.txt",
  "createdDate" : 0,
  "text" : "Rep: This is Priya. How can I help you?\nCaller: This is Anand. I want to change my plan to corporate plan\nRep: Sure, I can help you. Do you want to change the plan for the number from which you are calling now?\nCaller: yes\nRep: For verification purpose may I know your date of birth and email id\nCaller: My data of birth is 10th August 1979 and my email id is anand@gmail.com\nRep: Which plan do you want to migrate to\nCaller: Plan 450 unlimited\nRep: Can I have your company name and employee id\nCaller: I work for IBM and my employee id is 12345\nRep: Ok.. I have taken your request to migrate plan to 450 unlimited. You will get an update in 3 hours. Is there anything else that I can help you with\nCaller: No\nRep: Thanks for calling Vodaphone. Have a good day.\nCaller: you too\n",
  "status" : "SUBMITTED",
  "modifiedDate" : 1551527446213
}, {
  "id" : "b39fdf60-bd4d-11e7-af2d-855b67e2d9c7-7",
  "name" : "Chat008.txt",
  "createdDate" : 0,
  "text" : "Rep: Welcome to Vodaphone. This is Santosh. How can I help you\nCaller: I want to change my address\nRep: For which number sir\nCaller: 123456789\nRep: For verification may I know your name and email id\nCaller: My name is Randeep\nRep: And email id?\nCaller: Randeep@rediffmail.com\nRep: Thank you for providing the information. So you need to change your address right\nCaller: yes\nRep: May I know your new address please\nCaller: My new address is flat 1564, sarvodaya heights, 4T cross, Jayanagar, Bengaluru - 560020\nRep: I have taken your request to update the address. For validation please send scanned copy of your address proof to customercare@vodaphone.com\nCaller: Ok, I will send\nRep: Is there anything else that I can help you with.\nCaller: No thanks\nRep: Have a good day\n",
  "status" : "SUBMITTED",
  "modifiedDate" : 1551527431535
}, {
  "id" : "b39fdf60-bd4d-11e7-af2d-855b67e2d9c7-8",
  "name" : "Chat009.txt",
  "createdDate" : 0,
  "text" : "Rep: Welcome to Vodaphone. This is Sanjay. How can I help you\nCaller: My billing is incorrect\nRep: May I have your phone number please\nCaller: Yes, my phone number is 8765453213\nRep: Who is this number registered to\nCaller: Amit\nRep: For verification can you confirm your date of birth and email id\nCaller: Date of birth is 20 July 1980 and email is amit@whatever.com\nRep: What's the issue in billing\nCaller: I am charged for data pack whereas I had requested for unsubscribing from data pack a month back\nRep: Apologies sir I will check Can I place your call on hold for a minute please?\nCaller: yes\nRep: Thanks\nRep: Yes, there seems to be an issue I will initiate reversal of data charges\nCaller: Thanks Can I get a hard copy of the bill to my address please?\nRep: Please confirm your address\nCaller: My address is house no 13, Block 2, nandini layout, Bengaluru - 560016\nRep: I have taken your request for paper bill which you will get it in a week\nCaller: ok\nRep: Is there anything else that I can help you with\nCaller: no\nRep: Thanks. Have a good day.. Bye\n",
  "status" : "SUBMITTED",
  "modifiedDate" : 1551527421449
}, {
  "id" : "b39fdf60-bd4d-11e7-af2d-855b67e2d9c7-9",
  "name" : "Chat010.txt",
  "createdDate" : 0,
  "text" : "Rep: Thanks for calling Vodaphone. This is Monica. How can I help you\nCaller: I want to migrate to a different service provider\nRep: Sorry to hear that sir but why do you want to migrate\nCaller: Signal is bad and service is pathetic\nRep: Signal is bad at any specific location or everywhere sir?\nCaller: It's bad at my home\nRep: Can a representative visit your place to check what is the issue?\nCaller: Yes\nRep: For verification can you let me know your name, email id and date of birth\nCaller: my name's Abdul email id is adbul@hotmail.com and data of birth is 9th march 1988\nRep: Thank you Can you confirm your home address please?\nCaller: My home address is #35, 5th corss, 2nd main, Kalyan Nagar, Bengaluru - 560043\nRep: A represetative will call you and visit your place to check signal issues and address your concern\nCaller: Hope the issue will be resolved\nRep: We will do our best sir\nCaller: Thanks\nRep: Is there anything that I can help you with\nCaller: No\nRep: Than you for calling and have a good day sir\n",
  "status" : "SUBMITTED",
  "modifiedDate" : 1551527408135
}, {
  "id" : "c157d310-3ce0-11e9-9a38-235c4e7dcc32-0",
  "name" : "data4.txt",
  "createdDate" : 0,
  "text" : "Hello Sir,\r\nwhere do you live I live at is nala Road, lucknow\r\nI have bought this for $76,372\r\nemail id : gagan@gmail.com\r\n through software solutions which they are using in their organization\r\nmy name is gagan kumar\r\n simply dummy text of the printing and typesetting industry. Lorem Ipsum has been the industry's standard dummy I was born on 25 may,1986\r\n My company is very big my company name is  Uber and I work here\r\nplease check my employee details\r\nmy employee id is 119051\r\nmy bank account no is 1450120091\r\nbill id B1090\r\n\r\nmy aadhar no is 1230-9889-0344-4607\r\n\r\nto reach me contact at: my mobile no is 9607991378\r\n",
  "status" : "SUBMITTED",
  "modifiedDate" : 1551528278173
}, {
  "id" : "c8dfc5c0-3ce0-11e9-9a38-235c4e7dcc32-0",
  "name" : "data5.txt",
  "createdDate" : 0,
  "text" : "For monetry transactions\r\nmy bank account no is 7606238989\r\nPlease contact me here: all my personal details are attached here\r\nmy mobile no is 9002378461\r\nfor my government details see here\r\nmy aadhar no is 9000-4511-4344-4567\r\nmy pancard id is SHAPL1214C\r\nI live here\r\nmy address is gwari mahal,Guwahati\r\nI am in great need for this job I can live anywhere\r\nwhat is your name\r\nMy name is shilpa singh\r\nI want a minimum salary of $1000\r\nmy email id is shilpa@gmail.com\r\nI work at AllinOnE Industries\r\nmy date of birth is 08-09-1975\r\nmy employee id is 904939\r\n",
  "status" : "SUBMITTED",
  "modifiedDate" : 1551528353111
}, {
  "id" : "ccbdc340-3ce0-11e9-9a38-235c4e7dcc32-0",
  "name" : "data6.txt",
  "createdDate" : 0,
  "text" : "Hello sir,\r\nPlease find my comlaint details here\r\nmy pancard id is BGRPL8034C\r\nmy address is house 34,Gandhi road,London\r\nI have bought mercedes benz for $12000\r\nMy name Arjun rawat and my work flow is smoooth i belong to mechanical department\r\nmy email id is arjun22@gmail.com\r\nI make rockets at Barc Industries\r\nmy date of birth is 11/08/1990\r\nTo know about my work and government ids\r\nmy employee id is 234000\r\nmy bank account no is 4321230981\r\nmy mobile no is 9097812345\r\nmy Aadhar acrd no is 9555-7777-4344-4567\r\n",
  "status" : "SUBMITTED",
  "modifiedDate" : 1551528708041
}, {
  "id" : "cfa1a950-3ce0-11e9-9a38-235c4e7dcc32-0",
  "name" : "data7.txt",
  "createdDate" : 0,
  "text" : "Good Morning sir,\r\nPlease see that my details are very confidentail\r\nplease verify the same\r\nmy bank account no is 2009230189\r\nmy mobile no is 7224868378\r\nContrary to popular belief, Lorem Ipsum is not simply random text\r\nIt has roots in a piece of classical Latin literature from 45 BC, making it over 2000 yea\r\nmy aadhar no is 1598-4556-4344-0090\r\nmy pancard id is VTRPLO234C\r\nmy address is new Valley,California\r\nMy salary is ver low $123 only\r\nI work at Infosys Industries\r\nmy date of birth is 01/01/1999\r\ntell me yoyr name and email details\r\nmy employee id is 134000\r\nMy name is Rahul Gupta\r\nmy email id is rahul78@gmail.com\r\n",
  "status" : "SUBMITTED",
  "modifiedDate" : 1551528810449
}, {
  "id" : "d2f28200-3ce0-11e9-9a38-235c4e7dcc32-0",
  "name" : "data8.txt",
  "createdDate" : 0,
  "text" : "Dear Sir,\r\nI am the top employee of this company\r\nMy name is anurag kumar\r\nI am a django developer\r\nmy email id is anurag@gmail.com\r\nI work at a very big company\r\nI work at OlX India\r\nmy birthday is on 18 January,1995\r\nTo know my employee details and to contact me see below\r\nmy employee id is 098765\r\nTo know my pancard details see below\r\nmy pancard id is UTPL0031C\r\nmy address is Mall Road, Chennai\r\nThanking you,\r\nYour's Respectfully\r\nAnurag\r\n",
  "status" : "SUBMITTED",
  "modifiedDate" : 1551528866404
}, {
  "id" : "d60df2d0-3ce0-11e9-9a38-235c4e7dcc32-0",
  "name" : "data9.txt",
  "createdDate" : 0,
  "text" : "This is Vini thakur.\r\nhow can i help you?\r\n Hi, this is John.\r\nI wanted to request for pickup of car service\r\nSure, I can help you.\r\nFor verification purpose may I know your aadhar number, date of birth and\r\nemail id to check for promo deals Caller: Aadhar nummber is 858-0556-4344-4567,\r\ndate of birth is April 8th 1989 and email is vivi@yahoo.com\r\nRep: I have pulled up the aadhar details.\r\ncan you verify communication address for the Car pickup Caller: Plot 2/S BTM II Stage,\r\nBangalore\r\nRep: May I have your phone number Caller : 9090343490\r\nRep:Thanks for providing the details.\r\nYour vehicle will be picked up tommorow\r\n",
  "status" : "SUBMITTED",
  "modifiedDate" : 1551528922666
}, {
  "id" : "daf80920-3ce0-11e9-a384-4d0969022ab9-0",
  "name" : "data10.txt",
  "createdDate" : 0,
  "text" : "Dear Sir,\r\nMy name is Gaurav I am from Alpha Company. I am a good machine learning Engineer\r\nmy email id is gaurav4@gmail.com and my date of birth is 19/0/1995\r\nfor giving me an salary my bank account no is 6011230981\r\nPlease contact me at my mobile no is 9217480378\r\nFor my verification my aadhar no is 9008-4556-4344-0067\r\nIncome gst can be refered from my pancard id which is AAAPL1234C\r\nI live at sector-23,ring Road,Jabalpur\r\nMy salary is $8,038 and I hope you will litsen to my complaints and take necessary actions\r\nthanking you,\r\nyour's respectfully,\r\nGaurav\r\n",
  "status" : "SUBMITTED",
  "modifiedDate" : 1551529020044
}, {
  "id" : "e3009d80-3ce0-11e9-9a38-235c4e7dcc32-0",
  "name" : "data11.txt",
  "createdDate" : 0,
  "text" : "Dear Sir,\r\nMy name is John I am from Amazon Australia. I am a good Software Developer.\r\nmy email id is john04@yahoo.com and my date of birth is 8 August,1985\r\nfor giving me an salary my bank account no is 8122230981\r\nPlease contact me at my mobile no is 9217480000\r\nFor my verification my aadhar no is 8008-1556-1144-0011\r\nIncome gst can be refered from my pancard id which is HJKPL1234T\r\nI live at Block 2,Jolly Road,Brisbane\r\n I hope you will litsen to my complaints and take necessary actions\r\nthanking you,\r\nyour's respectfully,\r\nGaurav\r\n",
  "status" : "SUBMITTED",
  "modifiedDate" : 1551529214456
}, {
  "id" : "e6395a50-3ce0-11e9-9a38-235c4e7dcc32-0",
  "name" : "data12.txt",
  "createdDate" : 0,
  "text" : "Dear Sir,\r\nMy name is swati I am from Dell . I am a PHP Developer.\r\nmy email id is swati12@yahoo.com and my date of birth is 8 July,1985 My bank name is Icici bank\r\nfor giving me an salary my bank account no is 8121234567\r\nPlease contact me at my mobile no is 8217480009\r\nmy hobbies are singing, playing football, laughing at comedy movies\r\nFor my verification my aadhar no is 1008-1880-1664-0099\r\nIncome gst can be refered from my pancard id is HTTTL1234P\r\nI live at Block 9,Jk Colony,New Zealand\r\nyour's respectfully,\r\nswati\r\n",
  "status" : "SUBMITTED",
  "modifiedDate" : 1551529276437
}, {
  "id" : "e9640d60-3ce0-11e9-9a38-235c4e7dcc32-0",
  "name" : "data13.txt",
  "createdDate" : 0,
  "text" : "Dear Sir,\r\nmy hobbies are singing, playing football, laughing at comedy movies\r\nFor my verification my aadhar no is 4567-0000-1664-0019\r\nIncome gst can be refered from my pancard id is FFTTL1234P\r\nI live at villa 1,North coast,South Africa\r\nyour's respectfully,\r\nemilly\r\nMy name is emilly  I am from HP SA . I am a Java Developer.\r\nmy email id is emilly67@yahoo.com and my date of birth is 8 December,1999 My bank name is Indusland bank\r\nfor giving me an salary my bank account no is 8121234567\r\nPlease contact me at my mobile no is 8217480009\r\n",
  "status" : "SUBMITTED",
  "modifiedDate" : 1551529355135
}, {
  "id" : "ec3a5ee0-3ce0-11e9-af06-cfe80a4f0ad0-0",
  "name" : "data14.txt",
  "createdDate" : 0,
  "text" : "Dear Sir,\r\nLorem Ipsum is simply dummy text of the printing and typesetting industry. Lorem Ipsum has been the industry's standard dummy text ever since the 1500s, when an unknown printer took a galley of type and scrambled it to make a type specimen book. It has survived not only five centuries, but also the leap into electronic typesetting, remaining essentially unchanged. It was popularised in the 1960s with the release of Letraset sheets containing Lorem Ipsum passages, and more recently with desktop publishing software like Aldus PageMaker including versions of Lorem Ipsum.\r\n\r\nFor my verification my aadhar no is 0887-9090-1064-0011\r\nIncome gst can be refered from my pancard id is IITTL0234O\r\nI live at Avenue2,South coast,Kenya\r\n\r\nMy name is Kishan  I work at OLA cabs . I am a Python Developer.\r\nmy email id is kishan67@gmail.com and my date of birth is 08/08/1999 My bank name is Indusland bank\r\nfor giving me an salary my bank account no is 5021234567\r\nPlease contact me at my mobile no is 9017480055\r\n",
  "status" : "SUBMITTED",
  "modifiedDate" : 1551529497065
}, {
  "id" : "ef260d20-3ce0-11e9-9a38-235c4e7dcc32-0",
  "name" : "data15.txt",
  "createdDate" : 0,
  "text" : "Dear Sir,\r\nGoogle is a free and open source software wiki package written in PHP, originally for use on Wikipedia. It is now also used by several other projects of the non-profit Wikimedia Foundation\r\nand by many other wikis, including this website, the home of MediaWiki.\r\nMy name is selena I work at Acer Company . I am a Frontend Developer.\r\nmy email id is selena11@gmail.com and my date of birth is 10 June,1988 My bank name is Icici bank\r\nfor giving me an salary my bank account no is 8121230067\r\nPlease contact me at my mobile no is 9917481119\r\nmy hobbies are singing, playing football, laughing at comedy movies\r\nI will mail you soon\r\nI live at Block 2,II Colony,Sri lanka\r\nyour's respectfully,\r\nselena\r\n",
  "status" : "SUBMITTED",
  "modifiedDate" : 1551529728364
}, {
  "id" : "f24a0970-3ce0-11e9-a384-4d0969022ab9-0",
  "name" : "data16.txt",
  "createdDate" : 0,
  "text" : "Dear Sir,bill id A1290 throught the session\r\nMy name is sadaf and I am a girl\r\nmy email id is mohan@gmail.com\r\n text ever since the 1500s, when an unknown printer took a galley of type and scrambled it to make a type specimen book. I\r\nmy bank account no is 0601230981\r\nmy mobile no is 9997868378\r\nmy aadhar no is 9568-4556-4344-4567\r\nmy pancard id is AAAPL1234C\r\nmy address is flat 34,sector-23,Boring road,Delhi\r\nI have bought a car of $80,038\r\n",
  "status" : "SUBMITTED",
  "modifiedDate" : 1551529798252
}, {
  "id" : "f7d25b90-3ce0-11e9-9a38-235c4e7dcc32-0",
  "name" : "data21.txt",
  "createdDate" : 0,
  "text" : "Dear Sir,\r\nmy bill id A1290 through software solutions which they are using in their organization \r\nMy name is mohan chauhan  simply dummy text of the printing and typesetting industry. Lorem Ipsum has been the industry's standard dummy\r\nmy email id is mohan@gmail.com\r\nI work at Reliance Industries\r\nmy date of birth is 18/07/1995\r\nmy employee id is 234989\r\n text ever since the 1500s, when an unknown printer took a galley of type and scrambled it to make a type specimen book. I\r\nmy bank account no is 0601230981\r\nmy mobile no is 9997868378\r\nmy aadhar no is 9568-4556-4344-4567\r\nmy pancard id is AAAPL1234C\r\nmy address is flat 34,sector-23,Boring road,Delhi\r\nI have bought a car of $80,038 \r\n\r\n \r\n",
  "status" : "SUBMITTED",
  "modifiedDate" : 1551530874308
}, {
  "id" : "fb75c110-3ce0-11e9-9a38-235c4e7dcc32-0",
  "name" : "data22.txt",
  "createdDate" : 0,
  "text" : "Dear Sir,\nmy bill id A120090 through software solutions which they are using in their organization \nMy name is mohan chauhan  simply dummy text of the printing and typesetting industry. Lorem Ipsum has been the industry's standard dummy\n\nmy email id is mohan@gmail.com.I work at Reliance Industries.my date of birth is 18/07/1995.my employee id is 234989.text ever since the 1500s, when an unknown printer took a galley of type and scrambled it to make a type specimen book. \nbank account no is 0601230981\n\n mobile no : 9997868378\n\n aadhar no : 9568-4556-4344-4567\n\n pancard id : AAAPL1234C\n\n address : flat 34,sector-23,Boring road,Delhi\n\nI have bought a car of $80,038 \n\n \n",
  "status" : "SUBMITTED",
  "modifiedDate" : 1551530047899
}, {
  "id" : "ff10e930-3ce0-11e9-a384-4d0969022ab9-0",
  "name" : "data23.txt",
  "createdDate" : 0,
  "text" : "Hello Sir,\nI,Saurav Kumar, am a student of PDPM IIIT.My pancard id is ABNPL1739U through software solutions which they are using in their organization. \n\nMy name is navneet chauhan  simply dummy text of the printing and typesetting industry. Lorem Ipsum has been the industry's standard dummy.my mobile no is 9007868378.My email id is navn@gmail.com.I work at Oracle India.My employee id is 129056\n\nI texted ever since the 1500s, when an unknown printer took a galley of type and scrambled it to make a type specimen book. I. my bank account no is 0877290001,bill id BB290\nMy date of birth is 15 June,1996. My aadhar no is 9000-9999-4344-4007\nThat a reader will be distracted by the readable content of a page when looking at its layout. The point of usingLorem Ipsum is that it has a m . my address is flat 3,sector-2,tushy Road,Bihar,  where I have bought a bunglow of $9,076,372 \n\n \n",
  "status" : "SUBMITTED",
  "modifiedDate" : 1551530167944
} ]